Date,historical_99,normal_99,ewma_99,garch_t_99,historical_95,normal_95,ewma_95,garch_t_95,portfolio_return
2010-01-05,,,,,,,,,0.00288117637819556
2010-01-06,,,,,,,,,-0.0018414251721879935
2010-01-07,,,,,,,,,0.002268783368067884
2010-01-08,,,,,,,,,0.0017503266725546474
2010-01-11,,,,,,,,,0.001645671774617719
2010-01-12,,,,,,,,,-0.003537611671097907
2010-01-13,,,,,,,,,0.003701811208775641
2010-01-14,,,,,,,,,0.006397906041672152
2010-01-15,,,,,,,,,-0.0060052064739627336
2010-01-19,,,,,,,,,0.0077599360079848145
2010-01-20,,,,,,,,,-0.007014580713700958
2010-01-21,,,,,,,,,-0.01276409999991577
2010-01-22,,,,,,,,,-0.014088611526697315
2010-01-25,,,,,,,,,0.0029002588926257404
2010-01-26,,,,,,,,,-0.003004520059321503
2010-01-27,,,,,,,,,0.001564813629231854
2010-01-28,,,,,,,,,-0.0073426748698840255
2010-01-29,,,,,,,,,-0.0042237860203872555
2010-02-01,,,,,,,,,0.009403608853655666
2010-02-02,,,,,,,,,0.009453042735380234
2010-02-03,,,,,,,,,-0.008542305916625526
2010-02-04,,,,,,,,,-0.01935992378310788
2010-02-05,,,,,,,,,0.0034421736793117446
2010-02-08,,,,,,,,,-0.0072750578634555255
2010-02-09,,,,,,,,,0.006179462728891839
2010-02-10,,,,,,,,,-0.004359981779714861
2010-02-11,,,,,,,,,0.006347408997669724
2010-02-12,,,,,,,,,0.0011370687439186122
2010-02-16,,,,,,,,,0.014325057732212643
2010-02-17,,,,,,,,,-0.0008263669359000021
2010-02-18,,,,,,,,,0.003875104373297989
2010-02-19,,,,,,,,,0.0014327580596273039
2010-02-22,,,,,,,,,-0.0010968991861302509
2010-02-23,,,,,,,,,-0.003438451129643905
2010-02-24,,,,,,,,,0.005570247170340204
2010-02-25,,,,,,,,,0.0018044131299493782
2010-02-26,,,,,,,,,0.003400212400028158
2010-03-01,,,,,,,,,0.0056533612864208
2010-03-02,,,,,,,,,0.002965572478125878
2010-03-03,,,,,,,,,0.001080864740299592
2010-03-04,,,,,,,,,0.0024416639045496407
2010-03-05,,,,,,,,,0.006432192497307033
2010-03-08,,,,,,,,,-0.0013186849504943751
2010-03-09,,,,,,,,,0.0005845790025836295
2010-03-10,,,,,,,,,0.0011875083248511166
2010-03-11,,,,,,,,,0.0038668500641890315
2010-03-12,,,,,,,,,0.0027702495473074457
2010-03-15,,,,,,,,,-0.0008437026834653971
2010-03-16,,,,,,,,,0.01114407303451881
2010-03-17,,,,,,,,,0.004943690019430025
2010-03-18,,,,,,,,,-0.001632265402464339
2010-03-19,,,,,,,,,-0.005703629567374746
2010-03-22,,,,,,,,,0.0035310384115624146
2010-03-23,,,,,,,,,0.002350747424467725
2010-03-24,,,,,,,,,-0.010383840310802472
2010-03-25,,,,,,,,,-0.0019239865051504878
2010-03-26,,,,,,,,,0.0027580012993621006
2010-03-29,,,,,,,,,0.0026909450102707844
2010-03-30,,,,,,,,,0.0003617202072991321
2010-03-31,,,,,,,,,0.00046933664029423765
2010-04-01,,,,,,,,,0.005484462038050486
2010-04-05,,,,,,,,,0.00114626512221584
2010-04-06,,,,,,,,,0.003562582982176277
2010-04-07,,,,,,,,,-4.12511284250015e-05
2010-04-08,,,,,,,,,0.0016764543599520623
2010-04-09,,,,,,,,,0.006941066077516566
2010-04-12,,,,,,,,,0.0013526588325736277
2010-04-13,,,,,,,,,0.003353118609694095
2010-04-14,,,,,,,,,0.004216456179484474
2010-04-15,,,,,,,,,-0.0015882699512735133
2010-04-16,,,,,,,,,-0.01080306379414342
2010-04-19,,,,,,,,,0.0008739084017728051
2010-04-20,,,,,,,,,0.007235484205008147
2010-04-21,,,,,,,,,0.0035981763097378884
2010-04-22,,,,,,,,,0.0005205946914774717
2010-04-23,,,,,,,,,0.0048305139872305
2010-04-26,,,,,,,,,-0.0006641540792795221
2010-04-27,,,,,,,,,-0.010781375299199314
2010-04-28,,,,,,,,,0.0005303208410018304
2010-04-29,,,,,,,,,0.01224869719500531
2010-04-30,,,,,,,,,-0.006745466351820639
2010-05-03,,,,,,,,,0.00915700993133316
2010-05-04,,,,,,,,,-0.01098615904763286
2010-05-05,,,,,,,,,-0.003686980523594053
2010-05-06,,,,,,,,,-0.009628081336003414
2010-05-07,,,,,,,,,-0.011790288838370345
2010-05-10,,,,,,,,,0.02388800215051208
2010-05-11,,,,,,,,,-0.0003072879496174406
2010-05-12,,,,,,,,,0.00666501937189581
2010-05-13,,,,,,,,,-0.006619064091252425
2010-05-14,,,,,,,,,-0.00819789073580638
2010-05-17,,,,,,,,,-0.001457920400931101
2010-05-18,,,,,,,,,-0.005414606196001849
2010-05-19,,,,,,,,,-0.004207154259787416
2010-05-20,,,,,,,,,-0.018066637259179254
2010-05-21,,,,,,,,,0.011410208700668934
2010-05-24,,,,,,,,,-0.009300333778623904
2010-05-25,,,,,,,,,0.0027467756535225706
2010-05-26,,,,,,,,,-0.0040069150342458065
2010-05-27,,,,,,,,,0.017952747171106665
2010-05-28,,,,,,,,,-0.006689872398668262
2010-06-01,,,,,,,,,-0.006828334985704176
2010-06-02,,,,,,,,,0.012092951803381357
2010-06-03,,,,,,,,,-0.0029193358356238036
2010-06-04,,,,,,,,,-0.014875625205181233
2010-06-07,,,,,,,,,-0.002546175095232373
2010-06-08,,,,,,,,,0.005782800744038864
2010-06-09,,,,,,,,,-0.002605375823788425
2010-06-10,,,,,,,,,0.013567360992586099
2010-06-11,,,,,,,,,0.00795857423293327
2010-06-14,,,,,,,,,-0.0006274909030065336
2010-06-15,,,,,,,,,0.014420843998125665
2010-06-16,,,,,,,,,-0.00035938480073891574
2010-06-17,,,,,,,,,0.004920626355346935
2010-06-18,,,,,,,,,0.0002168859418929859
2010-06-21,,,,,,,,,-0.004792556808172744
2010-06-22,,,,,,,,,-0.00638842652590177
2010-06-23,,,,,,,,,0.0013198483307111375
2010-06-24,,,,,,,,,-0.011979163949800775
2010-06-25,,,,,,,,,0.007195626970204084
2010-06-28,,,,,,,,,-0.0017210738179319624
2010-06-29,,,,,,,,,-0.015627345730400356
2010-06-30,,,,,,,,,-0.0031908300053950407
2010-07-01,,,,,,,,,-0.004005050062678883
2010-07-02,,,,,,,,,-0.005465489147465785
2010-07-06,,,,,,,,,0.0031956412821743554
2010-07-07,,,,,,,,,0.018116948458398386
2010-07-08,,,,,,,,,0.0038189062884559813
2010-07-09,,,,,,,,,0.0036256403920051925
2010-07-12,,,,,,,,,-0.0007889975893961786
2010-07-13,,,,,,,,,0.008640734739499924
2010-07-14,,,,,,,,,0.0026968988083993285
2010-07-15,,,,,,,,,0.0032034961806576057
2010-07-16,,,,,,,,,-0.017317367304205945
2010-07-19,,,,,,,,,0.0015891740558136248
2010-07-20,,,,,,,,,0.008230015795973357
2010-07-21,,,,,,,,,-0.004693714848832764
2010-07-22,,,,,,,,,0.0134407919390092
2010-07-23,,,,,,,,,0.00208404946107168
2010-07-26,,,,,,,,,0.006365281705368998
2010-07-27,,,,,,,,,-0.004397706275543245
2010-07-28,,,,,,,,,-0.0020844556923292346
2010-07-29,,,,,,,,,-0.0019707907360602015
2010-07-30,,,,,,,,,0.005931984895955634
2010-08-02,,,,,,,,,0.011591722906033499
2010-08-03,,,,,,,,,-0.0009118143120099289
2010-08-04,,,,,,,,,0.0018097097520088483
2010-08-05,,,,,,,,,-0.0001334473045796927
2010-08-06,,,,,,,,,0.002212896910613682
2010-08-09,,,,,,,,,0.0019076193771031093
2010-08-10,,,,,,,,,-0.0030226052781872183
2010-08-11,,,,,,,,,-0.014319190277462637
2010-08-12,,,,,,,,,-0.003341394560463784
2010-08-13,,,,,,,,,0.0021841137750213233
2010-08-16,,,,,,,,,0.008885441480339807
2010-08-17,,,,,,,,,0.006621093897755826
2010-08-18,,,,,,,,,0.0019876476862817904
2010-08-19,,,,,,,,,-0.006297991578300266
2010-08-20,,,,,,,,,-0.0033507783181505606
2010-08-23,,,,,,,,,-0.002351120331321066
2010-08-24,,,,,,,,,-0.0024249730807985766
2010-08-25,,,,,,,,,0.003103148555861468
2010-08-26,,,,,,,,,-0.0008323955081193992
2010-08-27,,,,,,,,,0.0013570383178082247
2010-08-30,,,,,,,,,-0.0023525844819374925
2010-08-31,,,,,,,,,0.005355195235346577
2010-09-01,,,,,,,,,0.012266489349936117
2010-09-02,,,,,,,,,0.0028799765438563335
2010-09-03,,,,,,,,,0.003505100263970818
2010-09-07,,,,,,,,,-0.0006068213075627884
2010-09-08,,,,,,,,,0.001415607263068908
2010-09-09,,,,,,,,,-0.0052306835526254696
2010-09-10,,,,,,,,,0.0016292398514884622
2010-09-13,,,,,,,,,0.009286533821645217
2010-09-14,,,,,,,,,0.004906818047255001
2010-09-15,,,,,,,,,-0.002082776080930825
2010-09-16,,,,,,,,,-0.003516570900877658
2010-09-17,,,,,,,,,0.0011102811636424016
2010-09-20,,,,,,,,,0.012294027567190358
2010-09-21,,,,,,,,,0.002790526868400911
2010-09-22,,,,,,,,,-0.000626689925888802
2010-09-23,,,,,,,,,-0.005854733096770882
2010-09-24,,,,,,,,,0.010138446590007788
2010-09-27,,,,,,,,,0.0015878167736429359
2010-09-28,,,,,,,,,0.005326717910040312
2010-09-29,,,,,,,,,-0.002810289500630026
2010-09-30,,,,,,,,,-0.001870248083092896
2010-10-01,,,,,,,,,0.002514917723248245
2010-10-04,,,,,,,,,-0.0031014582518951177
2010-10-05,,,,,,,,,0.01264596165050983
2010-10-06,,,,,,,,,0.004656642220423423
2010-10-07,,,,,,,,,-0.00413007924232639
2010-10-08,,,,,,,,,0.002849855035234816
2010-10-11,,,,,,,,,0.0007717686825103543
2010-10-12,,,,,,,,,-0.0014824351305128157
2010-10-13,,,,,,,,,0.006410360618130617
2010-10-14,,,,,,,,,-0.005095109352237382
2010-10-15,,,,,,,,,-0.004099342222971247
2010-10-18,,,,,,,,,0.006356474232692654
2010-10-19,,,,,,,,,-0.009973671966203248
2010-10-20,,,,,,,,,0.009552410604154528
2010-10-21,,,,,,,,,-0.004736138710732562
2010-10-22,,,,,,,,,0.0032882589005250873
2010-10-25,,,,,,,,,0.0034684742031829033
2010-10-26,,,,,,,,,-0.005904124635469998
2010-10-27,,,,,,,,,-0.006490324175293572
2010-10-28,,,,,,,,,0.0023698169901724578
2010-10-29,,,,,,,,,0.00414311207428114
2010-11-01,,,,,,,,,-0.0011910117043226753
2010-11-02,,,,,,,,,0.00989268496145992
2010-11-03,,,,,,,,,-0.004514632463353674
2010-11-04,,,,,,,,,0.018009117255189232
2010-11-05,,,,,,,,,-0.002744718528656831
2010-11-08,,,,,,,,,0.000474962177478777
2010-11-09,,,,,,,,,-0.016134470203176023
2010-11-10,,,,,,,,,0.004769326445592182
2010-11-11,,,,,,,,,-0.003007409182849674
2010-11-12,,,,,,,,,-0.010995767139221757
2010-11-15,,,,,,,,,-0.008803605852436523
2010-11-16,,,,,,,,,-0.005661249251129142
2010-11-17,,,,,,,,,-0.0005793252253558645
2010-11-18,,,,,,,,,0.011820996811827644
2010-11-19,,,,,,,,,0.003556591486710459
2010-11-22,,,,,,,,,0.0010990715516766224
2010-11-23,,,,,,,,,-0.0074068124695613425
2010-11-24,,,,,,,,,0.0038993025713457093
2010-11-26,,,,,,,,,-0.0031620274082454947
2010-11-29,,,,,,,,,0.0031371426103140925
2010-11-30,,,,,,,,,-0.0008317544268155566
2010-12-01,,,,,,,,,0.005226104376187003
2010-12-02,,,,,,,,,0.007649271419431248
2010-12-03,,,,,,,,,0.0017963575295323333
2010-12-06,,,,,,,,,0.004314807949454592
2010-12-07,,,,,,,,,-0.007798695386338406
2010-12-08,,,,,,,,,-0.003864639397874259
2010-12-09,,,,,,,,,0.0028417759842593094
2010-12-10,,,,,,,,,0.0014110497562914827
2010-12-13,,,,,,,,,0.003099403746502749
2010-12-14,,,,,,,,,-0.004740755596912827
2010-12-15,,,,,,,,,-0.009095812339583297
2010-12-16,,,,,,,,,0.004464201181702255
2010-12-17,,,,,,,,,0.006466901056159446
2010-12-20,,,,,,,,,0.002742728363260505
2010-12-21,,,,,,,,,0.006673809245931505
2010-12-22,,,,,,,,,-0.00014037993251501122
2010-12-23,,,,,,,,,-0.001978890612926565
2010-12-27,,,,,,,,,0.004140715922766491
2010-12-28,,,,,,,,,-0.003186122780482636
2010-12-29,,,,,,,,,0.006785441819790372
2010-12-30,,,,,,,,,-0.0015650637817750225
2010-12-31,,,,,,,,,0.005055121992337496
2011-01-03,,,,,,,,,0.0040377619057213494
2011-01-04,,,,,,,,,-0.004443784696782239
2011-01-05,,,,,,,,,-0.0048770610036516955
2011-01-06,,,,,,,,,-0.001959723159621818
2011-01-07,,,,,,,,,0.00026572029501817905
2011-01-10,,,,,,,,,0.0013323856531642698
2011-01-11,,,,,,,,,0.0007895830609323419
2011-01-12,,,,,,,,,0.004299697702829897
2011-01-13,,,,,,,,,0.0015892148223926486
2011-01-14,,,,,,,,,0.0012462760181513603
2011-01-18,,,,,,,,,0.001352015035606169
2011-01-19,,,,,,,,,-0.0035418103876272648
2011-01-20,,,,,,,,,-0.007392773195056756
2011-01-21,,,,,,,,,0.0037700457329160946
2011-01-24,,,,,,,,,0.0034627379690989283
2011-01-25,,,,,,,,,0.003833950808868591
2011-01-26,,,,,,,,,-0.001385603013901892
2011-01-27,,,,,,,,,0.0016844324370932865
2011-01-28,,,,,,,,,-0.007452808393720445
2011-01-31,,,,,,,,,0.0026023921075173156
2011-02-01,,,,,,,,,0.00825139658078584
2011-02-02,,,,,,,,,-0.0010483922323676342
2011-02-03,,,,,,,,,3.9230087427866395e-05
2011-02-04,,,,,,,,,-0.0030836430310772767
2011-02-07,,,,,,,,,0.00536432070240398
2011-02-08,,,,,,,,,0.0012614792933063113
2011-02-09,,,,,,,,,0.001429829185502096
2011-02-10,,,,,,,,,-0.00371649433125133
2011-02-11,,,,,,,,,0.007012237964893997
2011-02-14,,,,,,,,,0.0018534979614596824
2011-02-15,,,,,,,,,0.00017715535274611663
2011-02-16,,,,,,,,,0.0030798871187427083
2011-02-17,,,,,,,,,0.002809405827000533
2011-02-18,,,,,,,,,0.0009057302499595578
2011-02-22,,,,,,,,,-0.006612751774461578
2011-02-23,,,,,,,,,-0.0011814505388051957
2011-02-24,,,,,,,,,0.00020599339333912084
2011-02-25,,,,,,,,,0.00985165290652492
2011-02-28,,,,,,,,,0.0064566334973586775
2011-03-01,,,,,,,,,-0.008448561442602875
2011-03-02,,,,,,,,,-0.004220319561259655
2011-03-03,,,,,,,,,0.0053667461281785905
2011-03-04,,,,,,,,,-0.0014513880165636928
2011-03-07,,,,,,,,,-0.00648128201526651
2011-03-08,,,,,,,,,0.003138262684003446
2011-03-09,,,,,,,,,0.002303030104876968
2011-03-10,,,,,,,,,-0.007555165459583247
2011-03-11,,,,,,,,,0.0024157762761361392
2011-03-14,,,,,,,,,-0.004872498786784663
2011-03-15,,,,,,,,,-0.004573836129762289
2011-03-16,,,,,,,,,-0.008612339875501085
2011-03-17,,,,,,,,,0.007624474610451682
2011-03-18,,,,,,,,,0.005672447445118856
2011-03-21,,,,,,,,,0.008544443021215875
2011-03-22,,,,,,,,,-0.0013782984780711606
2011-03-23,,,,,,,,,0.0007061828226506363
2011-03-24,,,,,,,,,0.0025282104598571835
2011-03-25,,,,,,,,,0.00018648620799789346
2011-03-28,,,,,,,,,-0.0012421454453281024
2011-03-29,,,,,,,,,0.0010675894684191835
2011-03-30,,,,,,,,,0.008126416630516876
2011-03-31,,,,,,,,,2.8356897853132443e-05
2011-04-01,,,,,,,,,0.0037787028595994148
2011-04-04,,,,,,,,,0.0011792444569688864
2011-04-05,,,,,,,,,0.00017314017877898552
2011-04-06,,,,,,,,,-0.0021341593001381045
2011-04-07,,,,,,,,,-0.003122898210764169
2011-04-08,,,,,,,,,-0.0020688207784537063
2011-04-11,,,,,,,,,-0.0017736384004214403
2011-04-12,,,,,,,,,-0.0015824599524383088
2011-04-13,,,,,,,,,0.0021953101866749596
2011-04-14,,,,,,,,,0.003311323834565916
2011-04-15,,,,,,,,,0.007531147021184869
2011-04-18,,,,,,,,,-0.006146702171145724
2011-04-19,,,,,,,,,0.00511415117865719
2011-04-20,,,,,,,,,0.007629284380760671
2011-04-21,,,,,,,,,0.003268236568351235
2011-04-25,,,,,,,,,0.0014706778919432615
2011-04-26,,,,,,,,,0.007664408007705626
2011-04-27,,,,,,,,,0.003454782920644384
2011-04-28,,,,,,,,,0.006020909774959527
2011-04-29,,,,,,,,,0.002522572201726448
2011-05-02,,,,,,,,,-0.0006287945744135603
2011-05-03,,,,,,,,,-0.0017637701934644537
2011-05-04,,,,,,,,,-0.004171353889246144
2011-05-05,,,,,,,,,-0.0056882634916645474
2011-05-06,,,,,,,,,0.0008858133399718417
2011-05-09,,,,,,,,,0.0038933678604737955
2011-05-10,,,,,,,,,0.004149847305598753
2011-05-11,,,,,,,,,-0.006476309219788468
2011-05-12,,,,,,,,,0.0005296774640367043
2011-05-13,,,,,,,,,-0.0036498689059859986
2011-05-16,,,,,,,,,-0.0010755084818502628
2011-05-17,,,,,,,,,0.0027633319187344353
2011-05-18,,,,,,,,,0.0017766821275251646
2011-05-19,,,,,,,,,0.0018599839628012705
2011-05-20,,,,,,,,,-0.004395892100030274
2011-05-23,,,,,,,,,-0.006298312300639009
2011-05-24,,,,,,,,,0.002183850809339893
2011-05-25,,,,,,,,,0.0010270771774336554
2011-05-26,,,,,,,,,0.006445906141405866
2011-05-27,,,,,,,,,0.0037073192522876003
2011-05-31,,,,,,,,,0.008469070949253477
2011-06-01,,,,,,,,,-0.00998975489933144
2011-06-02,,,,,,,,,-0.006624143869328114
2011-06-03,,,,,,,,,-0.0013270646495969318
2011-06-06,,,,,,,,,-0.009096101867172279
2011-06-07,,,,,,,,,0.0030612407015630726
2011-06-08,,,,,,,,,-0.0013045943878899238
2011-06-09,,,,,,,,,0.0023003486361181775
2011-06-10,,,,,,,,,-0.008967417080049035
2011-06-13,,,,,,,,,-0.0016197837599314477
2011-06-14,,,,,,,,,0.0044158718425066365
2011-06-15,,,,,,,,,-0.006248827556201443
2011-06-16,,,,,,,,,0.002589647842297294
2011-06-17,,,,,,,,,0.0023624081614111118
2011-06-20,,,,,,,,,0.003572911092258968
2011-06-21,,,,,,,,,0.007589802674632707
2011-06-22,,,,,,,,,-0.0033380099118440866
2011-06-23,,,,,,,,,-0.0034917920961747397
2011-06-24,,,,,,,,,-0.008249197513104057
2011-06-27,,,,,,,,,0.0003376693324535613
2011-06-28,,,,,,,,,0.005187629670821504
2011-06-29,,,,,,,,,0.004872266328224096
2011-06-30,,,,,,,,,0.004263481288247307
2011-07-01,,,,,,,,,0.007509014021937333
2011-07-05,,,,,,,,,0.0023838219477966714
2011-07-06,,,,,,,,,0.002998091061553865
2011-07-07,,,,,,,,,0.005543581740766202
2011-07-08,,,,,,,,,0.0007778003049934585
2011-07-11,,,,,,,,,-0.006603766411183088
2011-07-12,,,,,,,,,-0.0002581289582010871
2011-07-13,,,,,,,,,0.0035766983832185126
2011-07-14,,,,,,,,,-0.00858519092278448
2011-07-15,,,,,,,,,0.00469755690556708
2011-07-18,,,,,,,,,-0.007477634855157189
2011-07-19,,,,,,,,,0.014618342252958796
2011-07-20,,,,,,,,,-0.0009978243867028165
2011-07-21,,,,,,,,,0.005399871929132062
2011-07-22,,,,,,,,,0.003959589058107493
2011-07-25,,,,,,,,,-0.006292494870314025
2011-07-26,,,,,,,,,0.00165703954129095
2011-07-27,,,,,,,,,-0.013758721077177228
2011-07-28,,,,,,,,,-9.281879772363742e-05
2011-07-29,,,,,,,,,0.004091813968199798
2011-08-01,,,,,,,,,-0.0018009529347758685
2011-08-02,,,,,,,,,-0.004634605864509891
2011-08-03,,,,,,,,,0.0024998545037180912
2011-08-04,,,,,,,,,-0.020449985124185437
2011-08-05,,,,,,,,,-0.009298164937397923
2011-08-08,,,,,,,,,-0.02940768812639105
2011-08-09,,,,,,,,,0.03624103867123383
2011-08-10,,,,,,,,,-0.013482711560365426
2011-08-11,,,,,,,,,0.010595801352790847
2011-08-12,,,,,,,,,0.009306346879842397
2011-08-15,,,,,,,,,0.012477274836349073
2011-08-16,,,,,,,,,0.0010260040954178644
2011-08-17,,,,,,,,,0.006671543482191033
2011-08-18,,,,,,,,,-0.018514447511838353
2011-08-19,,,,,,,,,-0.006478748662524882
2011-08-22,,,,,,,,,0.002893582588496746
2011-08-23,,,,,,,,,0.010984458830888166
2011-08-24,,,,,,,,,-0.004925952891308461
2011-08-25,,,,,,,,,-0.006716852483867487
2011-08-26,,,,,,,,,0.014526816707518653
2011-08-29,,,,,,,,,0.011131094011361378
2011-08-30,,,,,,,,,0.00857004094504935
2011-08-31,,,,,,,,,-0.0006835732117151268
2011-09-01,,,,,,,,,-0.000418024399732265
2011-09-02,,,,,,,,,-0.0020450032593203223
2011-09-06,,,,,,,,,-0.0037043965150328154
2011-09-07,,,,,,,,,0.009120947866087737
2011-09-08,,,,,,,,,-0.0015431556780937886
2011-09-09,,,,,,,,,-0.014491917888985285
2011-09-12,,,,,,,,,0.0005706502591790728
2011-09-13,,,,,,,,,0.001764055797865561
2011-09-14,,,,,,,,,0.009491173826397768
2011-09-15,,,,,,,,,0.004550281705969828
2011-09-16,,,,,,,,,0.006492975155236569
2011-09-19,,,,,,,,,-0.004744240885424456
2011-09-20,,,,,,,,,0.0025693550089562647
2011-09-21,,,,,,,,,-0.011357254016276866
2011-09-22,,,,,,,,,-0.009939884742877771
2011-09-23,,,,,,,,,-0.006769159106860577
2011-09-26,,,,,,,,,0.006757873838701313
2011-09-27,,,,,,,,,0.00528247412397257
2011-09-28,,,,,,,,,-0.01525548567360804
2011-09-29,,,,,,,,,0.009698005415864764
2011-09-30,,,,,,,,,-0.008288379355097832
2011-10-03,,,,,,,,,-0.008647283104978046
2011-10-04,,,,,,,,,0.008519898471638122
2011-10-05,,,,,,,,,0.007090483272579717
2011-10-06,,,,,,,,,0.007773647670462503
2011-10-07,,,,,,,,,-0.009186441477043394
2011-10-10,,,,,,,,,0.02051955273510473
2011-10-11,,,,,,,,,-0.003481316525872436
2011-10-12,,,,,,,,,0.0029543674665491243
2011-10-13,,,,,,,,,0.0009913538153892838
2011-10-14,,,,,,,,,0.006636087167526984
2011-10-17,,,,,,,,,-0.007397986313240479
2011-10-18,,,,,,,,,0.01043576445048542
2011-10-19,,,,,,,,,-0.009007878608102116
2011-10-20,,,,,,,,,-0.000878034360208668
2011-10-21,,,,,,,,,0.011243901850193815
2011-10-24,,,,,,,,,0.01033001951277901
2011-10-25,,,,,,,,,-0.0006637284043735208
2011-10-26,,,,,,,,,0.002019442103656389
2011-10-27,,,,,,,,,0.015323526406474944
2011-10-28,,,,,,,,,0.002731509211112915
2011-10-31,,,,,,,,,-0.005406828017415268
2011-11-01,,,,,,,,,-0.007436403181827846
2011-11-02,,,,,,,,,0.006553011127464993
2011-11-03,,,,,,,,,0.008642815985311015
2011-11-04,,,,,,,,,-0.004651806517355795
2011-11-07,,,,,,,,,0.007251930787244954
2011-11-08,,,,,,,,,0.002975748342468832
2011-11-09,,,,,,,,,-0.01908089446754808
2011-11-10,,,,,,,,,-8.008841632147688e-05
2011-11-11,,,,,,,,,0.012529960949700502
2011-11-14,,,,,,,,,-0.0030290030274063525
2011-11-15,,,,,,,,,0.0021326333659349994
2011-11-16,,,,,,,,,-0.007542503129575752
2011-11-17,,,,,,,,,-0.009437148743882209
2011-11-18,,,,,,,,,0.0007912243972067136
2011-11-21,,,,,,,,,-0.013338831557560327
2011-11-22,,,,,,,,,0.0021306977497845157
2011-11-23,,,,,,,,,-0.011939810838206468
2011-11-25,,,,,,,,,-0.006051583745324684
2011-11-28,,,,,,,,,0.01991207319278348
2011-11-29,,,,,,,,,-0.0006624113054802816
2011-11-30,,,,,,,,,0.02348983714428826
2011-12-01,,,,,,,,,-0.0035443748262080966
2011-12-02,,,,,,,,,0.003855271493714618
2011-12-05,,,,,,,,,0.004267790041008646
2011-12-06,,,,,,,,,-0.0028504864246814195
2011-12-07,,,,,,,,,0.005086069649036707
2011-12-08,,,,,,,,,-0.012597786479017783
2011-12-09,,,,,,,,,0.005546749716134504
2011-12-12,,,,,,,,,-0.009841843966708697
2011-12-13,,,,,,,,,-0.005651186305901224
2011-12-14,,,,,,,,,-0.0027020852106873997
2011-12-15,,,,,,,,,0.002136476338708071
2011-12-16,,,,,,,,,0.006691800787634328
2011-12-19,,,,,,,,,-0.0025043090048200165
2011-12-20,,,,,,,,,0.012542221691983383
2011-12-21,,,,,,,,,-0.0038491664301663173
2011-12-22,,,,,,,,,0.006430716320202069
2011-12-23,,,,,,,,,0.0015398011080120515
2011-12-27,,,,,,,,,0.0008486018004127403
2011-12-28,0.018071115361705845,0.015811131446610636,0.018380192085143382,0.015853601946771413,0.010812218556817887,0.01101932437476953,0.012995788786652496,0.010129754474009788,-0.005211071740028074
2011-12-29,0.018071115361705845,0.015836450916769374,0.018065969674004628,0.015727412931805584,0.010812218556817887,0.011041967791082314,0.012773616566238507,0.010046986607351975,0.006945965615503424
2011-12-30,0.018071115361705845,0.015830596711524918,0.017957248745336288,0.015655480273090185,0.010812218556817887,0.011032680090172303,0.012696744996065719,0.00999980569618859,0.00015687709845043637
2012-01-03,0.018071115361705845,0.015833887179914602,0.017410428107682195,0.014883007379306354,0.010812218556817887,0.011036243977974265,0.012310113263480112,0.009493137714932163,0.00802769652938411
2012-01-04,0.018071115361705845,0.01583936162372157,0.01748889491211437,0.015196051042130086,0.010812218556817887,0.011036436845029047,0.012365593533351088,0.00969846427326756,-0.00473228380302867
2012-01-05,0.018071115361705845,0.01586094483440147,0.017169203882737464,0.015046950110607889,0.010812218556817887,0.011055434133839531,0.012139554704402832,0.00960066839125575,0.0006704804720696346
2012-01-06,0.018071115361705845,0.015847016505843144,0.0166505447763666,0.014319809996011923,0.010812218556817887,0.011043120565761528,0.011772834695849827,0.009123734356524424,-0.0007222095670806007
2012-01-09,0.018071115361705845,0.015853106159355118,0.016148546968221024,0.013703702017940038,0.010812218556817887,0.011050018277948345,0.011417895125262008,0.008719626732816642,3.556803823001614e-05
2012-01-10,0.018071115361705845,0.015854546392021517,0.015656610291638787,0.013107943729917597,0.010812218556817887,0.011054764242876013,0.01107006931823804,0.008328866550112305,0.006960052581963794
2012-01-11,0.018071115361705845,0.01582805351127612,0.015689218153343353,0.013393597824522215,0.010812218556817887,0.011028436104000828,0.01109312483808973,0.008516228183919299,0.005154745733950483
2012-01-12,0.018071115361705845,0.015823079084136524,0.015492274531247708,0.01323284814594185,0.010812218556817887,0.011026445275283596,0.010953875057468445,0.008410791843318428,0.0006668161671042675
2012-01-13,0.018071115361705845,0.015788715801891205,0.01502512289004606,0.012668495689331935,0.010812218556817887,0.010997648109670284,0.010623573609460084,0.008040630867821898,-0.0006386229503070332
2012-01-17,0.018071115361705845,0.015705825808417773,0.01457194186697967,0.012203639823335784,0.010782459723946518,0.010931936186783071,0.010303150143230353,0.007735730093833848,0.005732098623116744
2012-01-18,0.018071115361705845,0.015602896993350766,0.01450069317562398,0.01231464713669162,0.010403717060222306,0.010847547159306957,0.010252773469260098,0.007808540223244603,0.003846803849863501
2012-01-19,0.018071115361705845,0.015602738260211855,0.014228807986952781,0.012059698807142106,0.010403717060222306,0.01084688035333073,0.010060535952382021,0.007641318620393514,-0.0006283806467298095
2012-01-20,0.018071115361705845,0.015594095370904799,0.013799987510514063,0.011654617770023457,0.010403717060222306,0.010839377202706202,0.00975733670868675,0.007375624389600739,-0.00023474881525553637
2012-01-23,0.018071115361705845,0.015597658147624802,0.013380252986059053,0.011266858791025933,0.010403717060222306,0.01084295062747602,0.009460561723908847,0.007121291764231352,-0.0013863333723175607
2012-01-24,0.018071115361705845,0.015565819025764042,0.012996667785727204,0.011012977053617838,0.010403717060222306,0.010816948875685075,0.00918934626423866,0.006954769743322186,-0.00041085178242585853
2012-01-25,0.018071115361705845,0.015550625087139378,0.012602911668477684,0.010701442588525501,0.010403717060222306,0.010803971972752057,0.008910939416828,0.006750433073659956,0.00767587965974802
2012-01-26,0.018071115361705845,0.015544954874654238,0.012978259736701457,0.011604558533195152,0.010403717060222306,0.01080097508882201,0.009176330779090042,0.007342790341090899,0.0031743297721793517
2012-01-27,0.018071115361705845,0.01553364878575221,0.012712240051440693,0.010949932498192145,0.010403717060222306,0.010796659720547958,0.008988240490004594,0.006814295013390462,0.001981294703307523
2012-01-30,0.018071115361705845,0.015484856000160677,0.012376576954594268,0.010594691563236084,0.010403717060222306,0.010755994892227472,0.008750908546470895,0.006583134427021142,-0.0003151873343861136
2012-01-31,0.017324860003755674,0.015311667814294393,0.012000880623272085,0.01028482075410805,0.010009459169904983,0.01062238333060764,0.008485270943383503,0.006381496859701844,0.005084149783894443
2012-02-01,0.017324860003755674,0.015312350349571173,0.011990548546358238,0.010457459402466406,0.010009459169904983,0.01062190389933892,0.00847796560681913,0.006493835408719178,0.0027754857508861313
2012-02-02,0.017324860003755674,0.015272093511209523,0.011732358365948962,0.010221190838438017,0.010009459169904983,0.010587551607152912,0.008295411200649524,0.006340091922461898,0.0018193928078011124
2012-02-03,0.017324860003755674,0.015271097484381884,0.011422092752575148,0.009935622880499399,0.010009459169904983,0.01058940189224755,0.00807603665001975,0.006154268583680445,0.00012434055969452523
2012-02-06,0.017324860003755674,0.015253506242067288,0.011074356457033462,0.00967369537067158,0.010009459169904983,0.01057433660520788,0.007830168302758815,0.00598382843785225,0.001644739581885635
2012-02-07,0.017324860003755674,0.015252430074760532,0.010777814889583912,0.00944068738572411,0.010009459169904983,0.010576330952940517,0.007620497394033534,0.005832206659140703,-0.000839390521136762
2012-02-08,0.017324860003755674,0.015257133758923546,0.010460420726121218,0.009308036929939294,0.010009459169904983,0.0105808147033329,0.007396082573373881,0.005745889024757807,0.0012388447356076581
2012-02-09,0.017324860003755674,0.01522015276706064,0.010166293695574962,0.009103193558416047,0.010009459169904983,0.010562334251063935,0.007188118872683611,0.0056125943809943015,-0.0024958983755042465
2012-02-10,0.017324860003755674,0.015226155531452058,0.009958670717579951,0.009273302735418409,0.010009459169904983,0.010567556694817676,0.007041318210493582,0.005723286965190805,-0.002405552681181223
2012-02-13,0.017324860003755674,0.015238440029566192,0.009752109022747892,0.00940040316522683,0.010009459169904983,0.010579922285063421,0.006895267932835156,0.005805993114711389,0.005743732780389444
2012-02-14,0.017324860003755674,0.015238401083202603,0.010005491882134591,0.00988006115979501,0.010009459169904983,0.010577368982491273,0.0070744233033282235,0.0061181137415046586,-0.0009109873748530232
2012-02-15,0.017324860003755674,0.015237816788878516,0.009714564064135765,0.009702205375113933,0.010009459169904983,0.010576846930604091,0.006868721618745151,0.006002380323898552,-0.0022910869556248548
2012-02-16,0.017324860003755674,0.015232754146033145,0.009508671699329124,0.009747318174038235,0.010009459169904983,0.010572595137170973,0.00672314459357498,0.006031735896485908,0.00440154147988946
2012-02-17,0.017324860003755674,0.015231655528861923,0.00955409908507989,0.009849991625412483,0.010009459169904983,0.010572503090735468,0.0067552642094969445,0.0060985470460150825,0.0011164891705123027
2012-02-21,0.017324860003755674,0.015232661568812379,0.009284865748122918,0.009581832764844164,0.010009459169904983,0.010573617464441945,0.006564901695046043,0.005924052067116413,-0.0024881032018609136
2012-02-22,0.017324860003755674,0.015245279417100946,0.009112979707425757,0.009681339271910826,0.010009459169904983,0.010585988881571085,0.0064433689781992045,0.0059888024386464764,0.0024656413390767187
2012-02-23,0.017324860003755674,0.015244256040661593,0.008946377775792849,0.00950450124868725,0.010009459169904983,0.010587132958599539,0.006325572411932649,0.00587373129363384,0.003887068031802721
2012-02-24,0.017324860003755674,0.01524415564987476,0.00895218466594927,0.009543085933942146,0.010009459169904983,0.010586522080062073,0.006329678196988135,0.0058988389250769924,0.0031064007571710906
2012-02-27,0.017324860003755674,0.015242089213129474,0.008858132504689899,0.008542920360500403,0.010009459169904983,0.010583874252396389,0.006263178237847723,0.00525614730676065,0.002349950967856418
2012-02-28,0.017324860003755674,0.01524216400228667,0.008692046776927878,0.008352536438120037,0.010009459169904983,0.010583980866242374,0.006145746655605591,0.00513195375478022,0.0015670148163779872
2012-02-29,0.017324860003755674,0.015240789151680974,0.008474427559112084,0.008123855114388213,0.010009459169904983,0.010585859241030903,0.005991878111819449,0.004982777576924717,-0.010409607544285849
2012-03-01,0.017324860003755674,0.01529927824391418,0.010133751376417085,0.011756808231636608,0.01038512867247664,0.01063254048746249,0.007165109694953339,0.007352669667434485,0.0024012254185659223
2012-03-02,0.017324860003755674,0.01529670854092318,0.009919859026882125,0.011264881230363248,0.01038512867247664,0.010629659210108097,0.007013876248384301,0.007031769872749296,0.0003665577852482668
2012-03-05,0.017324860003755674,0.015298270451259748,0.009619928115712365,0.010763421794965651,0.01038512867247664,0.01063124455341079,0.006801808890540906,0.006704651764888781,-0.003945436818234572
2012-03-06,0.017324860003755674,0.015317428996430918,0.009594012821563443,0.010957001798894311,0.01038512867247664,0.010649367835881288,0.006783485377514315,0.006830930223593153,-0.008510071773785766
2012-03-07,0.017324860003755674,0.015366655090552524,0.010489927069378225,0.01276190276486589,0.01038512867247664,0.01069078239330967,0.007416945152124865,0.008008325137692462,0.0032986125990630004
2012-03-08,0.017324860003755674,0.015360139098643312,0.010342601936592918,0.012269107159135397,0.01038512867247664,0.010683748285824288,0.007312778324064839,0.007686858724400784,0.0036185173897943074
2012-03-09,0.017324860003755674,0.01534045839370185,0.010237330848327295,0.011862596580992167,0.01038512867247664,0.010674242126666133,0.0072383459774330045,0.0074216788080191855,0.002970080325497837
2012-03-12,0.017324860003755674,0.015339875405455531,0.010068723257359352,0.011414443640454868,0.01038512867247664,0.010674986244513992,0.007119131301661646,0.007129334240159071,-0.000334625536748101
2012-03-13,0.017324860003755674,0.01533589346288569,0.009763851510569018,0.010934510351212822,0.01038512867247664,0.010671410519241904,0.006903570506107855,0.006816258329339578,0.0038989573730121912
2012-03-14,0.017324860003755674,0.015306882675996752,0.009723635278082832,0.010704091424214954,0.01038512867247664,0.010645272247220073,0.006875135457074399,0.006665948657022752,-0.010827849101130027
2012-03-15,0.017324860003755674,0.015377040955343643,0.01126704576690332,0.013698053543218215,0.010428195932031514,0.010703290697607276,0.00796641005479897,0.00861900638062083,0.004530644622842073
2012-03-16,0.017324860003755674,0.015376920565079479,0.011224742950959498,0.01329156315290985,0.010428195932031514,0.010701928390964363,0.007936499678534137,0.008353839633412801,0.0025460640049333127
2012-03-19,0.017324860003755674,0.01531135078982415,0.010979075577428787,0.012679650562708089,0.010428195932031514,0.01064799149061491,0.007762799573367259,0.007954669382435036,-0.0006140289751826673
2012-03-20,0.017324860003755674,0.01530705489875328,0.010650357825446771,0.012110818510992242,0.010428195932031514,0.010644186569971318,0.007530378363872148,0.007583601951427047,-0.0021932110147725565
2012-03-21,0.017324860003755674,0.015318046152072762,0.010401261650143793,0.011778221628976704,0.010428195932031514,0.010654858855307803,0.007354253910612648,0.007366638314799157,0.0019926702111332955
2012-03-22,0.017324860003755674,0.015318613777987945,0.010148124016702361,0.011256550648645192,0.010428195932031514,0.010655669311079866,0.007175271928111117,0.007026335566529038,-0.0043797953411656605
2012-03-23,0.017324860003755674,0.015336504369275852,0.010150576855996834,0.011498924294245183,0.010428195932031514,0.01067109694144686,0.007177006218005962,0.007184443686044352,0.0066785955281174255
2012-03-26,0.017324860003755674,0.015336675182031299,0.010551567123363378,0.012061262208297993,0.010428195932031514,0.010667579760490197,0.0074605280003713975,0.007570196816095277,0.00830359829652575
2012-03-27,0.017324860003755674,0.015343097519210279,0.011271395609482666,0.012858832810031015,0.010428195932031514,0.010670468990597839,0.007969485628501055,0.00808942638175515,-0.00040592831059269594
2012-03-28,0.017324860003755674,0.015346450622447622,0.010930471309493733,0.012310762331568147,0.010428195932031514,0.010673749233375069,0.0077284337301112265,0.007732624869932964,-0.004313714629213029
2012-03-29,0.017324860003755674,0.015367407618635599,0.010878832944718456,0.012392359496214374,0.010428195932031514,0.010693181621245903,0.007691922616473297,0.0077857457601291135,0.0008335808972617985
2012-03-30,0.017324860003755674,0.015365543050195867,0.010558110411665794,0.011847914615213184,0.010428195932031514,0.010691350713584298,0.0074651544586997135,0.007431304562730746,-0.0011733950633638027
2012-04-02,0.017324860003755674,0.015371893396070702,0.010258282394628707,0.01144629880492246,0.010428195932031514,0.01069751045503081,0.007253159852566932,0.0071698470788587485,0.006966328180913117
2012-04-03,0.017324860003755674,0.015371952231725591,0.010708719914824848,0.011922414961504691,0.010428195932031514,0.01069753725415435,0.007571643514050762,0.0074798053253746985,-0.010842802325717826
2012-04-04,0.017324860003755674,0.015440359729497689,0.01208186598823655,0.014426198263743967,0.010782459723946518,0.010753050273295697,0.008542531971615024,0.009109803113286291,-0.004849148852976227
2012-04-05,0.017324860003755674,0.015463990422580932,0.012035306110596888,0.014376417245632602,0.010782459723946518,0.010774564092428952,0.008509611622745192,0.009077394977434863,0.0016873399361549191
2012-04-09,0.017324860003755674,0.015464917550277844,0.01170820972985417,0.013691060240082568,0.010782459723946518,0.010776701410647991,0.008278336810310191,0.008631218025149432,0.0016928395629704932
2012-04-10,0.017324860003755674,0.015457266265914938,0.01139244391711457,0.013059898420105425,0.010782459723946518,0.010769369163591756,0.008055073321582756,0.008220322893187778,-0.006520839497729171
2012-04-11,0.017324860003755674,0.01542194562033286,0.011653659271119278,0.013641119583300382,0.010428195932031514,0.010741886638234787,0.008239766688918116,0.008598705962300779,0.0022992512009066164
2012-04-12,0.017324860003755674,0.01542009276709288,0.01137435382555922,0.013045641452252302,0.010428195932031514,0.01073974147402132,0.008042282649543231,0.008211041408627138,0.008202099537552122
2012-04-13,0.017324860003755674,0.015422857677203486,0.011977407835256002,0.01364954664031332,0.010428195932031514,0.010741130082699805,0.008468674414148239,0.008604192093739312,-0.003367139592089452
2012-04-16,0.017324860003755674,0.015438850013928583,0.011769973816041706,0.013383344840479412,0.010428195932031514,0.010756518451265698,0.008322007356024598,0.008430891015934663,0.001149505146809049
2012-04-17,0.017324860003755674,0.015437715806246066,0.01143019732717871,0.012761833008714737,0.010428195932031514,0.010755348031585487,0.00808176702211084,0.00802627816064832,0.00806327620708125
2012-04-18,0.017324860003755674,0.015444181759709475,0.011996756536574255,0.013366996633750057,0.010428195932031514,0.010758025760641159,0.00848235499128602,0.008420248105750965,-0.002261717566930588
2012-04-19,0.017324860003755674,0.015449557944209675,0.011702472675231546,0.012954144652699682,0.010428195932031514,0.010762763013117313,0.008274280402749936,0.0081514757182823,-0.0028115901202114824
2012-04-20,0.017324860003755674,0.015393839270306738,0.011458528217248165,0.012663514350409385,0.010010747531579151,0.010718697467503044,0.00810179849195484,0.00796227134528022,0.0029692734473338203
2012-04-23,0.017324860003755674,0.015390920601982728,0.01123756478706946,0.012206746657041335,0.010010747531579151,0.01071520484861764,0.007945565409358396,0.007664909217689736,-0.00451323643007453
2012-04-24,0.017324860003755674,0.01538664974539455,0.011194645223280916,0.01207573262393728,0.010010747531579151,0.010722005804269399,0.007915218959047792,0.007715676102060526,0.0018554004499106718
2012-04-25,0.017324860003755674,0.01535192130592601,0.010904985423458798,0.011647736290291491,0.010010747531579151,0.010692411742746119,0.007710413831819824,0.007433455901632057,0.006654900147481646
2012-04-26,0.017324860003755674,0.015344372806533004,0.01123229294368307,0.011931744061243319,0.010010747531579151,0.010688540511853029,0.00794183793127501,0.007620730239611787,0.006317748703884707
2012-04-27,0.017324860003755674,0.015275480976524222,0.01146974912903835,0.012105812741905692,0.009974476112859657,0.01062969204591439,0.008109732282795731,0.007735510890946784,0.0022285016087942866
2012-04-30,0.017324860003755674,0.015258315053842312,0.011192606295745887,0.011695122625766606,0.009974476112859657,0.010614088977829724,0.00791377732712829,0.007464702386809721,-0.00192750085083796
2012-05-01,0.017324860003755674,0.015209264600588503,0.01090707866899702,0.01141368943726864,0.009974476112859657,0.010574895949325546,0.007711893869502091,0.007279125724999224,0.002079720458518797
2012-05-02,0.017324860003755674,0.01512933289276995,0.01064100403197211,0.011047715462554125,0.009941574104044044,0.010510253586814915,0.0075237647265506465,0.00703780298371375,-0.0004622688109481969
2012-05-03,0.017324860003755674,0.01499103140601177,0.010320198528124724,0.010701404362479558,0.009941574104044044,0.010426733591751202,0.007296937903942729,0.00680944591522883,-0.00536152408413021
2012-05-04,0.017324860003755674,0.015013163895787223,0.010461850100258763,0.011148885473946359,0.009941574104044044,0.010445343693989964,0.007397093218110485,0.007104514351657609,-0.0062008743297831915
2012-05-07,0.017324860003755674,0.015041889706075182,0.010740987062545027,0.011753338024882508,0.009941574104044044,0.01047319241732361,0.007594458130708556,0.007503089541827057,0.001529910834085313
2012-05-08,0.017324860003755674,0.015007977330804443,0.010450201362591942,0.01133677177682061,0.009941574104044044,0.010444440117088729,0.0073888569312616946,0.0072284063242902975,-0.003662390891558531
2012-05-09,0.017324860003755674,0.014978353137398308,0.010344550505749629,0.01133894748462014,0.009941574104044044,0.01042083689906387,0.007314156067729296,0.007229840983054839,-0.004629110426670148
2012-05-10,0.017324860003755674,0.014992695149227755,0.010370502470202422,0.011532216132751896,0.009941574104044044,0.01043283545095925,0.007332505508641822,0.00735728206683156,0.0006810552154576711
2012-05-11,0.017324860003755674,0.014967987702051565,0.010062062221551777,0.011118853135025173,0.009941574104044044,0.010411794552040003,0.007114421589485919,0.007084711068210122,8.532313248421581e-05
2012-05-14,0.017324860003755674,0.014951467920762337,0.00975565242866094,0.010745414060680076,0.009941574104044044,0.010397599246240851,0.006897773312246755,0.006838465850379083,-0.004865137923091501
2012-05-15,0.016146299174186318,0.014813469807609503,0.009856379706755888,0.011065929859935748,0.00984674600551715,0.010292292472749848,0.006968992939610412,0.007049813532579758,-0.003914772734460793
2012-05-16,0.016146299174186318,0.01481023457819438,0.009813037719172605,0.011144634254935677,0.00984674600551715,0.01029898377404051,0.006938347812855652,0.007101711103622656,-0.0029447722631246063
2012-05-17,0.016146299174186318,0.014767422823018558,0.00966094099550924,0.01104658605556594,0.00984674600551715,0.010264989877908623,0.006830807212261568,0.007037058254281477,-0.002529093967787444
2012-05-18,0.016146299174186318,0.014779791087346304,0.009476852081609172,0.010897193271554917,0.00984674600551715,0.01027682599852346,0.0067006464048049745,0.006938548855644783,-0.004140706957590734
2012-05-21,0.016146299174186318,0.014780499055509806,0.009486276672678536,0.01104007631447478,0.00984674600551715,0.010277404957873722,0.0067073100998507424,0.007032765739857732,0.010692197583194663
2012-05-22,0.016146299174186318,0.01472448088746012,0.011032331928350379,0.01269574592368254,0.00984674600551715,0.01024205098426568,0.007800454690621681,0.008157594426247914,-0.004478973346388582
2012-05-23,0.016146299174186318,0.014710397533469387,0.01099653370071114,0.012699007251962458,0.00984674600551715,0.01023079794418794,0.007775143409695944,0.008159749451302075,0.0013171874063143349
2012-05-24,0.016146299174186318,0.014674770299462854,0.01068792312873974,0.012203501550575402,0.00984674600551715,0.010200835168993783,0.007556939062750619,0.007832328502131296,-0.0007061377588892693
2012-05-25,0.016146299174186318,0.01465386315091245,0.010370135529793099,0.011776577952069687,0.00984674600551715,0.010193551569020588,0.007332246061948623,0.007550225330654457,-8.610717903140291e-05
2012-05-29,0.016146299174186318,0.01464400360736761,0.010054339154013691,0.011356307848108862,0.00984674600551715,0.010184920373211831,0.007108960963500888,0.007272518664592371,0.005522217941043362
2012-05-30,0.016146299174186318,0.01452635439466482,0.010243361729307158,0.011448667126388742,0.009457383505023524,0.010089785091766537,0.0072426101361016786,0.007333547957443041,-0.0023428750563330722
2012-05-31,0.016146299174186318,0.014525501845039927,0.010020640991834664,0.01123515883640195,0.009457383505023524,0.010089063181266698,0.00708513454231071,0.007192465651492541,0.003578933450039545
2012-06-01,0.016146299174186318,0.014523493488258857,0.009927115998887895,0.011025643298575343,0.009457383505023524,0.010088934392630021,0.007019007319647362,0.007054021681888994,-0.0040511878563138665
2012-06-04,0.016146299174186318,0.014530467007568078,0.009897677241216284,0.011135773206667534,0.009457383505023524,0.010094712137155444,0.006998192527556536,0.007126793476317792,-0.002522925212942906
2012-06-05,0.016146299174186318,0.014505759427440779,0.009703248198649749,0.010976076828662074,0.009457383505023524,0.010086669712362412,0.006860720690511475,0.007021269080696681,0.0016896830195363153
2012-06-06,0.016146299174186318,0.014499124762844783,0.009456791787163294,0.01062966984849522,0.009457383505023524,0.010085651538960383,0.006686462692882431,0.006792369792700363,0.008044488305833743
2012-06-07,0.016146299174186318,0.01450132735502246,0.010250780893034096,0.0114593633294447,0.009457383505023524,0.010082128047808125,0.0072478558856739475,0.007340615809432029,-0.0015937885202480188
2012-06-08,0.016146299174186318,0.014465903325824606,0.009979911003976326,0.011161477131559922,0.009457383505023524,0.010066464189684023,0.007056336240473716,0.007143778151695133,0.004347580920172834
2012-06-11,0.016146299174186318,0.014461374561211946,0.009988006234926499,0.011066522448376654,0.009457383505023524,0.010060504335109584,0.007062060006097071,0.007081033863568786,-0.006522186455594159
2012-06-12,0.016146299174186318,0.014495414682854289,0.010372445220132859,0.011777269512334605,0.009457383505023524,0.010091276792035074,0.007333879137798921,0.007550682300811842,0.00517520417758044
2012-06-13,0.016146299174186318,0.014493195556611294,0.010479937203181026,0.011756384961872835,0.009457383505023524,0.010086802711150046,0.0074098817770249575,0.007536882178399413,-0.0004834216131291983
2012-06-14,0.016146299174186318,0.014474660282049415,0.010164409633057927,0.011353657247398164,0.009457383505023524,0.010071172583048356,0.00718678673869835,0.007270767196954078,0.006459363342146318
2012-06-15,0.016146299174186318,0.014444009585429284,0.01051971766618236,0.0116493019453945,0.009457383505023524,0.010041973467977057,0.007438008713490353,0.007466123713265187,0.007847664961570612
2012-06-18,0.016146299174186318,0.01444976168033442,0.011136532575186946,0.01225774720032216,0.009457383505023524,0.010042215914609227,0.007874130177333006,0.007868173018306895,0.00299448758517985
2012-06-19,0.016146299174186318,0.01436463178910905,0.010931272087525567,0.011894477324815349,0.009305114127722135,0.009973251540496346,0.0077289999234414425,0.007628131042784436,0.0015284666397925258
2012-06-20,0.016146299174186318,0.014360615716033084,0.010633990139410776,0.011351979961051337,0.009305114127722135,0.009973732303486436,0.0075188055255870695,0.007242338037574729,0.0006088458884861535
2012-06-21,0.016146299174186318,0.014353976600927475,0.010315871785433648,0.010946556116376294,0.009305114127722135,0.00996767300922924,0.007293878663109612,0.006974937504955068,-0.014158057203350782
2012-06-22,0.016146299174186318,0.014334518869349291,0.01284995026968477,0.014681282722185517,0.009305114127722135,0.00995305449748596,0.009085609054042095,0.009438206246295773,0.00035670461816148603
2012-06-25,0.016146299174186318,0.014322168295159258,0.012460147053495572,0.01402403265619432,0.009305114127722135,0.00994224350231767,0.008809997121234966,0.00900471171947232,-0.004052278365142148
2012-06-26,0.016146299174186318,0.014322422319926364,0.012299270662155286,0.013806091415344774,0.009305114127722135,0.009942450782233863,0.008696248821275298,0.008860966834586063,0.0010758199996333318
2012-06-27,0.016146299174186318,0.014295903529429404,0.011940333128103416,0.013212931878442047,0.009305114127722135,0.009919868064308533,0.008442460593245275,0.008469743727757328,0.005561047311259393
2012-06-28,0.016146299174186318,0.014297583709718845,0.012002462759071165,0.013088897578635319,0.009305114127722135,0.009919670170191398,0.0084863895988677,0.008387935915348047,-0.00027008376954374986
2012-06-29,0.016146299174186318,0.014223258162152261,0.01163783707838528,0.012565479632680968,0.009305114127722135,0.009877890806835715,0.008228579543867605,0.00804271143146732,0.014972564449133564
2012-07-02,0.016146299174186318,0.014272335644325984,0.01414589887694067,0.01552983213466372,0.009305114127722135,0.009906056399585295,0.010001914732472266,0.009997873783938111,0.00599689238373312
2012-07-03,0.016146299174186318,0.014274797752860759,0.014134272312917983,0.015247644061663406,0.009305114127722135,0.00990640794587851,0.009993694123587799,0.009811754388124871,0.003364205033735479
2012-07-05,0.016146299174186318,0.014268443511230192,0.013837126270764881,0.01466055994985636,0.009305114127722135,0.009899481825773397,0.009783595818590606,0.009424538376408609,-0.0036739357355010556
2012-07-06,0.016146299174186318,0.014276493834863792,0.013577960854870761,0.014323814930332836,0.009305114127722135,0.009912388905805987,0.009600351868246511,0.009202435511073241,-0.0029786105687641066
2012-07-09,0.016146299174186318,0.014290968171381164,0.013273291175358455,0.013923497128392089,0.009305114127722135,0.009925948278954768,0.009384933945174888,0.008938402709692534,0.0022404533933129468
2012-07-10,0.016146299174186318,0.014291412710235055,0.012932106789844577,0.013360147934102243,0.009305114127722135,0.009926826830957889,0.009143698152267909,0.008566841252263452,-0.005845261956416081
2012-07-11,0.015264275518903716,0.014166233365475199,0.012973031374519417,0.013565801160304232,0.009192027650061118,0.009831596857267026,0.009172634044567182,0.008702481479012918,0.0013981644850613153
2012-07-12,0.015264275518903716,0.014166494507365578,0.01260302906025779,0.012996570708169473,0.009192027650061118,0.009831893409661641,0.008911022419158579,0.008327040991031341,-0.0007691918586950177
2012-07-13,0.015264275518903716,0.01416396912384702,0.012226948917463792,0.012503467193847019,0.009192027650061118,0.009835380390409711,0.008645113440625355,0.008001810632486112,0.009586045639065354
2012-07-16,0.015264275518903716,0.014154470885579602,0.013052473298938173,0.01345423684798936,0.009192027650061118,0.009820298226086838,0.009228803776949136,0.00862889834638229,0.000670475683356353
2012-07-17,0.015264275518903716,0.014119717185674063,0.0126606084641297,0.012885071594153006,0.009192027650061118,0.009803207508202473,0.008951734168400066,0.008253500860458804,0.0011500697851493107
2012-07-18,0.015264275518903716,0.014120895699907007,0.012292397334295673,0.01236239534537327,0.009192027650061118,0.00980458799260826,0.008691389007149788,0.007908765568869401,0.003047765634596134
2012-07-19,0.015264275518903716,0.014117523650701461,0.012043798199145988,0.012245227889587073,0.009192027650061118,0.009804147477608882,0.00851561598813106,0.00774108761105698,0.000374702114676273
2012-07-20,0.015264275518903716,0.014098755837355226,0.011678847584438547,0.011803685260728412,0.009192027650061118,0.009788081503987762,0.008257576187223295,0.00745304701561115,-0.002676363773843061
2012-07-23,0.015264275518903716,0.014101246619116388,0.011425307481567207,0.011625016944033516,0.009192027650061118,0.009790189415436959,0.008078309637091571,0.0073364926333963935,-0.005559260040055747
2012-07-24,0.015264275518903716,0.014119992909713795,0.011521318877849835,0.012011442663262983,0.009192027650061118,0.009805546510931037,0.008146194881240307,0.007588577680201845,-0.002167578087935818
2012-07-25,0.015264275518903716,0.01412854055510857,0.011238415117468993,0.0117501218007946,0.009192027650061118,0.009816335626765555,0.007946166638889623,0.0074181048607996096,0.00274291730118672
2012-07-26,0.015264275518903716,0.014103246546738802,0.011007582391633705,0.01142951432835562,0.009192027650061118,0.009803635840327679,0.007782955431079264,0.007208956386269722,0.008496768514578246
2012-07-27,0.015264275518903716,0.01410672370618471,0.011719197302904893,0.012251969189110807,0.009192027650061118,0.009800581966961467,0.00828610561805625,0.007745485301793917,0.005269970101619104
2012-07-30,0.015264275518903716,0.014107316541262394,0.0117523337317837,0.012207803121746543,0.009192027650061118,0.009798973794702532,0.008309534863455757,0.00771667354159086,0.0025186477414571693
2012-07-31,0.015264275518903716,0.01410316681233267,0.011484343971863688,0.01183097813929529,0.009192027650061118,0.009794485871021536,0.008120051625153734,0.0074708515411088475,-0.0035581149071762133
2012-08-01,0.015264275518903716,0.01412011981242375,0.011317582828685576,0.011782637564962282,0.009192027650061118,0.009809853747336972,0.008002142487723381,0.007439316538812319,-0.0031704797222924744
2012-08-02,0.015264275518903716,0.014134840972712736,0.011120540591520074,0.01167720838191918,0.009192027650061118,0.009823237620353765,0.007862822980920068,0.007370539748812223,-0.0028258139254202955
2012-08-03,0.015264275518903716,0.014133938730518169,0.010901346207387681,0.011531662691914614,0.009192027650061118,0.009822484387909362,0.007707840709450365,0.007275592931736246,0.008200717937653503
2012-08-06,0.015264275518903716,0.014027945245203415,0.011556234615205972,0.012251997461953571,0.009100618847665833,0.009734347034580423,0.008170882193859709,0.00774550374559964,0.0019767068563895655
2012-08-07,0.015264275518903716,0.014012128017284665,0.011260663453282874,0.01183901293504669,0.009100618847665833,0.009720047567108803,0.007961897414267397,0.007476093044875997,-0.002207803120685725
2012-08-08,0.015264275518903716,0.014023014360240942,0.010989866763043336,0.011598269593470427,0.009100618847665833,0.009730317988466982,0.00777042952458619,0.007319043983415064,-0.001721715070968377
2012-08-09,0.015264275518903716,0.014020957051331677,0.010700144429189666,0.011327351507990604,0.009100618847665833,0.009735078007567215,0.00756558018241954,0.007142310409897224,0.00019090759140851795
2012-08-10,0.015264275518903716,0.01402044963405379,0.010374745287320826,0.01096335518301601,0.009100618847665833,0.009738486630537816,0.007335505409561015,0.006904857191718064,0.0025973775834958303
2012-08-13,0.015264275518903716,0.014019997189998674,0.010166998476699725,0.010700601186125756,0.009100618847665833,0.009737809492308798,0.007188617191014333,0.006733449466226925,-0.002015141109278673
2012-08-14,0.015264275518903716,0.013996302830249628,0.00992392975333839,0.01054623427543034,0.009100618847665833,0.009718547012271693,0.007016754471908232,0.006632748120608779,-0.004539338025847162
2012-08-15,0.015264275518903716,0.014002696038882979,0.009963244221497029,0.010841975026390706,0.009100618847665833,0.00972376372373178,0.007044551924844659,0.006825674774654427,-0.003271879531487298
2012-08-16,0.015264275518903716,0.014006871723928,0.009838007146850713,0.010597391312021276,0.009100618847665833,0.009727255624052317,0.006956002547187322,0.00675407147273863,0.002993008608840964
2012-08-17,0.015264275518903716,0.013994734824871631,0.009689583025461284,0.010369131806405252,0.009100618847665833,0.009715499828866813,0.0068510586748117665,0.006603552362901449,0.002264124350648622
2012-08-20,0.015264275518903716,0.013995122326381162,0.009482578996841629,0.010095443924299098,0.009100618847665833,0.00971626539089703,0.006704695643268605,0.006423076827932318,0.0005882656106640294
2012-08-21,0.015264275518903716,0.013991506008672099,0.009199810618540848,0.009786485472421795,0.009100618847665833,0.009712876104992297,0.006504763123362487,0.006219343138823773,0.0019042756691196152
2012-08-22,0.015264275518903716,0.013990824423131615,0.00898531148937542,0.009543586542480512,0.009100618847665833,0.009712073565233476,0.006353100650813684,0.0060591704852622245,0.006022826344237086
2012-08-23,0.015264275518903716,0.013981606880107633,0.00936325150142588,0.010004213337656588,0.009100618847665833,0.009700649178553719,0.006620324657389911,0.0063629174639036655,-0.002050491738011551
2012-08-24,0.015264275518903716,0.013990767681345218,0.009152896474949318,0.009889818659044087,0.009100618847665833,0.00971146529232517,0.0064715922893256094,0.006287483211348029,0.0023582789342641353
2012-08-27,0.015264275518903716,0.013961174892374794,0.00897523656817265,0.009670058711427645,0.009100618847665833,0.009696346732514054,0.006345977137229775,0.006142568888486328,0.0018221543423671547
2012-08-28,0.015264275518903716,0.013961907553079255,0.008763544292287848,0.009433453809377202,0.009100618847665833,0.009697484532727046,0.006196299261589489,0.005986546649046036,0.0007448905432172136
2012-08-29,0.015264275518903716,0.013964275845775271,0.00850716740740741,0.009186051426271628,0.009100618847665833,0.009700776228267117,0.006015026953321329,0.0058234043239273146,-0.0019866700602770185
2012-08-30,0.015264275518903716,0.013968973643973037,0.00832533375705552,0.009153671595588426,0.009100618847665833,0.009704906267667134,0.005886460739033001,0.005802052383827555,-0.0030784825679823326
2012-08-31,0.015264275518903716,0.013982695152566752,0.008260135621252955,0.009310129671614844,0.009100618847665833,0.009717241166600072,0.005840362134717627,0.005905224123671545,0.00964818964185199
2012-09-04,0.015264275518903716,0.013970836097610196,0.009714054457288965,0.011024850652768512,0.009100618847665833,0.009700138762023401,0.00686836129917316,0.007035947135647914,-0.0003109027248615171
2012-09-05,0.015264275518903716,0.01397463916639168,0.009419791385478188,0.010655882677191897,0.009100618847665833,0.009703964451030068,0.0066603014099592996,0.006792641906836799,-0.002308585056026613
2012-09-06,0.015264275518903716,0.01397281949770121,0.00922708535438394,0.010507397741999918,0.009100618847665833,0.009709471333778122,0.006524047835110144,0.006694727823438559,0.006851113073267491
2012-09-07,0.015264275518903716,0.01397660312030074,0.009760742127011295,0.011038867417591622,0.009100618847665833,0.009711007412558939,0.006901372003949353,0.007045190084625122,0.0039089644562662175
2012-09-10,0.015264275518903716,0.013966059603103952,0.009722005322227712,0.010882135991156497,0.009100618847665833,0.009700042063739478,0.006873982990227123,0.006941838091783206,-0.003800870691294867
2012-09-11,0.015264275518903716,0.013967529070162814,0.009671471373595808,0.010962685266879078,0.009100618847665833,0.009701247625296281,0.006838252758468195,0.006994953975159329,0.0010306406612160313
2012-09-12,0.015264275518903716,0.013967660197332947,0.009395213378345878,0.01057892124346645,0.009100618847665833,0.009701387000018987,0.006642923431099845,0.006741891921792872,-0.0015304055406820999
2012-09-13,0.015264275518903716,0.013945808460606125,0.009150647932680719,0.010343080544311307,0.009100618847665833,0.009694036265704248,0.006470002448465122,0.00658637361378459,0.00968622261121377
2012-09-14,0.015264275518903716,0.013961170456570549,0.01044872607953446,0.011729328907997097,0.009100618847665833,0.009700857894145796,0.007387813826438484,0.007546644900352569,-0.004368995265537922
2012-09-17,0.015264275518903716,0.013977236938639474,0.010431850141927069,0.01180677900495777,0.009100618847665833,0.009714410351529696,0.007375881626834342,0.007597993802609341,0.000611071111058603
2012-09-18,0.015264275518903716,0.013948863467357091,0.010120046353133827,0.011306270976486928,0.009100618847665833,0.009690560511826856,0.007155419503083725,0.007266160288627711,0.0005835679418275674
2012-09-19,0.015264275518903716,0.013933833361969013,0.009817382524790277,0.010848904467936989,0.009100618847665833,0.009685531541813022,0.006941419825153714,0.006962929317141954,0.002060905853818984
2012-09-20,0.015264275518903716,0.013933331458341474,0.009590480004061996,0.010478141956281984,0.009100618847665833,0.009684899489749122,0.006780987484681752,0.00671711622305229,-0.0015055189499378454
2012-09-21,0.015264275518903716,0.01394010517165029,0.009337808103607396,0.010214626294333092,0.009100618847665833,0.009693691823587853,0.006602334800562949,0.00654240708130115,0.0005346838404986843
2012-09-24,0.015264275518903716,0.013929168558302736,0.009058466311847433,0.009854967329826755,0.009100618847665833,0.009683999254148777,0.006404825062461143,0.006303955565564707,0.0004928883010562267
2012-09-25,0.015264275518903716,0.013922225741523077,0.00878699884948991,0.009529028931001273,0.009100618847665833,0.009677705765016552,0.006212882900654329,0.006087860561945586,-0.0036312419066611536
2012-09-26,0.015264275518903716,0.013939664622569396,0.008767001514527058,0.009733226231305887,0.009100618847665833,0.00969363698150035,0.006198743704487646,0.006223242022084521,-0.0006015190580679787
2012-09-27,0.015264275518903716,0.013930158573576476,0.008506831737026009,0.009462257157938737,0.009100618847665833,0.009685450997050725,0.0060147896162272224,0.006043591317838114,0.004753467554477798
2012-09-28,0.015264275518903716,0.013897728917069621,0.00868108677887865,0.00962214542986521,0.009100618847665833,0.009667145626663941,0.0061379973448753185,0.006149596185092511,-0.004077662909406509
2012-10-01,0.015264275518903716,0.01391680816968851,0.008731478365088755,0.009918422422936345,0.009100618847665833,0.009685753048085879,0.00617362691871096,0.0063460258727901855,0.0024743586553992447
2012-10-02,0.015264275518903716,0.013896849148007455,0.008582099684955534,0.009670774441766106,0.009100618847665833,0.009667771454475399,0.006068008121733893,0.0061818368984929125,0.0010483719540470783
2012-10-03,0.015264275518903716,0.0138985418360222,0.008342072669140785,0.009364874388897146,0.009100618847665833,0.009670023750785394,0.005898296054190251,0.005979027185768023,0.0016995174063194505
2012-10-04,0.015264275518903716,0.013897173440546032,0.008145713940838276,0.0091135011435261,0.009100618847665833,0.00966851266074708,0.005759459825079362,0.005812368385933606,0.0010080517748291221
2012-10-05,0.015264275518903716,0.013890737619249912,0.007918425350387042,0.008860710516956628,0.009100618847665833,0.009662503031166645,0.005598754512456013,0.005644769871735042,-0.004176472843235323
2012-10-08,0.015264275518903716,0.013907258639443068,0.008037619590477343,0.009298796564468489,0.009100618847665833,0.009680387025494204,0.00568303127962055,0.005935218025017068,2.081183177425871e-05
2012-10-09,0.015264275518903716,0.013885240267837972,0.007792770342076184,0.009037180550599221,0.009100618847665833,0.009661821470193089,0.005509909633119147,0.00576176833738401,-0.006929585459034271
2012-10-10,0.015264275518903716,0.013903762123260844,0.008525028396490053,0.010334826271479578,0.009100618847665833,0.009676575639343656,0.006027655637535482,0.006622098871498585,-0.00040549897458485066
2012-10-11,0.015264275518903716,0.013904798118375765,0.00826855096679733,0.009993937244777295,0.009100618847665833,0.009681269929532844,0.005846312238653143,0.006396091700436821,0.003146566783102733
2012-10-12,0.015264275518903716,0.013839625433337029,0.008214727679212186,0.00961057817842242,0.009095826815962747,0.00962750227800657,0.005808256266549068,0.006119403652980276,-0.001761192634506792
2012-10-15,0.015264275518903716,0.013833482006230658,0.008027455541955077,0.009442541152067153,0.009095826815962747,0.009629787092218359,0.0056758447482066895,0.006008725399378753,0.0032901583231596423
2012-10-16,0.015264275518903716,0.013809861212771536,0.00800554254276216,0.009331314270030994,0.009095826815962747,0.009608383372311983,0.005660351073936365,0.005935465372560151,0.0028123645824232662
2012-10-17,0.015264275518903716,0.01380990664579683,0.007925381834147153,0.009169091575414897,0.009095826815962747,0.009608694318565775,0.005603673122295637,0.005828616751609891,-0.000234487051439347
2012-10-18,0.015264275518903716,0.013814261692139609,0.007685104468891825,0.008910105830315129,0.009095826815962747,0.009613943106802976,0.005433784044172478,0.005658034763835783,-0.0026760688360972455
2012-10-19,0.015264275518903716,0.013796038359642564,0.0076054301162781475,0.008959400367159913,0.009095826815962747,0.009599166934309776,0.005377449972499878,0.005690502805959677,-0.00585308324254611
2012-10-22,0.015264275518903716,0.013791530060097187,0.008092974943481253,0.009822615607152784,0.009095826815962747,0.009595605968638912,0.005722170504744909,0.006259062946048326,-0.0013028030307872917
2012-10-23,0.015264275518903716,0.013798859981157478,0.007881472194361347,0.00958228321963082,0.009095826815962747,0.009602940377333218,0.005572626634766513,0.0061007670661951665,-0.005700801451042283
2012-10-24,0.015264275518903716,0.013828184745511871,0.00830321995890378,0.010284696356255243,0.009095826815962747,0.009629442039689259,0.005870825089050705,0.00656341426339084,-0.004455917821609689
2012-10-25,0.015264275518903716,0.013842926271555013,0.008441214956562526,0.010538129919048376,0.009095826815962747,0.009641777977221013,0.005968395007519469,0.00673033928427673,0.0006559080147477193
2012-10-26,0.015264275518903716,0.01382793286085412,0.008192591784119735,0.01014111154536665,0.009095826815962747,0.009636588579107005,0.00579260499283591,0.00646884155844868,0.003118066520820794
2012-10-31,0.015264275518903716,0.013805806498070814,0.008139313411734603,0.009935640407703747,0.009095826815962747,0.009616472108353629,0.005754934305217065,0.006333507179024657,0.0032015834827738955
2012-11-01,0.015264275518903716,0.013721260756531095,0.008099498561058294,0.009761385104312214,0.009095826815962747,0.009565369316384067,0.005726783054807683,0.006218733232600473,0.002933667161355169
2012-11-02,0.015264275518903716,0.013708269525452664,0.008028722251803046,0.009570690224749686,0.009095826815962747,0.009552856893696242,0.005676740380502692,0.006093131294155602,-0.006161181822754947
2012-11-05,0.015264275518903716,0.013738342127256898,0.008539258827262546,0.010420868550720663,0.009095826815962747,0.009578007911186143,0.006037717320884911,0.0066531046191381235,0.0019973047862835496
2012-11-06,0.014499553566831509,0.01359714666623385,0.008356982779159498,0.010080879819094953,0.009012275294676172,0.009467551831194899,0.005908838307486154,0.006429169693147622,0.003565746926813419
2012-11-07,0.014499553566831509,0.01359615587969331,0.008353286779067723,0.009942771461511271,0.009012275294676172,0.009467556459136103,0.0059062250357463575,0.006338204075886462,-0.005451951861774307
2012-11-08,0.014499553566831509,0.013609929744331267,0.008674241943157083,0.010510935955963871,0.009012275294676172,0.0094787275634416,0.006133157676230684,0.006712427872679062,-0.0015487423932667
2012-11-09,0.014499553566831509,0.013541733939705088,0.00845616840326802,0.010231375500729133,0.008969440156451689,0.00942497450956235,0.0059789679021941735,0.006528294270504913,0.00035230504981764726
2012-11-12,0.014499553566831509,0.013489845834033102,0.008201017016610853,0.009861739820342523,0.008969440156451689,0.009382922441118354,0.005798562087376913,0.006284832264175981,0.00028674592071190606
2012-11-13,0.014499553566831509,0.013463112855678248,0.007952859756371309,0.009412412259558823,0.008969440156451689,0.009360535898688488,0.005623101497791769,0.006038149896221099,-0.0011705985314172
2012-11-14,0.014499553566831509,0.01346494368209404,0.007739383376075831,0.009194275960202553,0.008969440156451689,0.009362176814144859,0.005472162163947615,0.005893771057651951,-0.008011652194692697
2012-11-15,0.014499553566831509,0.0134833332529179,0.008783303961029467,0.010675351160904019,0.008969440156451689,0.009386799023622577,0.006210270414897938,0.006874056860344508,-0.0020345875686404893
2012-11-16,0.014499553566831509,0.013493362086797304,0.008594289389282424,0.010434672624594592,0.008969440156451689,0.009397165777783071,0.006076626901236858,0.006714757891564791,0.0021422604608488773
2012-11-19,0.014499553566831509,0.013492190169976569,0.008421419321855611,0.010116668295300241,0.008969440156451689,0.009395725973293422,0.005954398424330508,0.006504278957710267,0.011012273979280628
2012-11-20,0.014499553566831509,0.013473808345249886,0.010297726414716839,0.012113376923658478,0.008969440156451689,0.009371937435649395,0.007281048905716501,0.007825849340879381,-0.002227730834748965
2012-11-21,0.014499553566831509,0.013484574161425365,0.010064395816807896,0.011771033538021457,0.008969440156451689,0.00938313922885929,0.007116071567403537,0.007599261008006932,0.0006760387580069804
2012-11-23,0.014499553566831509,0.013471655695141813,0.00976539516537149,0.011295907582595875,0.008969440156451689,0.00937175648320842,0.0069046619534485305,0.007284787287581498,0.00927719937054262
2012-11-26,0.014499553566831509,0.013486362730267168,0.010843805216230988,0.012396037529209902,0.008969440156451689,0.009378557741750362,0.007667156120073769,0.00801293516776468,0.0004347512714686029
2012-11-27,0.014499553566831509,0.013483108932745331,0.010516377635430616,0.011876121032578402,0.008969440156451689,0.009375515095623049,0.007435647131305057,0.00766881573345633,-0.002346154282299007
2012-11-28,0.014499553566831509,0.013492928559298704,0.010283283207248944,0.011567534226670551,0.008969440156451689,0.009386894627495082,0.007270836777748248,0.007464570017515345,0.0021046750954879403
2012-11-29,0.014499553566831509,0.013485303606653383,0.010041888714573632,0.011157040741937956,0.008969440156451689,0.009384751908396527,0.007100157830186802,0.007192874876721297,0.0037035233509946862
2012-11-30,0.014499553566831509,0.01348479254864438,0.00996207596481792,0.010940450408698314,0.008969440156451689,0.00938327316967081,0.007043725904257934,0.0070495192735927645,-0.0010766345153106593
2012-12-03,0.014499553566831509,0.01349094590025745,0.009678056069585552,0.010586500212290517,0.008969440156451689,0.009390782724436934,0.006842908494268486,0.006815248689469505,-0.001112301965627438
2012-12-04,0.014499553566831509,0.013451811724454452,0.009404606528834182,0.01026385639259709,0.008969440156451689,0.009359195243851042,0.006649564895956239,0.006601698995556484,0.0005467756406762779
2012-12-05,0.014499553566831509,0.013435514079980037,0.009123426115850142,0.009901368012460119,0.008969440156451689,0.00934508731617121,0.006450755153318242,0.006361777205953229,0.0002166433036193683
2012-12-06,0.014499553566831509,0.013438716473635702,0.008846351228688671,0.00957021284524108,0.008969440156451689,0.009348889625601178,0.0062548482392361755,0.00614259406875712,0.0033657608907760707
2012-12-07,0.014499553566831509,0.013437637454889614,0.00878868153575227,0.009457829448236619,0.008969440156451689,0.009346981451534293,0.006214072650748264,0.006068210372041615,-0.0007529980632203117
2012-12-10,0.014499553566831509,0.01344339476550197,0.008531739703747855,0.009203381196655308,0.008969440156451689,0.009353309272385204,0.006032400894342413,0.00589979758082955,0.0019445573927740713
2012-12-11,0.014499553566831509,0.013420032697879933,0.008345716765885323,0.008974822084227575,0.008969440156451689,0.009332874157380865,0.005900872627459495,0.005748520148810701,0.0011739055511263091
2012-12-12,0.014499553566831509,0.013363497909325839,0.00811907643030833,0.008682686414458301,0.00866328980373159,0.009286884062554766,0.00574062566605394,0.005492558912699669,-0.00316886596109367
2012-12-13,0.014499553566831509,0.013378152039042418,0.008076194580514204,0.008835544333688572,0.00866328980373159,0.009301717476546765,0.005710305881574872,0.005592937604271862,-0.004147624509139692
2012-12-14,0.014499553566831509,0.01339414260437523,0.008179083351439522,0.009190931811401896,0.00866328980373159,0.009319242635211248,0.005783053801143377,0.005826313344263884,0.0009598778571285101
2012-12-17,0.014499553566831509,0.013395849451881273,0.00794875714630338,0.008907742394798942,0.00866328980373159,0.009321494026370804,0.00562020073083189,0.0056403486049239815,0.0013355341704298983
2012-12-18,0.014499553566831509,0.013391958617734019,0.0077440914111638415,0.008659613513928622,0.00866328980373159,0.009321870648825885,0.005475490999104533,0.005477407407448209,0.0020332419277273254
2012-12-19,0.014499553566831509,0.013388362280339688,0.007597044464175711,0.008475538507366898,0.00866328980373159,0.009318054336445402,0.005371520863431986,0.005356529088530536,-0.001998059430737864
2012-12-20,0.014499553566831509,0.013388437941771405,0.007453087607431558,0.00844483154189592,0.00866328980373159,0.009318119064021267,0.005269735588502809,0.005336364447852115,0.0031224075815024293
2012-12-21,0.014499553566831509,0.01338798916042127,0.0074418664900529575,0.008403673027699177,0.00866328980373159,0.009318398370022076,0.005261801652299803,0.005309336487358287,-0.0007615364897064939
2012-12-24,0.014499553566831509,0.013378444443759423,0.007228195347498947,0.00823905364753081,0.00866328980373159,0.009310229194100883,0.005110724611016914,0.005201234283220383,-0.0017243279350094842
2012-12-26,0.014499553566831509,0.013381964650085693,0.007076543850099989,0.008194561242226762,0.00866328980373159,0.009317703975753844,0.005003498809444935,0.005172017024135545,-0.0009975375944083265
2012-12-27,0.014499553566831509,0.013380042691486868,0.006884471001601879,0.008070453467975434,0.00866328980373159,0.009316012538166387,0.004867692928898683,0.005090517968960532,0.0015355968323055524
2012-12-28,0.014499553566831509,0.01337935911872708,0.006731855468694185,0.00790665333495624,0.00866328980373159,0.009317591276757402,0.0047597855021403995,0.004982953747789571,-0.0047111943996211
2012-12-31,0.014499553566831509,0.01340242550971875,0.007057332335892915,0.008561941241388864,0.00866328980373159,0.00933902640441824,0.004989915231006236,0.00541326800943865,0.005115719971992184
2013-01-02,0.014499553566831509,0.0133822452282368,0.007437441213488647,0.008894347169123098,0.00866328980373159,0.009319157018339798,0.0052586727426950555,0.005631552232230789,0.009745243002994864
2013-01-03,0.014499553566831509,0.013375072984582096,0.009101350405142039,0.010716786516797625,0.00866328980373159,0.0093055187643786,0.0064351464332162555,0.006828311144758383,-0.007160689000373289
2013-01-04,0.014499553566831509,0.013406053257700562,0.009721849067476942,0.011646655730356335,0.00866328980373159,0.009330470695192624,0.006873872509676728,0.007438937375053184,0.0034278387664384517
2013-01-07,0.014499553566831509,0.013403025053714627,0.009625949274360739,0.011340616871721287,0.00866328980373159,0.009326476931617166,0.00680606617499597,0.007237967871119561,-0.0018067232055386522
2013-01-08,0.014499553566831509,0.013411129983372247,0.00938931901906267,0.01101502127471395,0.00866328980373159,0.00933404673336368,0.006638755800646236,0.007024155854222818,0.0007802255695762649
2013-01-09,0.014499553566831509,0.01341114666740691,0.009114133146771486,0.0105849033822791,0.00866328980373159,0.009334064012356397,0.006444184522130729,0.006741706168385086,0.0014894672753289265
2013-01-10,0.014499553566831509,0.013411530004880694,0.008877148137127507,0.01020538035347524,0.00866328980373159,0.009335981544047403,0.006276623317292977,0.006492481102096842,0.004658279273193511
2013-01-11,0.014499553566831509,0.013411658687863835,0.009006757410963982,0.0104242129522322,0.00866328980373159,0.009334274389710297,0.006368264075984052,0.006630807573863846,0.0022295009760336932
2013-01-14,0.014499553566831509,0.013410634564823,0.00882430871446767,0.010115372027528895,0.00866328980373159,0.009332974215803936,0.006239262990843997,0.006428926951080838,-0.000396664059294649
2013-01-15,0.014499553566831509,0.013414172031203014,0.008558470076516136,0.00978141801054342,0.00866328980373159,0.009336499932651047,0.0060513007119871835,0.006210630606466917,0.0026045403784749955
2013-01-16,0.014499553566831509,0.013397184658945934,0.00842943076382311,0.0095666372361927,0.00866328980373159,0.009320887845288664,0.005960062946616447,0.006070234457448146,2.4973816920259486e-05
2013-01-17,0.014499553566831509,0.013357993553208892,0.00817264873484269,0.00926306822374172,0.00866328980373159,0.009288831617981469,0.005778504179581853,0.005871799935371446,0.0011469018573824102
2013-01-18,0.014499553566831509,0.013359289283267402,0.007950583577394496,0.008989087296635832,0.00866328980373159,0.009291284648016613,0.005621492116285512,0.00569270631218035,0.0033744930030403467
2013-01-22,0.014499553566831509,0.013359266492717046,0.007944598977096193,0.008957052147061039,0.00866328980373159,0.009291320235881573,0.005617260680558997,0.005671765836259554,0.003653293685091463
2013-01-23,0.014499553566831509,0.013359173929781016,0.00797893867953812,0.008975025876992672,0.00866328980373159,0.009291360634439803,0.005641540705373998,0.005683514757798425,-0.00021858778158571063
2013-01-24,0.014499553566831509,0.013355627591696671,0.007736870796674305,0.00873138880055444,0.00866328980373159,0.009288169436993603,0.005470385634569648,0.005524256056019726,-0.0013524715646536234
2013-01-25,0.014499553566831509,0.013362555410751282,0.007540661712858453,0.008596589005487553,0.00866328980373159,0.00929484707694784,0.00533165521219531,0.005436141222775821,-0.0006921456990525925
2013-01-28,0.014499553566831509,0.01332471079166867,0.00732157383990502,0.008414793265058031,0.00866328980373159,0.009264127868861237,0.005176748249883357,0.005317306462348693,-0.0020264554658217973
2013-01-29,0.014499553566831509,0.013334851781497662,0.007191839863108093,0.008401021238398117,0.00866328980373159,0.009274010101067948,0.005085019319462214,0.005308304076017416,0.0013215444699962056
2013-01-30,0.014499553566831509,0.013325561806066134,0.007013295433198361,0.00821172620732294,0.00866328980373159,0.009271501731122686,0.004958778761725298,0.005184567240298842,-0.002184736559812839
2013-01-31,0.014499553566831509,0.013329730158367,0.006912670711524944,0.0082459538021521,0.00866328980373159,0.009275114756387743,0.004887631647292233,0.005206940855994733,-0.0011003344700335706
2013-02-01,0.014499553566831509,0.013332938378423491,0.006731348890929381,0.008133397484795211,0.00866328980373159,0.009278050802992118,0.004759427324293023,0.0051333659582767565,0.0017575078679958672
2013-02-04,0.014499553566831509,0.013318791783357481,0.006602679834643892,0.007996749024012423,0.00866328980373159,0.00926521200467195,0.00466845135020537,0.005044042704269308,-0.0023457147434826193
2013-02-05,0.014499553566831509,0.013328176522309866,0.006539599021278749,0.008083893099454193,0.00866328980373159,0.009276364769826205,0.004623849807240741,0.005101006334458328,0.0015772868289582465
2013-02-06,0.014499553566831509,0.013327771733888355,0.006403765115273867,0.007939294910163815,0.00866328980373159,0.009275893533450524,0.004527807897323362,0.00500648656660282,0.003347988248200006
2013-02-07,0.014499553566831509,0.013326767682064906,0.006495185824262036,0.008023619132838684,0.00866328980373159,0.009274059780612647,0.0045924472775448885,0.005061606938378839,-0.0027761700394814516
2013-02-08,0.014499553566831509,0.013322118807061377,0.006492980808169145,0.008188703278727007,0.00866328980373159,0.009270221846397862,0.00459088821204211,0.005169517799659779,0.004774681988492469
2013-02-11,0.014499553566831509,0.013317140518234157,0.006857985140745277,0.00810784291711571,0.00866328980373159,0.009268012893283028,0.0048489659943851265,0.005090006275098257,-0.0014243466362235946
2013-02-12,0.014499553566831509,0.013324434602805375,0.006698418452185699,0.007981816432857317,0.00866328980373159,0.009275090667900634,0.0047361437250475836,0.005008003130767322,0.0012837681711219242
2013-02-13,0.014499553566831509,0.0133224219031958,0.006535428755023618,0.007753443911255166,0.00866328980373159,0.009273019224998433,0.004620901203701413,0.004859405278812935,-0.002443847371976182
2013-02-14,0.014499553566831509,0.013334236754072738,0.006487560089496978,0.007843755860488664,0.00866328980373159,0.009284609274437486,0.004587055471088751,0.004918169623874074,0.0016876754695508203
2013-02-15,0.014499553566831509,0.013334931147061895,0.006363017756425908,0.007655974391829339,0.00866328980373159,0.009285757460582527,0.004498997313258246,0.004795983632828148,-0.0031940034642535258
2013-02-19,0.014499553566831509,0.013348364532350315,0.006432055121004693,0.007935823560548678,0.00866328980373159,0.009297657590698269,0.0045478104597311934,0.0049780764041089266,0.0032034182981843244
2013-02-20,0.014499553566831509,0.013311832775523835,0.006497786440286139,0.007943993909093408,0.00866328980373159,0.009266076449975213,0.00459428605357116,0.00498339270151173,-0.008209863915847559
2013-02-21,0.014499553566831509,0.013354491368109147,0.007846926898099295,0.010093186869930031,0.00866328980373159,0.009300356270370826,0.0055482012440135585,0.006381833526070221,-0.0021512561574159707
2013-02-22,0.014499553566831509,0.013361893416473605,0.007706007358266522,0.009874078422594017,0.00866328980373159,0.009306971011995005,0.005448563516230548,0.006239263638980591,0.006786150039770278
2013-02-25,0.014499553566831509,0.013349175906853503,0.008412684217738872,0.010562012289921987,0.00866328980373159,0.00929977509909008,0.005948222233809501,0.006686889711742965,-0.0051118514909595306
2013-02-26,0.014499553566831509,0.013370405701609038,0.008660944610098904,0.010950683373617688,0.00866328980373159,0.009321563593151026,0.006123755743375501,0.006939790926603577,0.003716493748043104
2013-02-27,0.014499553566831509,0.013319044448725673,0.0086600401144986,0.010727932446489346,0.00866328980373159,0.00927812100467421,0.006123116216121077,0.006794850944070194,0.005094948646124231
2013-02-28,0.014499553566831509,0.01330006933156705,0.008884007955147454,0.01080904290578897,0.00866328980373159,0.009259246831057699,0.006281473579231977,0.006847628046754884,-0.001452042651737462
2013-03-01,0.014499553566831509,0.013305820831923092,0.00865301663275444,0.01043424641913987,0.00866328980373159,0.009267308525992316,0.006118150235087191,0.006603754780192925,0.0027139009972844577
2013-03-04,0.014499553566831509,0.013297972115650269,0.008530757009987263,0.010114980844610462,0.00866328980373159,0.009259318650257701,0.00603170607676404,0.006396014469558255,0.0016290254507109747
2013-03-05,0.014499553566831509,0.013263091927357064,0.00832280521672761,0.009722556898098207,0.00866328980373159,0.009229904708883425,0.005884672924417799,0.006140671335024879,0.004555022852619106
2013-03-06,0.014499553566831509,0.013263986223609902,0.008476448332507906,0.009800459182128528,0.00866328980373159,0.00922970695626916,0.005993306907781762,0.006191360936330824,-0.0016633974745703828
2013-03-07,0.014499553566831509,0.013272492708467892,0.008272702891120079,0.00954061359221918,0.00866328980373159,0.009238045398615427,0.005849247873455362,0.006022284130463537,-0.0021204526910114426
2013-03-08,0.014499553566831509,0.013238738147409878,0.008111188122727892,0.009371512836583424,0.00866328980373159,0.009210994945904822,0.005735048206431939,0.005912253340090634,-0.0010204640112197016
2013-03-11,0.014499553566831509,0.013245093630037912,0.007885558314591418,0.009078483203097485,0.00866328980373159,0.009217501881000628,0.005575515742520168,0.005721584279778511,0.002378029047071406
2013-03-12,0.014499553566831509,0.01322053410820147,0.00776449425972483,0.00879334546972839,0.00866328980373159,0.009195888946347049,0.005489916915292807,0.005533276666735983,0.001180048208651796
2013-03-13,0.014499553566831509,0.013198935972414123,0.007557929418518243,0.008485554245115635,0.00866328980373159,0.009177246742995075,0.005343864412977607,0.005333091143751056,-0.00014130452709015803
2013-03-14,0.014499553566831509,0.013149063997470681,0.007328126828692828,0.00820546391027628,0.00866328980373159,0.009137021450971113,0.0051813815669789105,0.005150922109421423,0.0028443970407182606
2013-03-15,0.014499553566831509,0.013140848828217835,0.007287419492225575,0.008116956352620129,0.00866328980373159,0.00913401349146049,0.005152599280899146,0.00509335733726196,0.0015146388910011188
2013-03-18,0.014499553566831509,0.01313906964677142,0.007117937170389428,0.00788734402185741,0.00866328980373159,0.009135191540623172,0.005032766123146984,0.004944018886903753,-0.0006865081195343019
2013-03-19,0.014499553566831509,0.01313253344098825,0.0069121749974184726,0.007697355401480041,0.00866328980373159,0.009135978429990256,0.0048872811506382036,0.004820451454533711,0.0007634617549763575
2013-03-20,0.014499553566831509,0.013126854265129424,0.006715708488926247,0.007473665190858259,0.00866328980373159,0.009130708105761783,0.004748368715110404,0.004674964714759796,-8.216564614451618e-05
2013-03-21,0.014499553566831509,0.013128557312314793,0.0065112892949478,0.007282615546311339,0.00866328980373159,0.009132374139150572,0.004603833301303225,0.004550707198783412,-0.0011665539347682113
2013-03-22,0.014499553566831509,0.013135442420187248,0.006347831200904428,0.007204885949836948,0.00866328980373159,0.009139407015100513,0.004488259598057029,0.0045001523464116115,0.004388249281483659
2013-03-25,0.014499553566831509,0.013132976536185439,0.00664305556645772,0.007579103336394372,0.00866328980373159,0.00913520172272889,0.004696999173880354,0.004743541037341,-0.0033833127614840476
2013-03-26,0.014499553566831509,0.013142064164279975,0.006723043218369309,0.007911834309020746,0.00866328980373159,0.009142881659443033,0.004753554765082446,0.004959947219331072,0.0047176449110261425
2013-03-27,0.014499553566831509,0.013141662117724447,0.007050832234317612,0.008268606288714838,0.00866328980373159,0.009140458852704047,0.004985319308027133,0.0051919895247323645,0.002663792982371338
2013-03-28,0.014499553566831509,0.013131387380068344,0.007002533974150139,0.008146418243011787,0.00866328980373159,0.00913639456531837,0.004951169828794726,0.005112519169908746,-5.875556348772221e-05
2013-04-01,0.014499553566831509,0.013131597701095387,0.006789291135116406,0.007892731167094037,0.00866328980373159,0.009136594312136911,0.004800395621239598,0.004947522653094444,-0.00022273397748338067
2013-04-02,0.014499553566831509,0.013135538630782331,0.006583685506857513,0.007669736320104883,0.00866328980373159,0.009141725171967227,0.00465502133429951,0.004802488173558415,0.0006855708827937736
2013-04-03,0.014499553566831509,0.013136355077306785,0.0063950635492795406,0.00744746613199402,0.00866328980373159,0.009142591683141646,0.004521655420066784,0.0046579250077082085,-0.003319443544225276
2013-04-04,0.014499553566831509,0.01314908042829213,0.006482356960930602,0.0077828043851507255,0.00866328980373159,0.009153635470461064,0.004583376578095402,0.004876026948949343,0.007427293030905878
2013-04-05,0.014499553566831509,0.013146273607947104,0.007577098435780952,0.009115187703529893,0.00866328980373159,0.009146048918881005,0.005357417943780761,0.00574260087983937,0.006020856444775025
2013-04-08,0.014499553566831509,0.01313474527930026,0.008107945310222185,0.009668983623136425,0.00866328980373159,0.009132540515461546,0.005732755362798767,0.006102786346247106,0.0011798505665485239
2013-04-09,0.014499553566831509,0.013125733463273948,0.00788964304170105,0.009288078490043584,0.00866328980373159,0.009124265304279367,0.005578403865262411,0.005855047986026571,0.0017892254805455421
2013-04-10,0.014499553566831509,0.013117109918823406,0.007716942022464089,0.008801643903212721,0.00866328980373159,0.009116080539199645,0.005456294914559045,0.005496117851585491,0.0011939481833420423
2013-04-11,0.014499553566831509,0.013109930315645458,0.007512722931170063,0.008471202404728,0.00866328980373159,0.009109377496698762,0.005311900984160219,0.005282134268090091,0.0034541420334837985
2013-04-12,0.014499553566831509,0.01310968896990403,0.007545113371952349,0.00843200993650236,0.00866328980373159,0.009108469312774502,0.005334802775673779,0.00525675445098053,-0.0012141443289479976
2013-04-15,0.014499553566831509,0.013116927820740299,0.007347903588518875,0.008227942942023612,0.00866328980373159,0.009116239006762375,0.00519536480460739,0.005124607045306789,-0.019482611072214585
2013-04-16,0.015288075291990328,0.01330945117663151,0.013191074447146353,0.01706982812137601,0.008969440156451689,0.009268190563802015,0.009326802276603388,0.010850335454749225,0.0076529699189317405
2013-04-17,0.015288075291990328,0.013284602241321391,0.013512290392508402,0.01701348909975179,0.008969440156451689,0.009242535907282703,0.009553919303536109,0.010813852065728604,-0.006941434958739523
2013-04-18,0.015288075291990328,0.013322115102997486,0.013684769612020148,0.017072675323223457,0.008969440156451689,0.009276122797985075,0.009675871429851105,0.01085217921365071,-0.001149162700979445
2013-04-19,0.015288075291990328,0.01332063632438316,0.01328402623059657,0.016202481816395064,0.008969440156451689,0.009280220443100111,0.009392524209185262,0.010288669104359221,0.006057289780123376
2013-04-22,0.015288075291990328,0.013324240598860912,0.013333845009435604,0.01588693738612274,0.008969440156451689,0.009281134776048205,0.00942774877726387,0.010084332396496216,0.004076280197761262
2013-04-23,0.015288075291990328,0.013323724745412987,0.01313466403101764,0.01527228201179926,0.008969440156451689,0.009279243438373762,0.009286917064850433,0.009686300792670502,0.0043061967401261236
2013-04-24,0.015288075291990328,0.013315908073225965,0.01296878976756399,0.01473911286879573,0.008969440156451689,0.009275684177795765,0.009169634999298593,0.00934103712466198,0.003180934519186329
2013-04-25,0.015288075291990328,0.013315843664384925,0.012703688529743313,0.014107142056190635,0.008969440156451689,0.009275799082839643,0.00898219410217204,0.008931792584354975,0.0028733938087604606
2013-04-26,0.015288075291990328,0.013312295958497344,0.012425040983103038,0.013491594898119684,0.008969440156451689,0.00927513476738338,0.008785175232876167,0.00853318348925513,0.0012908419419570879
2013-04-29,0.015288075291990328,0.01331336448215478,0.012068960452904691,0.012817419258686659,0.008969440156451689,0.009276611932180512,0.008533407060919065,0.008096608422586098,0.004702712832106837
2013-04-30,0.015288075291990328,0.013309267508664572,0.012004225326857817,0.012568553453103072,0.008969440156451689,0.009270591463310445,0.008487635829514877,0.007935450707430935,0.0027536540234011754
2013-05-01,0.015288075291990328,0.013300279828192138,0.011743828907220288,0.012058545693736678,0.008969440156451689,0.009261589965173582,0.008303521493019711,0.007605185627348306,-0.0029820426965377128
2013-05-02,0.015288075291990328,0.013294098323871129,0.01151216783096916,0.01178085549479861,0.008969440156451689,0.009256522499810538,0.008139724596714056,0.00742536213622264,0.0048664057597907606
2013-05-03,0.015288075291990328,0.013265428597986016,0.011500784576350332,0.011669004574501325,0.008969440156451689,0.009230067558981534,0.008131676020722811,0.007352930977145392,-0.001218615507654651
2013-05-06,0.015288075291990328,0.013270754092440778,0.011172026254304178,0.011192306918988022,0.008969440156451689,0.009235065939191612,0.007899226126000573,0.007044236478910907,0.0007032074856024085
2013-05-07,0.015288075291990328,0.013272623010453281,0.010839090900363233,0.01066858813581963,0.008969440156451689,0.009238256454479414,0.007663822844066255,0.006705092568475563,0.0003271501896333519
2013-05-08,0.015288075291990328,0.013275019486465821,0.010510541911012016,0.010855207538474047,0.008969440156451689,0.00924219057995955,0.007431520958868451,0.006514960412872429,0.004883576061012463
2013-05-09,0.015288075291990328,0.013240667866337841,0.010563493756139053,0.0109036615429515,0.008969440156451689,0.009211246463348541,0.00746896077407532,0.006544993970484989,-0.0046770453972217576
2013-05-10,0.015288075291990328,0.013261680050226094,0.010582777884970522,0.011163753734742654,0.008969440156451689,0.009229153789546782,0.007482595694976442,0.0067062085885744305,-0.0023007254409558643
2013-05-13,0.015288075291990328,0.013255281745174643,0.010343804693578163,0.01091936278703682,0.008969440156451689,0.009223839389912915,0.007313628738231869,0.0065547261737138205,-0.00239377728078235
2013-05-14,0.015288075291990328,0.013260245014913713,0.010121032665005934,0.01070995403961136,0.008969440156451689,0.009228121052835376,0.007156116878862406,0.006424927001319244,0.000984768615346477
2013-05-15,0.015288075291990328,0.013261879214627749,0.009828737527988613,0.010294927126660523,0.008969440156451689,0.009230318566243635,0.0069494484258644015,0.006167678197318492,0.0032752176096819243
2013-05-16,0.015288075291990328,0.013261272407970247,0.009710358199712986,0.01010499743645878,0.008969440156451689,0.009229011541277303,0.006865747845378121,0.006049952854397372,-0.0003583409057879906
2013-05-17,0.015288075291990328,0.013265272443429576,0.009416755751511456,0.009751974858128646,0.008969440156451689,0.009233139481132132,0.006658155052745921,0.005831136596398588,-0.0009322810490974494
2013-05-20,0.015288075291990328,0.013249700968105564,0.009145326444096562,0.009465250502886338,0.008969440156451689,0.009220100304999918,0.006466239868544852,0.005653414392940647,0.003494219865379933
2013-05-21,0.015288075291990328,0.0132153024574288,0.009087540429485253,0.009387285786582236,0.008969440156451689,0.0091900413338117,0.006425382034348548,0.0056050890207837226,0.0020488966315913458
2013-05-22,0.015288075291990328,0.01321540287271782,0.008887717830078651,0.009129270193528877,0.008969440156451689,0.009190191401412404,0.006284096661232829,0.00544516155426209,-0.011567868695237082
2013-05-23,0.015288075291990328,0.013297962188381321,0.010849137572266262,0.012580220474235787,0.009012289771055622,0.009255944575227848,0.00767092638386909,0.007584186288985916,-0.0010186962968005363
2013-05-24,0.015288075291990328,0.013299852557687515,0.010534634685379605,0.01208996650743977,0.009012289771055622,0.00926165461893829,0.007448555851948743,0.007280309015779201,-0.001683590888043829
2013-05-28,0.015288075291990328,0.01330837640104484,0.010258665123187165,0.0116943090245949,0.009012289771055622,0.009270839927547861,0.007253430462334519,0.007035066090369572,-0.006006308976108343
2013-05-29,0.015288075291990328,0.013328534124721004,0.010518559108924972,0.012217062475198617,0.009012289771055622,0.009293573535782942,0.007437189550918791,0.00735908772790372,-0.001300091690088523
2013-05-30,0.015288075291990328,0.013269361677846453,0.010224995065630826,0.011775106267855478,0.008969440156451689,0.00924664421534556,0.007229623912630922,0.0070851471659498545,0.0015882584394467441
2013-05-31,0.015288075291990328,0.013233537777068387,0.009954727717678354,0.011307399487653065,0.008969440156451689,0.009216503201714188,0.007038530296544176,0.0067952454606010106,-0.012073676634356868
2013-06-03,0.015288075291990328,0.0133158272524379,0.011852658336760243,0.014336032742279937,0.009012289771055622,0.009280982659916438,0.00838046977917045,0.008672502713558867,0.006674051881742216
2013-06-04,0.015288075291990328,0.013263355601997618,0.012104548304902395,0.014410812477473015,0.008969440156451689,0.009234642762150943,0.008558569594900775,0.008718853918364206,-0.006657187695174405
2013-06-05,0.015288075291990328,0.01330023511202979,0.012333677172278125,0.014756791474037158,0.008969440156451689,0.009266412517116476,0.008720576082729962,0.00893330430772016,-0.004301052639043957
2013-06-06,0.015288075291990328,0.013313942034114838,0.012206527459118682,0.01453550697264602,0.008969440156451689,0.009277859652311817,0.008630674366314322,0.008689005977868248,0.00635090091468622
2013-06-07,0.015288075291990328,0.01331813663500726,0.012375634777989027,0.014535889783621768,0.008969440156451689,0.00927845227577804,0.008750242376710278,0.008689240355617477,-0.0012970021010079158
2013-06-10,0.015288075291990328,0.01326890133407275,0.012021364066091462,0.013974382419424494,0.008665312880134241,0.009239146223704515,0.00849975384406653,0.00834545493530828,-0.001699245159354712
2013-06-11,0.015288075291990328,0.013269194732234226,0.011695297845042566,0.013480885481948191,0.008665312880134241,0.009239400227849718,0.008269207410189024,0.008043309205992454,-0.0037805111228012894
2013-06-12,0.015288075291990328,0.013286628054179026,0.011541840656223561,0.013293742852588535,0.008665312880134241,0.00925652872309798,0.008160704887231321,0.007928730285760209,-0.008329438237099085
2013-06-13,0.015288075291990328,0.01330350778318789,0.012155234501888186,0.014277290377060914,0.008665312880134241,0.009269682616478495,0.008594407474471058,0.008530911700741639,0.014529479315986426
2013-06-14,0.015288075291990328,0.013355416668613571,0.01440255777450317,0.017038580984636797,0.008665312880134241,0.009299389551676593,0.010183386438942264,0.010221524349212266,-0.003423087139459136
2013-06-17,0.015288075291990328,0.013371585759613634,0.014099379096324341,0.01652214636537826,0.008665312880134241,0.009314211647670465,0.009969022734364156,0.009905334920605519,0.0027394041884825863
2013-06-18,0.015288075291990328,0.013371504570115067,0.013758695493230574,0.015861656647943114,0.008665312880134241,0.009314642587294614,0.00972814102168276,0.009500947107378959,0.0033157574878361798
2013-06-19,0.015288075291990328,0.01336337322428312,0.013472697653212708,0.015292062446322736,0.008665312880134241,0.009311397415171082,0.0095259250978723,0.009152210484325612,-0.014724562334139124
2013-06-20,0.015288075291990328,0.013470601910141822,0.01552497424867096,0.018369547086122328,0.009016806751549176,0.009393885178471314,0.010976995524275715,0.011036414357414797,-0.028014070967907128
2013-06-21,0.018520111981395446,0.013825392931423208,0.02194071056771244,0.027263345331234184,0.009192027650061118,0.009659109003765333,0.015513267709402232,0.01648168251024132,-0.000946698342192652
2013-06-24,0.018520111981395446,0.013782906310312346,0.021279147399480287,0.025957360318988165,0.009192027650061118,0.009624790191832388,0.01504550680877905,0.015682087286776412,-0.006728652331292506
2013-06-25,0.018520111981395446,0.013816461107387473,0.020984168346861842,0.025265357530710873,0.009192027650061118,0.00965265534713347,0.014836940682453593,0.01525840545356814,0.003756065259582964
2013-06-26,0.018520111981395446,0.013814870977336377,0.020457181400512857,0.024157648132457722,0.009192027650061118,0.009652369781346818,0.014464332441127865,0.014580205370469827,0.0036142231370379745
2013-06-27,0.018520111981395446,0.013813689423679835,0.019940614389201732,0.023104100628862315,0.009192027650061118,0.009652271436458169,0.014099091656806683,0.01393516615204917,0.00644916289751426
2013-06-28,0.018520111981395446,0.013817596498481348,0.01967932443294657,0.02241787480799673,0.009192027650061118,0.009653753376159079,0.013914345541649897,0.013515021293235858,0.00233272032667744
2013-07-01,0.018520111981395446,0.013810045999276169,0.019126061232189337,0.021388818199203144,0.009192027650061118,0.009651447514119416,0.013523158568893502,0.012884976735793918,0.005368294402924934
2013-07-02,0.018520111981395446,0.013812026352238467,0.01879403185791339,0.020678510913635005,0.009192027650061118,0.009651099152262664,0.013288395863527522,0.012450087891429741,-0.00042359470142759896
2013-07-03,0.018520111981395446,0.013816520832804774,0.018223088641696996,0.019716995306909468,0.009192027650061118,0.009656281730982264,0.012884708164685803,0.011861395617616826,-0.0007747779726818838
2013-07-05,0.018520111981395446,0.013819475446614191,0.017673455278422543,0.019103519526242275,0.009192027650061118,0.009662072678665756,0.012496087683130238,0.011235862849140599,-0.008113732327963384
2013-07-08,0.018520111981395446,0.013864624921202946,0.017747865281442506,0.01925604084067784,0.009192027650061118,0.009699205273782131,0.012548699575235718,0.011327192781139323,0.007116377778543747
2013-07-09,0.018520111981395446,0.013836013971350116,0.017678572865953236,0.019051605716071146,0.009192027650061118,0.009670937264496488,0.012499706093990037,0.011204776802116486,0.0060875208607708235
2013-07-10,0.018520111981395446,0.013835546741982634,0.01748751646582006,0.018717262237118684,0.009192027650061118,0.009666889042940222,0.012364618897351007,0.011004571556640148,-0.00159384335605236
2013-07-11,0.018520111981395446,0.013843515231248769,0.016979084787993395,0.018088041798492015,0.009192027650061118,0.009675552574132147,0.012005130233311444,0.01062779366113978,0.016694705306631887
2013-07-12,0.018520111981395446,0.013863027651691366,0.019012994007750587,0.020421868029138653,0.009192027650061118,0.009674537621817634,0.013443213932804158,0.012025291392723046,-0.0014505349516977795
2013-07-15,0.018520111981395446,0.013869750415119876,0.018452303893920777,0.01970682142754772,0.009192027650061118,0.009682893096288168,0.013046775731269469,0.011597120695788688,0.004195913707779275
2013-07-16,0.018520111981395446,0.013828010177704563,0.018049240332834768,0.01913526545649236,0.009192027650061118,0.009646541055295683,0.012761788018235515,0.011254872347332417,0.00010198630595804607
2013-07-17,0.018520111981395446,0.013780414014700426,0.017499484261280646,0.018436747952582332,0.009192027650061118,0.009621393012792674,0.012373080775296957,0.010836599292395076,0.0009845449104335048
2013-07-18,0.018520111981395446,0.013775804996136442,0.01697565276257394,0.01777013233742153,0.009192027650061118,0.00961697273345285,0.012002703605926101,0.010437429123771557,0.0005155198170940351
2013-07-19,0.018520111981395446,0.013776086053131482,0.01646112741089717,0.017130605959380908,0.009192027650061118,0.009620033158519687,0.011638906385266249,0.010054480020336466,0.006190490110129387
2013-07-22,0.018520111981395446,0.013779572424942347,0.01634485620281989,0.016935268097025915,0.009192027650061118,0.00962119114477037,0.011556696359650544,0.009937511492025004,0.00506583259531288
2013-07-23,0.018520111981395446,0.013747826232581122,0.016107702542574397,0.016604761346307496,0.009192027650061118,0.009592090119059014,0.011389015909726238,0.009739603683664323,-0.0013332230090472466
2013-07-24,0.018520111981395446,0.013754431517128836,0.0156354651207176,0.01606335799410777,0.009192027650061118,0.009598512382841122,0.01105511854003744,0.009415410756772305,-0.009063977586990492
2013-07-25,0.018520111981395446,0.013702453979998239,0.016014892398698615,0.016722738385071143,0.009070100781493135,0.009559010843602327,0.011323394123975511,0.009810248465133516,0.0021465196808433842
2013-07-26,0.018520111981395446,0.013698976357096658,0.01557511814472183,0.016166383022287328,0.009070100781493135,0.009555239965944009,0.011012449967787418,0.009477102257744657,0.0018172184760699484
2013-07-29,0.018520111981395446,0.01369914616591482,0.015136100664439529,0.015623324478987564,0.009070100781493135,0.009556692697142485,0.01070204089148572,0.009151918200588843,-0.005360278419742359
2013-07-30,0.018520111981395446,0.01371723088786516,0.01498950678455874,0.01556357472595961,0.009070100781493135,0.009571564952733124,0.01059839109873483,0.00911613998230389,-0.0006979731047458194
2013-07-31,0.018520111981395446,0.013699988017871612,0.014538307481654956,0.015045440786905413,0.009070100781493135,0.009557066870661364,0.010279368815721694,0.008805880805773887,-0.0001486506507403563
2013-08-01,0.018520111981395446,0.013703790127029538,0.014095666588293528,0.014537094760420637,0.009070100781493135,0.0095613069050951,0.009966397790619624,0.0085014826421304,-0.0012429132975024456
2013-08-02,0.015288075291990328,0.01349788310503514,0.013684596307960204,0.013628885198015604,0.009010683557046534,0.0094044662477195,0.009675748894518044,0.008077778176226081,0.004110349055735196
2013-08-05,0.015288075291990328,0.013438946938041369,0.013472865804299223,0.013424700066830435,0.008665312880134241,0.009354939253231411,0.00952604398977476,0.007953726130750391,-0.0037002790965791287
2013-08-06,0.014729871567533812,0.013041619784086649,0.013231516426648925,0.013277756379299786,0.008516932340345377,0.009058945725919674,0.00935539694097332,0.007864450947478667,-0.003264787789780688
2013-08-07,0.014729871567533812,0.012607521736011628,0.012962627670295256,0.01310421813337408,0.008516932340345377,0.008775161099692369,0.009165278063624781,0.007759018322436912,0.00038200380281423437
2013-08-08,0.014729871567533812,0.012498634351884981,0.012569618833201384,0.012796240315139517,0.008338469913933414,0.008690048611386343,0.008887399583655673,0.007571907350686035,0.005406475501855735
2013-08-09,0.014729871567533812,0.012476487899480214,0.01257008240443851,0.012744973369283286,0.008338469913933414,0.008677430257329203,0.00888772735356457,0.007540760276156942,0.00037848440632985984
2013-08-12,0.014729871567533812,0.012461754102137661,0.012189055284660735,0.01245159990061323,0.008338469913933414,0.008672243429381712,0.008618320595045382,0.0073625221318534065,-0.0017111210282764189
2013-08-13,0.014729871567533812,0.012431433876547715,0.011857884515044523,0.012222446157698758,0.008338469913933414,0.00865911825878363,0.008384164969559607,0.007223300483479947,-0.004956160784805675
2013-08-14,0.014729871567533812,0.012455508860137075,0.011838453169451677,0.012268787603804026,0.008338469913933414,0.008679645475074303,0.008370425958454865,0.007251455085856192,-0.0009453566831207794
2013-08-15,0.014729871567533812,0.012455114569282553,0.011490440870607672,0.01201772266724991,0.008338469913933414,0.008683829370635712,0.008124362461948224,0.007098921359497254,-0.010228141880171548
2013-08-16,0.014494244333436821,0.012334820765846799,0.012572919341108064,0.012958100183173685,0.008338469913933414,0.008593920273010949,0.008889733221054304,0.007670244813328476,-0.0039644885735796945
2013-08-19,0.014494244333436821,0.012317702017476659,0.012397466776990742,0.01285886747848815,0.008338469913933414,0.008580343308331441,0.008765678779469422,0.007609956290247125,-0.007633111256231495
2013-08-20,0.014494244333436821,0.012363781862171559,0.012782589501957861,0.013225461843005262,0.008338469913933414,0.008619091753167982,0.009037981352120892,0.007832679563554263,0.006749944580494461
2013-08-21,0.014494244333436821,0.012341847766810618,0.012976341632989852,0.013295492931642602,0.008338469913933414,0.008606064130582035,0.009174974576141158,0.007875226735044793,-0.007442030007254219
2013-08-22,0.014494244333436821,0.012360978064311997,0.01327652800337044,0.013595509344462688,0.008338469913933414,0.008621064433751952,0.00938722255744769,0.008057500779538556,0.008839301174323811
2013-08-23,0.014494244333436821,0.012338321830288454,0.013822487350903023,0.013926673484226824,0.008338469913933414,0.008595931027089552,0.009773245311386536,0.00825869852928402,0.00809074790420825
2013-08-26,0.014494244333436821,0.012291615196098971,0.014172272549512406,0.014121777908950438,0.008338469913933414,0.008566677754317237,0.010020562343807495,0.00837723361961032,-0.0006040050364757746
2013-08-27,0.014494244333436821,0.012266432622307848,0.013744838063102642,0.01378492678797666,0.008338469913933414,0.00855574781424259,0.009718343069940245,0.008172580762004934,-0.0038847392580689927
2013-08-28,0.014494244333436821,0.012270479642082402,0.013508725238197978,0.013634484095603711,0.008338469913933414,0.008565906431331892,0.009551398546832617,0.008081179769153941,-0.001768544963983365
2013-08-29,0.014494244333436821,0.012274138690042584,0.013135910386974477,0.01335567952852272,0.008338469913933414,0.008569129252134837,0.009287798305845795,0.00791179291598981,0.0024013362248075814
2013-08-30,0.014494244333436821,0.01226998810387422,0.0128090377141408,0.013239627000980947,0.008338469913933414,0.008564542722783723,0.009056681666988215,0.007948865430304144,-0.004606932993085022
2013-09-03,0.014494244333436821,0.0122832420972307,0.012693259175481536,0.013191426509138739,0.008338469913933414,0.00857541502613794,0.00897481998526731,0.007919248345055972,-2.6855315583084838e-05
2013-09-04,0.014494244333436821,0.012268816624803612,0.012306580880661975,0.01270865476348249,0.008338469913933414,0.008563060796014144,0.00870141754069113,0.007622606310918255,0.0031121930253221854
2013-09-05,0.014494244333436821,0.012251221784246587,0.012062748894763319,0.012374058554501919,0.008338469913933414,0.00855414077428175,0.008529015153736193,0.007417011636126664,-0.006639663665638152
2013-09-06,0.014494244333436821,0.012280913493387488,0.012292044646160991,0.012840249560188054,0.008338469913933414,0.008578120419734095,0.008691139637584736,0.007703465533786845,0.005254287036830951
2013-09-09,0.014163722254658662,0.012156462920381438,0.012287930781688251,0.012773886945218062,0.008290432299197894,0.008478557998701827,0.008688230913152642,0.007662688621565862,0.007254646010637045
2013-09-10,0.014163722254658662,0.012163330907205195,0.012610443783961606,0.013108962175956407,0.008290432299197894,0.008479497937116427,0.00891626502939463,0.007868577634188738,0.00029724753533701993
2013-09-11,0.014163722254658662,0.012165479757281387,0.012227452118695557,0.012627150485450676,0.008290432299197894,0.008481876681365446,0.008645469231081457,0.007572525511774929,0.005044363156500652
2013-09-12,0.014163722254658662,0.012148021977018798,0.012198462367857963,0.012545235107769512,0.008290432299197894,0.008472138438148525,0.008624971911079693,0.007522192109952773,-0.0057470885805739344
2013-09-13,0.014163722254658662,0.012177407729188995,0.012271891116628275,0.0127857311395174,0.008290432299197894,0.00849894889885162,0.00867689000341881,0.007669966358760075,0.0029478345660967965
2013-09-16,0.014163722254658662,0.012171187906339975,0.012016032062298313,0.012430955094535219,0.008290432299197894,0.008496628217409602,0.008495983829325423,0.007451972061053631,0.0010178868106702434
2013-09-17,0.014163722254658662,0.012148492640377198,0.011664405628607042,0.011994390312578913,0.008290432299197894,0.008477205454034673,0.008247364944229589,0.007183722176677385,0.004307132020027516
2013-09-18,0.014163722254658662,0.012149607123528692,0.011572326722864667,0.011854225376683507,0.008290432299197894,0.008476975304269196,0.008182260183344024,0.007097596979681284,0.018742446732840826
2013-09-19,0.014163722254658662,0.012174402239873898,0.015490281255496346,0.01670292237272331,0.00821378968781007,0.008476871618680782,0.010952465703826315,0.010076908326635759,-0.0032017362637641322
2013-09-20,0.014163722254658662,0.012120186520578339,0.01512879908439871,0.01620406005156974,0.008118538907357592,0.008434590349199219,0.010696878279931947,0.00977037934056078,-0.006450514715112611
2013-09-23,0.014163722254658662,0.012117606753002875,0.015121467668316502,0.016219056097689956,0.008118538907357592,0.00843257962296817,0.010691694572685033,0.00977959375226807,-0.0006856516442294792
2013-09-24,0.014163722254658662,0.012115912842183338,0.01466601210875075,0.015578597103215417,0.008118538907357592,0.008435743038171989,0.010369662886269337,0.00938605982943158,0.00146349879412837
2013-09-25,0.014163722254658662,0.012113886632085619,0.014243660960548011,0.014968515109639964,0.008118538907357592,0.008436547905073807,0.010071037807139749,0.009011191239475039,0.0007867435624651308
2013-09-26,0.013347023814018227,0.011974768571812629,0.013817016734458827,0.014379917226066893,0.008016756201356228,0.008328784907681342,0.009769377290012645,0.008649523691522484,-0.00030498993455398973
2013-09-27,0.013347023814018227,0.011957801369875783,0.013397222057164673,0.013833402378270267,0.008016756201356228,0.008322648853725535,0.009472559773927735,0.008313714320747312,-0.0009553827296433504
2013-09-30,0.013347023814018227,0.011910532123168933,0.013000492672080793,0.013106538849568592,0.007652038303154547,0.00828493059890367,0.009192050665528589,0.007744311983096501,-0.004972374718887396
2013-10-01,0.013347023814018227,0.011879718121809614,0.012918994834143473,0.013100818804812685,0.007547033535908537,0.008260990335985286,0.009134427291219115,0.007740847458113018,0.0014399465505431808
2013-10-02,0.013347023814018227,0.011865788102397237,0.01255227780711513,0.01278195695492112,0.007547033535908537,0.008255289146539734,0.00887513854137076,0.007547718751543334,0.0021762813476514545
2013-10-03,0.013347023814018227,0.011857530471252377,0.012232906706344842,0.012499927281916252,0.007547033535908537,0.00825232974655759,0.008649325919231397,0.00737689861115895,-0.006471502109342565
2013-10-04,0.013347023814018227,0.011883307102793688,0.012420325465954781,0.012743319151412896,0.007547033535908537,0.008278901336223441,0.00878184110749844,0.007524316550813534,0.0023310739504149307
2013-10-07,0.013347023814018227,0.011821022991094082,0.012114993976864498,0.012469315113568653,0.007447053663370293,0.008228115084795585,0.008565955249301193,0.007358357388744678,-0.0019385298005217605
2013-10-08,0.013347023814018227,0.011688519281909933,0.011797751272272925,0.012237942380850454,0.007447053663370293,0.008147585813731196,0.008341647518245928,0.0072182192172432725,-0.006624795171271914
2013-10-09,0.013347023814018227,0.011710164698008542,0.012045195036414741,0.012528407531022703,0.007447053663370293,0.008164732031133654,0.00851660362754364,0.007394148569642792,-0.002678407977140862
2013-10-10,0.013347023814018227,0.01172268658046402,0.011777562288249088,0.012340970358398397,0.007447053663370293,0.008176885876312486,0.008327372815839364,0.007280621351744756,0.011992537769354439
2013-10-11,0.013347023814018227,0.011760662563223778,0.01330747710476642,0.013497703341081874,0.007447053663370293,0.008197291442632789,0.009409105244147353,0.007981233058250646,0.0026765675791564636
2013-10-14,0.013347023814018227,0.011753543499865958,0.01299191530646524,0.013201441545714218,0.007447053663370293,0.008194577730890176,0.009185986004649678,0.007801792785402621,-0.00023249838856579367
2013-10-15,0.013347023814018227,0.011712202706676894,0.01259682595300624,0.012873784702473768,0.007447053663370293,0.008161149354987173,0.00890663648721137,0.007603337114536839,-0.0032173999990339763
2013-10-16,0.013347023814018227,0.011700194734071715,0.012349921012114731,0.012708119986494362,0.007447053663370293,0.008160658348783465,0.008732061355061332,0.007502997069679742,0.011815901375942305
2013-10-17,0.013347023814018227,0.011677239875085416,0.013736971467728008,0.013770998165702826,0.0074366845230991645,0.008132227538275125,0.009712780962020742,0.008146762663028334,0.011370990818551996
2013-10-18,0.013347023814018227,0.01170543331795953,0.014811057174325282,0.014598446525889026,0.0074366845230991645,0.008144985220269017,0.010472217583631635,0.008647932782973105,0.0033943169178146998
2013-10-21,0.013347023814018227,0.011672856364799023,0.014489531450754363,0.014284895187911826,0.0074366845230991645,0.008126550563056858,0.0102448815267696,0.008458020554942929,-0.0012774650186078039
2013-10-22,0.013347023814018227,0.011653306455221245,0.014066969683379598,0.013933816873406446,0.0074366845230991645,0.00811952845256546,0.009946107528506774,0.008245378933475366,0.00943988643486362
2013-10-23,0.013347023814018227,0.01166909402961724,0.0146609196650636,0.01437186845378231,0.0074366845230991645,0.008124771493972392,0.010366062253465307,0.008510698648447751,-0.0020368779175736875
2013-10-24,0.013347023814018227,0.011678786313128216,0.014261599027561609,0.014049396554178879,0.0074366845230991645,0.008134001027286694,0.01008372098961519,0.008315383401745586,0.0017722525384183732
2013-10-25,0.013347023814018227,0.011606617764259667,0.013863964107251308,0.013694104611969425,0.0074366845230991645,0.0080909135466424,0.009802571618889788,0.008100189664153967,0.004310413913965461
2013-10-28,0.013347023814018227,0.011607917759829363,0.013664186871656473,0.013466081871504014,0.0074366845230991645,0.008090907646185416,0.009661318320439751,0.007904653282742685,-0.0011952645345439604
2013-10-29,0.013347023814018227,0.011585398014655003,0.013265417718388267,0.013126710348841062,0.0074366845230991645,0.008072517448582074,0.009379366985736631,0.007700620276642168,0.0015474342723675429
2013-10-30,0.013347023814018227,0.011540101446649133,0.012891492265652747,0.012787731183453168,0.00717475605071733,0.00803522676982135,0.009114981489481014,0.007496823159026541,-0.005124375947312365
2013-10-31,0.013347023814018227,0.011560260460451813,0.012835336728254947,0.01282616076003268,0.00717475605071733,0.008056321968756,0.009075276490760535,0.007519927342816514,-0.0030754019201575055
2013-11-01,0.013347023814018227,0.01155822593389048,0.012567111447401627,0.012641276379337818,0.00717475605071733,0.008061749058111287,0.00888562672643474,0.007408773302317749,-0.0028754143550761783
2013-11-04,0.013347023814018227,0.011547984278682043,0.012293945168965289,0.012452470794121751,0.00717475605071733,0.008053466880708276,0.008692483409882351,0.0072952618007694585,0.0022550148804022178
2013-11-05,0.013347023814018227,0.011538073801053171,0.01198848703753043,0.012177525021872164,0.00717475605071733,0.008049387290423793,0.008476508008705688,0.007129962096225818,-0.007550827194552612
2013-11-06,0.013347023814018227,0.011584484272508033,0.012394109044357329,0.012664721952577012,0.007447053663370293,0.00808836943692607,0.008763304681097449,0.007422868977612501,0.003417318321257701
2013-11-07,0.012605196929803206,0.011370554205150065,0.012173295765734773,0.012442834722009029,0.00717475605071733,0.007923927800037959,0.008607177763763081,0.007289468513387145,-0.006155107385642301
2013-11-08,0.012605196929803206,0.01140232362339559,0.012312581853364512,0.012660315607463123,0.00717475605071733,0.007949949799782667,0.008705660552591952,0.007420219845969256,-0.004075115287980101
2013-11-11,0.012605196929803206,0.011376379256948763,0.012161252815975339,0.012583440212997066,0.00717475605071733,0.007941334511581041,0.008598662747667662,0.007374001713979288,-0.0010739349836465517
2013-11-12,0.012605196929803206,0.01136812318199623,0.01180664261865809,0.012291553646920026,0.00717475605071733,0.007934351561928362,0.008347934180491637,0.007198517062085845,-0.0013470423909326072
2013-11-13,0.012605196929803206,0.011374944475637262,0.011472671956011857,0.012028761735960325,0.00717475605071733,0.007941213299067577,0.008111798879370545,0.007040524360897248,0.005607693040575845
2013-11-14,0.012605196929803206,0.011332486750686505,0.011573067332266042,0.0120695027589508,0.006952397660821207,0.007903488799678313,0.00818278383420192,0.0070650182056580905,0.006162565184327785
2013-11-15,0.012605196929803206,0.01127197234902463,0.011757187299418017,0.01218056943065471,0.006930177934019534,0.007851562101611812,0.008312966597985251,0.0071317924203226305,0.003562083968637198
2013-11-18,0.012605196929803206,0.011270985210167228,0.011578327883710755,0.012001530249605388,0.006930177934019534,0.007849240716790131,0.0081865033282725,0.007024152562880768,-0.0013588641321368613
2013-11-19,0.012078917732803474,0.011160269521442176,0.01125227992810931,0.01175731660893423,0.0067386989876795905,0.007763939777005649,0.007955969809053125,0.006877329273625663,-0.004063920335560356
2013-11-20,0.012078917732803474,0.011180733098084903,0.011152567739740084,0.011749569708981254,0.0067386989876795905,0.007782038008103051,0.007885467904965365,0.006872671772392316,-0.010572335973270652
2013-11-21,0.012078917732803474,0.011163059551773337,0.01237786815011712,0.012969571675843278,0.0067386989876795905,0.007768740663538273,0.008751821491461868,0.00760614718834411,0.004974358331479578
2013-11-22,0.012078917732803474,0.011130957142304165,0.012331006280413137,0.012863233189289908,0.0067386989876795905,0.007739582515010989,0.008718687617887562,0.00754221559825247,0.0046777566851192495
2013-11-25,0.012078917732803474,0.010990842022393092,0.01224890546179774,0.012550162463944907,0.0067386989876795905,0.007649439218988976,0.008660637903662899,0.007376595717891355,0.00014668938744141216
2013-11-26,0.012078917732803474,0.010988705256006905,0.011876048628537488,0.012242029243056882,0.0067386989876795905,0.007647454364132624,0.00839700797910803,0.007190992940390515,0.00035244967443971416
2013-11-27,0.012078917732803474,0.010778484412126508,0.011516007786916662,0.011953608292094712,0.0067386989876795905,0.007512372879494272,0.00814243965302101,0.007017263767555024,0.0012545723367856421
2013-11-29,0.012078917732803474,0.010761786650337704,0.011188047768466339,0.011692126075435955,0.0067386989876795905,0.007497754995304602,0.007910554202069053,0.006859761030462687,0.00013287028770000433
2013-12-02,0.012078917732803474,0.010763369263330625,0.010847479004776435,0.011442579987162017,0.0067386989876795905,0.0075010549130949036,0.0076697536870503425,0.006709447971180628,-0.007276547307370307
2013-12-03,0.012078917732803474,0.010807414121775404,0.011304897946739148,0.011920214632630518,0.006930177934019534,0.007538960741850878,0.007993173590891632,0.006997149234206074,-0.0012011168495348224
2013-12-04,0.012078917732803474,0.010800303351012973,0.01098185471539427,0.011686098518163721,0.006930177934019534,0.007532966690407337,0.007764764574050663,0.006856130356145753,-0.0013798231692749407
2013-12-05,0.012078917732803474,0.010803759044122258,0.010676295764385467,0.01147626407586681,0.006930177934019534,0.007539198366685058,0.007548717887988484,0.006729737443387412,-0.004205939760697164
2013-12-06,0.011572926774628277,0.01071527915408596,0.010624897908029026,0.011503370792260357,0.0067386989876795905,0.007471721588894386,0.007512376826796044,0.006746065062451241,0.008074341806402097
2013-12-09,0.011572926774628277,0.010726184309091972,0.011282058954022513,0.011951901808346288,0.0067386989876795905,0.0074779512267696205,0.00797702518917361,0.007016235874092077,0.00308141791902794
2013-12-10,0.011572926774628277,0.010652769531488776,0.011078400766046508,0.01176367376915158,0.006660760926980308,0.007418471377683413,0.0078330278477232,0.006902857489322685,0.0020477408509822492
2013-12-11,0.011572926774628277,0.010620741657498413,0.010804106112738226,0.011537918926588987,0.006660760926980308,0.007391315201028193,0.007639086709176349,0.006766874988983623,-0.01082622476636338
2013-12-12,0.011572926774628277,0.010694063285843942,0.012156633881564755,0.012754975905090303,0.0067386989876795905,0.007447917421412756,0.008595396911503312,0.007499964251269665,-0.005867002756114159
2013-12-13,0.011572926774628277,0.010727636187212668,0.01225128261906892,0.012868292771150723,0.0067386989876795905,0.0074763444504229995,0.008662318682278587,0.007568220199193395,0.002523564258593858
2013-12-16,0.011572926774628277,0.010718685357310373,0.011964789557878249,0.012584721814751345,0.0067386989876795905,0.007472457866348531,0.008459752610344826,0.0073974124006229835,0.002707764465946327
2013-12-17,0.011572926774628277,0.010706903625540491,0.011702461905380091,0.012329730343289269,0.0067386989876795905,0.007461073833590384,0.00827427278788312,0.007243819337187652,-0.0007681745405391017
2013-12-18,0.011572926774628277,0.010661275548058628,0.011354398651847607,0.012052489882139094,0.0067386989876795905,0.007436610771786938,0.008028173263658919,0.00707682468637788,0.007787484031661263
2013-12-19,0.011572926774628277,0.010656458119649612,0.011869256794960804,0.012388245072304748,0.0067386989876795905,0.007426386769802193,0.008392205785843248,0.007279065443396786,-0.00450443470294728
2013-12-20,0.011572926774628277,0.010671825963030072,0.011790458839690704,0.012367275048928365,0.0067386989876795905,0.00744365948227904,0.008336491374439571,0.00726643423611671,0.009104834877069146
2013-12-23,0.011572926774628277,0.01069361498642925,0.012553570959453286,0.012895008412527586,0.0067386989876795905,0.007454633206572574,0.008876052869935869,0.0075843122558303675,0.0013480370957242862
2013-12-24,0.011572926774628277,0.01069297611315287,0.012195355106767742,0.013009133464549072,0.0067386989876795905,0.007453888873531831,0.008622774909620382,0.007712768376157931,-0.0007793034177459133
2013-12-26,0.011572926774628277,0.010669481346383543,0.01183217174085867,0.012867620865956941,0.0067386989876795905,0.007434680266742759,0.008365984649087966,0.007626860133121276,0.002052522651326427
2013-12-27,0.011572926774628277,0.01065939439936971,0.01153118556512872,0.01273402765325782,0.0067386989876795905,0.007430415279105185,0.008153171162190274,0.00754575952230088,0.00018118784532511492
2013-12-30,0.011572926774628277,0.010659341136437713,0.011180375939188445,0.012589618117473209,0.0067386989876795905,0.007430363375863842,0.007905129804302104,0.0074580926317171555,0.0009715472958398028
2013-12-31,0.011572926774628277,0.010644647424227507,0.01085390511978186,0.012448875558964454,0.0067386989876795905,0.00742410826854899,0.007674297297527447,0.007372651857946762,0.00045861829678435246
2014-01-02,0.011572926774628277,0.010621501900390446,0.010526496009337534,0.012309379921601256,0.0067386989876795905,0.007404701825010896,0.0074428013682983135,0.007287968054268686,-0.0030594151973526553
2014-01-03,0.011572926774628277,0.010634670635800397,0.010353647569121356,0.012243905065192682,0.0067386989876795905,0.007416198148231411,0.0073205881829982835,0.007248220145368011,0.0016911746404961736
2014-01-06,0.011572926774628277,0.010630153969976477,0.010084386013104652,0.012116913213841203,0.0067386989876795905,0.007411590639101427,0.007130205716147627,0.00717112703183526,0.0006665787347747809
2014-01-07,0.011572926774628277,0.010628888032322627,0.009784550572341696,0.011983966461536344,0.0067386989876795905,0.007410325848700405,0.006918205861039593,0.007090418868593499,0.0036535344297008335
2014-01-08,0.011572926774628277,0.010619325659778018,0.009712237848460075,0.011912940161399004,0.0067386989876795905,0.00740550199707866,0.006867076858589578,0.0070473008373023085,-0.0018368978594048404
2014-01-09,0.011572926774628277,0.010624219314954575,0.009474363145041272,0.01181519908197085,0.0067386989876795905,0.007413058423370494,0.006698886592187676,0.006987965029114799,0.0022286665028347975
2014-01-10,0.011572926774628277,0.010622808887919236,0.0092731106727491,0.011706303204986796,0.0067386989876795905,0.007411146099718686,0.006556590221693554,0.006921857463013219,0.008470916602598754
2014-01-13,0.011572926774628277,0.010636682937027657,0.010204481342521898,0.011960917042177175,0.0067386989876795905,0.0074156185960786315,0.0072151196021473015,0.007076426226667189,-0.004729702419948812
2014-01-14,0.011572926774628277,0.010656028404895051,0.010254141865686548,0.01198938252111595,0.0067386989876795905,0.007435426372014051,0.007250232274914422,0.007093706803146993,0.003584027842572879
2014-01-15,0.011572926774628277,0.01065567827893628,0.010149365000071244,0.011915659608830939,0.0067386989876795905,0.007435332772393324,0.007176149370396542,0.007048951735902379,0.002823292191209148
2014-01-16,0.011572926774628277,0.010651351521378956,0.009970823389071957,0.011819133399170585,0.0067386989876795905,0.007430251213716397,0.0070499108057816015,0.006990353440334299,0.0017370544112279228
2014-01-17,0.011572926774628277,0.010648195546257642,0.009717615823804393,0.011701281774785023,0.0067386989876795905,0.007426864505166372,0.006870879377700956,0.006918809096645437,-0.0003660608973097392
2014-01-21,0.011572926774628277,0.010644921888530993,0.009423886973051248,0.011580348936812897,0.0067386989876795905,0.007423952082864857,0.006663197211635918,0.006845394236491782,0.001769245685255938
2014-01-22,0.011572926774628277,0.010641264518965488,0.009192251927249057,0.01146783415955851,0.0067386989876795905,0.00742008882343584,0.0064994187202639464,0.006777089739749098,-0.0004714035964939245
2014-01-23,0.011572926774628277,0.010631364198407893,0.00891626626306216,0.011352696232849995,0.0067386989876795905,0.007417862189621581,0.0063042819456697345,0.006707192804148895,0.0022408267903603727
2014-01-24,0.011572926774628277,0.010631043369609449,0.008738438194973533,0.010816241330172924,0.0067386989876795905,0.007418182278211538,0.006178547894441499,0.00629671572193274,-0.010181257334309447
2014-01-27,0.011572926774628277,0.010708451232095982,0.010268293598881886,0.011614057338762607,0.006930177934019534,0.007480039760258151,0.0072602383148251985,0.006774578308789714,-0.00638083489019169
2014-01-28,0.011572926774628277,0.01074237283944849,0.010598694100370211,0.011824365915178506,0.006930177934019534,0.007507577983336897,0.007493849319131132,0.006900545448183122,0.004808260501675843
2014-01-29,0.011572926774628277,0.010741665457996237,0.01063482734756619,0.01180825664740882,0.006930177934019534,0.0075072394677439215,0.00751939747698278,0.006890896586433155,-0.0017817137621462754
2014-01-30,0.011572926774628277,0.010749875228419336,0.01036071350623444,0.011683963345589323,0.006930177934019534,0.007515714245475495,0.007325584182271632,0.006816449448124343,0.003202064944156047
2014-01-31,0.011572926774628277,0.010750123655176217,0.010209460412751723,0.011584556778426453,0.006930177934019534,0.0075150798001384685,0.007218640073792047,0.006756908552951041,-0.001230464280465005
2014-02-03,0.011572926774628277,0.010753957160700135,0.0099232417709462,0.011451429661799397,0.006930177934019534,0.007518584064898232,0.0070162680311889845,0.00667717028291473,-0.007955442169793804
2014-02-04,0.011572926774628277,0.01080550322359008,0.010635473958859672,0.011858863427412348,0.006952397660821207,0.007560654585331256,0.007519854666100186,0.006921208195306152,0.0017096155179706645
2014-02-05,0.011572926774628277,0.010800808167882573,0.010357392348119897,0.011705996007519459,0.006952397660821207,0.007555841485176687,0.007323235944060425,0.0068296462061636955,-0.0030300887685321574
2014-02-06,0.011572926774628277,0.010814225010419868,0.010189228628841146,0.01164176941319444,0.006952397660821207,0.0075678290514686625,0.007204335109553312,0.006791176827035266,0.006451313538632187
2014-02-07,0.011572926774628277,0.010811215930025615,0.010540662230190493,0.011767131751785393,0.006952397660821207,0.0075604593696229115,0.0074528176517657165,0.006866264279240456,0.008042159639813761
2014-02-10,0.011572926774628277,0.010816046106862376,0.011200023008359882,0.01205082187985598,0.006952397660821207,0.007557753335041631,0.007919021343631288,0.007036184282105825,0.0027956807697947506
2014-02-11,0.011572926774628277,0.010810535028540994,0.010975062259024119,0.01192130882914294,0.006952397660821207,0.007555583944878204,0.0077599619404372525,0.006958610705267132,0.0057933393091207045
2014-02-12,0.011572926774628277,0.010811082036803917,0.011141057648997964,0.011974041755657376,0.006952397660821207,0.007552042698232265,0.00787732964898268,0.006990195798077279,-0.0010707331274066422
2014-02-13,0.011572926774628277,0.010806266341804462,0.010818874705691652,0.011822911417205331,0.006952397660821207,0.007547922746216583,0.007649528902261693,0.006899674257135867,0.005296690917196089
2014-02-14,0.011572926774628277,0.010808430887815489,0.01091489750692175,0.01184165420906635,0.006952397660821207,0.007548928736335015,0.007717422210324437,0.006910900503422229,0.0044675833789371575
2014-02-18,0.011572926774628277,0.010809795406267655,0.010884298149519704,0.011802658537001177,0.006952397660821207,0.007547930145475143,0.007695786811523263,0.006887543523205409,0.0026978276016577096
2014-02-19,0.011572926774628277,0.010798285811850447,0.010664109170091514,0.011678903405091694,0.006952397660821207,0.007536753845305758,0.007540101307446823,0.0068134187289741795,-0.005528018359058662
2014-02-20,0.011572926774628277,0.01082873531827842,0.010808457411437364,0.011800619127965848,0.006952397660821207,0.007562966712247257,0.0076421633124337945,0.006886321991841299,0.0028103715562854963
2014-02-21,0.011572926774628277,0.010827713873602882,0.01060085072951519,0.011680997885356063,0.006952397660821207,0.007562875323476984,0.007495374172447652,0.006814673245988725,0.0015501852916180118
2014-02-24,0.011572926774628277,0.010827777806644713,0.01031579687316077,0.011490506112357564,0.006952397660821207,0.007563832301706506,0.007293825696085581,0.006819799941962895,0.0036746357447623892
2014-02-25,0.011572926774628277,0.0108286054836052,0.010218381325783427,0.011435647382629817,0.006952397660821207,0.007563641391884335,0.007224947641254186,0.0067864498523453835,0.0027898763661044824
2014-02-26,0.011572926774628277,0.010828373536361856,0.010033831648121654,0.011355949383316397,0.006952397660821207,0.007562760927913499,0.007094461048925491,0.006737999306140075,0.0006500401615033289
2014-02-27,0.011572926774628277,0.010750053306887714,0.009735210288838834,0.01124847061292062,0.006930177934019534,0.007500904535886918,0.006883319615014176,0.0066726600858834665,0.003881562652131831
2014-02-28,0.011572926774628277,0.010751143059864824,0.009694336900823075,0.01120614428395301,0.006930177934019534,0.007500807732445571,0.00685441992151875,0.006646928778008576,0.0018305088338850916
2014-03-03,0.011572926774628277,0.010749292453014708,0.009456711705143556,0.011111504703766893,0.006930177934019534,0.007498641536288479,0.006686406070568078,0.0065893948450095,-0.0007793267860825906
2014-03-04,0.011572926774628277,0.010734562659389777,0.009179370752969948,0.01101563728868915,0.006930177934019534,0.007486371778041292,0.0064903110341483754,0.006531114478327501,0.003297826686353756
2014-03-05,0.011572926774628277,0.010676575212105431,0.009095970112065461,0.010958489502597875,0.0067386989876795905,0.007438453367399084,0.006431342275342953,0.006496372810099948,0.0009536912391559516
2014-03-06,0.011572926774628277,0.010677234714049202,0.008835598892128038,0.010858963542774845,0.0067386989876795905,0.007440293541452703,0.0062472457563971665,0.0064358683161782095,-0.0008427724474654896
2014-03-07,0.011572926774628277,0.010681690162109923,0.008579881828837002,0.010768407371453794,0.0067386989876795905,0.007446057617741284,0.006066439977639309,0.006380816796685075,-0.0041727280647819495
2014-03-10,0.011572926774628277,0.01070269033458438,0.008651665368636098,0.010787332016574053,0.0067386989876795905,0.00746509078814859,0.006117194818354024,0.00639232159480695,-0.0009033544935023508
2014-03-11,0.011572926774628277,0.010704367803012423,0.00840388107988355,0.010698923136441862,0.0067386989876795905,0.007466610062669725,0.0059419979397598195,0.006338575471081066,-0.0007194620569203505
2014-03-12,0.011572926774628277,0.010707954897592813,0.008158172852748911,0.010609567358700332,0.0067386989876795905,0.007471852227098847,0.005768268948887868,0.006284253702962998,0.003581794519951853
2014-03-13,0.011572926774628277,0.01062273943948726,0.00816873739811386,0.010570594313592772,0.006660760926980308,0.007403157800275906,0.005775738653206184,0.006260560946068064,-0.002440921420733023
2014-03-14,0.011572926774628277,0.010631974408322996,0.008041097566944804,0.010522442384935344,0.006660760926980308,0.007413772006587689,0.005685490396879319,0.006231288100270307,-0.0003529945769953359
2014-03-17,0.011572926774628277,0.010635637911864665,0.007798727849992271,0.010432249221337356,0.006660760926980308,0.00741806083659902,0.00551412191306778,0.006176457262884761,0.0017532199276223295
2014-03-18,0.011572926774628277,0.010631416130498844,0.0076268633869123175,0.010350345533135678,0.006660760926980308,0.007413688857015639,0.005392604452762028,0.006126665819388231,0.004085891966801581
2014-03-19,0.011572926774628277,0.010622499438949207,0.0077524085924745,0.01033692177621321,0.006660760926980308,0.007403705398474189,0.005481371695623531,0.006118505158385146,-0.009512539819595656
2014-03-20,0.011572926774628277,0.010692126348852632,0.009266966775328319,0.01080252318864344,0.0067386989876795905,0.007459676195290959,0.006552246154295484,0.006401556714767316,0.0014164092865119216
2014-03-21,0.011572926774628277,0.010670105445587509,0.009020838006303412,0.010709581486156979,0.0067386989876795905,0.00744071027737552,0.0063782198175875065,0.006345054967050766,0.0028960339955112603
2014-03-24,0.011572926774628277,0.010661145251025551,0.008900357573785257,0.01038450367063256,0.0067386989876795905,0.00743659110810471,0.006293033642890449,0.006121663281035683,-0.0016961441430231262
2014-03-25,0.011572926774628277,0.010651867523515187,0.00868317645788033,0.010310415136568744,0.0067386989876795905,0.0074358900221348796,0.00613947486082357,0.006076732931313856,0.002952000038213265
2014-03-26,0.011572926774628277,0.010648281128260214,0.008585065746126344,0.010248541372552756,0.0067386989876795905,0.007431386863745106,0.006070105287221912,0.006039210123082158,-0.0024640814643663083
2014-03-27,0.011572926774628277,0.010637777477264826,0.008441132375139455,0.010201989300334174,0.0067386989876795905,0.007422876529852632,0.00596833661799193,0.006010979022123202,0.0011460813465328124
2014-03-28,0.011572926774628277,0.010637354114013764,0.008209997869959636,0.010105920511985032,0.0067386989876795905,0.007422394097664249,0.005804912035881479,0.005952718937584867,0.001613664582380281
2014-03-31,0.011572926774628277,0.0106314498033432,0.008012823933165226,0.010017388657232364,0.0067386989876795905,0.0074165865152293,0.005665499410325508,0.005899029561140556,0.0031256674735188456
2014-04-01,0.011572926774628277,0.01062125056426885,0.007970283131094909,0.00996823566510132,0.0067386989876795905,0.007411625314388205,0.005635420765012138,0.005869221154830077,0.0010034730240431338
2014-04-02,0.011572926774628277,0.010535624450236182,0.007748603839253247,0.009875740241622206,0.006660760926980308,0.007344142388476398,0.005478681529545849,0.005813128106464381,0.0006453112173755329
2014-04-03,0.011572926774628277,0.010511137473603441,0.007521544333941674,0.009783352173548364,0.006660760926980308,0.007323609613168772,0.00531813819249247,0.005757100162854289,-2.8358247224380482e-05
2014-04-04,0.011572926774628277,0.010513779792886481,0.007292425697183778,0.009694071843786603,0.006660760926980308,0.007326483089407771,0.005156138938262797,0.0057029568802240685,-0.0013648433466695643
2014-04-07,0.011572926774628277,0.010520502645625403,0.007112916417043253,0.009627007868461891,0.006660760926980308,0.007333027981298474,0.005029216179287066,0.005662286513302245,-0.0032998794210647555
2014-04-08,0.011572926774628277,0.010497115789873283,0.007147995423230169,0.009633334854320542,0.006660760926980308,0.007314605076233494,0.0050540189317903605,0.005666123459071336,0.003865988695093781
2014-04-09,0.011572926774628277,0.0104982269895863,0.00727195544787303,0.00962382520642658,0.006660760926980308,0.007314472815575841,0.0051416653661031445,0.005660356415479419,0.004034429711888321
2014-04-10,0.011572926774628277,0.01048261080819964,0.007415773582602775,0.009622452186309331,0.006660760926980308,0.007305873135882058,0.005243352557073734,0.005659523759322532,-0.007790521145843933
2014-04-11,0.011572926774628277,0.010517685942148802,0.008449950835042207,0.009981254076652502,0.0067386989876795905,0.00733326477415176,0.005974571745556911,0.005877116057748705,-0.0024417571599945846
2014-04-14,0.011572926774628277,0.010528433679355622,0.008309847751425948,0.009940546048489415,0.0067386989876795905,0.007342968096677939,0.005875511296427692,0.0058524290266855974,0.004259637374213488
2014-04-15,0.011572926774628277,0.010513939964999826,0.008414399919895196,0.009940943727264112,0.0067386989876795905,0.007334948778987282,0.005949435327924138,0.005852670195533784,0.003548360036999221
2014-04-16,0.011572926774628277,0.010504059651603483,0.008404904664417302,0.009909507428249958,0.0067386989876795905,0.007324558785934417,0.005942721669323923,0.005833605924300544,0.006485724600371246
2014-04-17,0.011572926774628277,0.010499190260281068,0.00894778381514319,0.01005195288550241,0.0067386989876795905,0.007315668641343654,0.006326566557714048,0.005919990737976645,-0.0034206813962786796
2014-04-21,0.011572926774628277,0.010515715389498784,0.008891488040364756,0.010051839281479036,0.0067386989876795905,0.00733109662357291,0.006286762403589194,0.0059199218438007175,0.0014454285992798743
2014-04-22,0.011572926774628277,0.010492526126714604,0.008659876356891649,0.009940491868205396,0.0067386989876795905,0.007311209428115679,0.006123000430646024,0.005835769139409781,0.003092698683422335
2014-04-23,0.011572926774628277,0.010492653052954597,0.008579024854477788,0.009889474253235052,0.0067386989876795905,0.007310574248748729,0.006065834050469652,0.0058048617844333765,0.00012370840753646024
2014-04-24,0.011572926774628277,0.010485963800527298,0.008317971913261784,0.00979270014739424,0.0067386989876795905,0.007309671158568082,0.005881255517750192,0.005746234354603802,0.0024266527653145405
2014-04-25,0.011572926774628277,0.010478090386563171,0.008182264992606682,0.009724263257805154,0.0067386989876795905,0.007306383991327663,0.00578530339333544,0.0057047741012924615,-0.0030235531134539806
2014-04-28,0.011572926774628277,0.010492492844476023,0.008117942104927578,0.009717114519655692,0.0067386989876795905,0.007319644443745989,0.0057398236367282775,0.005700443271877029,0.00046183749686191683
2014-04-29,0.011572926774628277,0.010485145297359074,0.007875035518230473,0.00962344280259287,0.0067386989876795905,0.007313049436880366,0.005568075557003155,0.005643695322914834,0.0021594321338061274
2014-04-30,0.011572926774628277,0.010485127696421223,0.007733653790482494,0.009552376263775267,0.0067386989876795905,0.007312990289637487,0.005468111037394577,0.005600641982544907,0.0026824174403055736
2014-05-01,0.011572926774628277,0.010481243293518308,0.007652272191718856,0.009497820362181296,0.0067386989876795905,0.007308401360569402,0.005410569850460671,0.005567591072234756,0.0036260608198144693
2014-05-02,0.011572926774628277,0.010452226225679487,0.007701511004328299,0.009481376392321696,0.0067386989876795905,0.007282618972319561,0.005445384351082517,0.005557629030419054,0.0021042187090652862
2014-05-05,0.011572926774628277,0.010415416349397256,0.007562553930703125,0.0094125720100907,0.0067386989876795905,0.007251726513987151,0.005347134192929723,0.005515946143698814,1.5062536031940446e-05
2014-05-06,0.011572926774628277,0.010417852954847717,0.007332173095920439,0.009327525503737867,0.0067386989876795905,0.007254336863101775,0.005184242496506785,0.00546442349680758,-0.0029965429162618577
2014-05-07,0.011572926774628277,0.010414039200716079,0.00731100595469499,0.009331678111648159,0.0067386989876795905,0.007251250217924993,0.005169276184114134,0.005466939218619268,0.0011728761661190747
2014-05-08,0.011572926774628277,0.010390093294844244,0.007119722480967157,0.009250626514833028,0.0067386989876795905,0.0072309198315623005,0.005034028434176121,0.005417836757133645,-0.0014663864676887073
2014-05-09,0.011572926774628277,0.01039608245645565,0.0069532186522508295,0.009195890524861,0.0067386989876795905,0.007236412661180588,0.00491630123197156,0.005384676746164222,-0.0005063512413945315
2014-05-12,0.011572926774628277,0.010397622579120162,0.006747567598637064,0.009121623385325928,0.0067386989876795905,0.007237848268362057,0.00477089482685149,0.0053396844264325585,0.004327348610260506
2014-05-13,0.011572926774628277,0.010373073846617833,0.006991313106919921,0.009153644030198435,0.0067386989876795905,0.0072151051843797505,0.004943236069460139,0.005359083087820849,0.0021864631348079474
2014-05-14,0.011572926774628277,0.010353028595622947,0.006891885402733525,0.009095303366266329,0.0067386989876795905,0.007197357444003992,0.004872935311058785,0.005323739302919167,0.0021759036994616677
2014-05-15,0.011572926774628277,0.010338617063601622,0.006795996959270497,0.009038218380890055,0.0067386989876795905,0.007184167549458544,0.004805137001195982,0.005289156229839938,-0.0024396327062068185
2014-05-16,0.011572926774628277,0.010338175585171921,0.006734023574382959,0.009025012771750456,0.0067386989876795905,0.007183802985724983,0.004761318469993396,0.00528115604304966,0.00146671862439185
2014-05-19,0.011572926774628277,0.010316946939748644,0.006582157226560357,0.008955190031902737,0.0067386989876795905,0.007165507841028492,0.004653940757564695,0.0052388562176432195,-0.0012939088387863172
2014-05-20,0.011572926774628277,0.010289192756745977,0.006424090735366337,0.008353501889459429,0.0067386989876795905,0.007152906697511238,0.004542179208812157,0.004774131908837727,-0.0027066963163682517
2014-05-21,0.011572926774628277,0.010278443794621683,0.006416519627922542,0.00836457955962825,0.0067386989876795905,0.007144268237734532,0.0045368260268233715,0.004780760754621767,0.001415631894148073
2014-05-22,0.011572926774628277,0.010278341304098128,0.006273129307552576,0.008281199925225066,0.0067386989876795905,0.0071441380935643485,0.004435441323717643,0.00473086662259173,0.0007253526894853037
2014-05-23,0.011572926774628277,0.010274879880120926,0.006096053309332012,0.008193028344585466,0.0067386989876795905,0.007140851981079071,0.004310239026516398,0.004678105003795746,0.004227934282709645
2014-05-27,0.011572926774628277,0.010273435582971372,0.0063825190830126095,0.008236415452141668,0.0067386989876795905,0.007137303222798884,0.004512785804706339,0.0047040677234491185,0.0035068975873686517
2014-05-28,0.011572926774628277,0.01026912373994923,0.00650275271682023,0.008232609630670667,0.0067386989876795905,0.0071354352768101675,0.0045977974793818465,0.004701790330890178,0.00191776479621859
2014-05-29,0.011572926774628277,0.010257816541302615,0.00639866269823914,0.008163132419482471,0.0067386989876795905,0.007124944201905269,0.00452420021282379,0.004660215368695691,0.0010709842573084164
2014-05-30,0.011572926774628277,0.010258022031846637,0.006233679507702766,0.008079997428552995,0.0067386989876795905,0.007126558882066491,0.004407548183964319,0.0046104676306126255,0.000563114207706761
2014-06-02,0.011572926774628277,0.010238581766907165,0.006052288866218045,0.007996259039006224,0.0067386989876795905,0.007110110082063916,0.004279295200878453,0.0045603588205424565,-0.0018699190145669117
2014-06-03,0.011572926774628277,0.010235526288772553,0.005963873016602343,0.007972911182260926,0.0067386989876795905,0.007107567102876316,0.004216780418569577,0.004546387530605692,-0.00393789186629695
2014-06-04,0.011572926774628277,0.010255697895942311,0.006202342042274067,0.00809080282970314,0.0067386989876795905,0.007125126669736446,0.004385390902912312,0.0046169335514034985,0.000691770679424375
2014-06-05,0.011572926774628277,0.01024092721705834,0.0060263002451957605,0.008006983064369512,0.0067386989876795905,0.007118990899859389,0.004260919841790942,0.004566776046297874,0.006026154760886149
2014-06-06,0.011572926774628277,0.0102395781782101,0.0067771044528193965,0.008216496835877352,0.0067386989876795905,0.007113572593078379,0.004791778978475021,0.004692148481096222,0.0019969209875479793
2014-06-09,0.011572926774628277,0.010237723552046666,0.006668452191529803,0.008149566795749696,0.0067386989876795905,0.007113638504919011,0.0047149559598487325,0.004652097738696018,-0.0012962959382390338
2014-06-10,0.011572926774628277,0.010204175295183335,0.006507365267806167,0.008097739875440758,0.0067386989876795905,0.007086856267695684,0.004601058802120109,0.004621084659505717,-0.0014084531793709274
2014-06-11,0.011572926774628277,0.010207589466741013,0.006359968723889607,0.008051517944130095,0.0067386989876795905,0.007093127583288516,0.004496841482532329,0.0045934255895181235,-0.0016017142952810537
2014-06-12,0.011572926774628277,0.010211497627016269,0.006233401902167081,0.008014420445616505,0.0067386989876795905,0.007096546062421021,0.004407351901853063,0.004571226553721555,0.0006249866319038341
2014-06-13,0.011572926774628277,0.010204545840267374,0.0060539918373983,0.00793226975750011,0.0067386989876795905,0.007095049087974591,0.004280499293505225,0.0045220678195944915,0.0016475475585731815
2014-06-16,0.011572926774628277,0.010189392510485592,0.005944171525068002,0.007863867293529033,0.0067386989876795905,0.007087967464046826,0.004202850399689672,0.0044811359830257465,0.00015738099592974572
2014-06-17,0.011572926774628277,0.01019163332900489,0.005763785854187143,0.007786875861585642,0.0067386989876795905,0.00709121408171351,0.004075307985113869,0.004435064532868145,-0.001192169294844969
2014-06-18,0.011572926774628277,0.010197690957253668,0.00562933910437749,0.0073311805089832024,0.0067386989876795905,0.007097091150841498,0.00398024686956707,0.004115694341818581,0.007129176786216363
2014-06-19,0.011572926774628277,0.010207848887284635,0.006803801568544584,0.007789610447935972,0.0067386989876795905,0.007100453146761879,0.0048106552815936265,0.004386869650630784,0.00145635125959015
2014-06-20,0.010833641205652113,0.01006804579194787,0.006648527446457283,0.007697535248519011,0.006660760926980308,0.0069924564493179485,0.004700868088656153,0.004332404358305249,0.00291153264093702
2014-06-23,0.010833641205652113,0.010066104741631225,0.0066560759586113275,0.007667497379446104,0.006660760926980308,0.006989587168705381,0.004706205294554384,0.004314636041426745,-0.0014642435416190478
2014-06-24,0.010833641205652113,0.010052381327852395,0.006507022007590558,0.007618518705658133,0.006660760926980308,0.006978367664990348,0.004600816098603178,0.004285663660128949,0.00018283011549056187
2014-06-25,0.010833641205652113,0.010053992730312704,0.006309652085353086,0.007522038497834949,0.006660760926980308,0.006980030209170425,0.004461264900750928,0.004228592670807257,0.0023525380399101346
2014-06-26,0.010833641205652113,0.010048727827725054,0.006262596396357719,0.007468285515399676,0.006660760926980308,0.006978187478362895,0.0044279939864666044,0.004196796140142702,0.0009236916873485045
2014-06-27,0.010833641205652113,0.010046207793091554,0.006094584035229013,0.007375930362081086,0.006660760926980308,0.006975706254301892,0.004309200170348637,0.004142165246534884,0.0010970477284425464
2014-06-30,0.010833641205652113,0.009964073682479358,0.005941894869497855,0.007288107446567893,0.006660760926980308,0.006925762554396853,0.00420124068120618,0.004090215309998275,0.0014750963122703187
2014-07-01,0.010833641205652113,0.009957345424945932,0.005821880726371541,0.007210029212756887,0.006660760926980308,0.006923654596750789,0.004116384198300251,0.004044029650279849,0.001311907661178824
2014-07-02,0.010833641205652113,0.009957275908779414,0.005693812670489103,0.007130414716754952,0.006660760926980308,0.006924807869576724,0.004025833163966358,0.003996935244559815,-0.0028798205614537493
2014-07-03,0.010833641205652113,0.009952632100702173,0.005759106006196012,0.007200599070536839,0.006660760926980308,0.006921059180697768,0.004071999079757241,0.004038451433171023,9.371935692500401e-05
2014-07-07,0.010833641205652113,0.009940556512068164,0.005583915824446887,0.007115991714599147,0.006660760926980308,0.006910721033781036,0.003948130156681776,0.003988403598322804,0.0002078022949620673
2014-07-08,0.010833641205652113,0.009942865171335281,0.005415102094789945,0.0070324475093211615,0.006660760926980308,0.006913544294524598,0.0038287697297207345,0.003938984649557196,7.634373308981198e-05
2014-07-09,0.010833641205652113,0.00991057895076484,0.005250316505234011,0.00695256327311958,0.006660760926980308,0.006887246771221929,0.003712257415429749,0.003891730684271515,0.003122629937042665
2014-07-10,0.010833641205652113,0.00991047987854062,0.005392411127599295,0.006962958775703365,0.006660760926980308,0.006886166371379306,0.003812725990046604,0.0038978799415164845,-0.0016035116506708524
2014-07-11,0.010833641205652113,0.00991354976583317,0.005307384646968019,0.006944861676308075,0.006660760926980308,0.006888825768795077,0.0037526076747190075,0.0038871749545596255,0.002723411546627896
2014-07-14,0.010833641205652113,0.00988574334706959,0.005374627759072004,0.006929652289697402,0.006660760926980308,0.0068731858905747775,0.0038001521877585056,0.0038781781379022863,-0.00042550913301846454
2014-07-15,0.010833641205652113,0.009888252410183417,0.005216533154291391,0.006862447789198323,0.006660760926980308,0.006875602062429495,0.003688370761181422,0.00383842462350914,-0.002489813989540102
2014-07-16,0.010833641205652113,0.009899607827334086,0.005252850795434516,0.00691087977893761,0.006660760926980308,0.006885763534432311,0.00371404929551551,0.00386707362449704,0.0043642297492841875
2014-07-17,0.010833641205652113,0.009901576114836289,0.005667588045263772,0.006612254345710428,0.006660760926980308,0.006886383914303983,0.00400729093715726,0.003773653755520232,-0.0008560433288115845
2014-07-18,0.010833641205652113,0.009904855262612079,0.005516540081967883,0.006552132667976179,0.006660760926980308,0.006889423532784934,0.003900491866801837,0.0037373661652404604,0.004142532113029007
2014-07-21,0.010833641205652113,0.009893643031969865,0.005846242720728673,0.006644904364632915,0.006660760926980308,0.006877500743771143,0.004133609444457652,0.003793360299880539,0.0001769554901476343
2014-07-22,0.010833641205652113,0.00986342724699693,0.005669039473440528,0.006558592952222716,0.006660760926980308,0.006852775748892451,0.004008317175291047,0.0037412653935498465,0.0026522311580368216
2014-07-23,0.010833641205652113,0.009852891263522547,0.005700339565068905,0.006534061308154532,0.006660760926980308,0.006842502351932166,0.004030448031047123,0.0037264588498474183,0.0007912765404647805
2014-07-24,0.010833641205652113,0.009854022412371214,0.005545047172178107,0.006449140704603115,0.006660760926980308,0.006844445585890609,0.003920647919664504,0.0036752033928456026,-0.0031263420075434705
2014-07-25,0.010833641205652113,0.009849286622509768,0.0056636076207980095,0.006554824942963856,0.006660760926980308,0.0068479070135076875,0.004004476562019141,0.003738991139382152,0.0017255428598023427
2014-07-28,0.010833641205652113,0.009844718615137093,0.005578413622920397,0.006488019284644439,0.006660760926980308,0.006846753836901655,0.0039442398029483315,0.0036986693045827136,0.000291731264949946
2014-07-29,0.010833641205652113,0.009846769000580884,0.0054110268973608395,0.006404227769235219,0.006660760926980308,0.006849508302620369,0.0038258883449774615,0.0036480953303577902,-0.001619980649517272
2014-07-30,0.010833641205652113,0.009836777554559,0.005326783039098873,0.006388381040915536,0.006660760926980308,0.006841308273237913,0.0037663233859458233,0.0036385307339225187,-0.004758493340915482
2014-07-31,0.010833641205652113,0.009847280210690661,0.0058330708970027075,0.006698832394044465,0.006660760926980308,0.006849664622921678,0.004124296253480936,0.003825909595070402,-0.013099760087870893
2014-08-01,0.011572926774628277,0.00995822213568764,0.009365111013202504,0.008826280038167472,0.0067386989876795905,0.006934125979846854,0.006621639432675358,0.0051099713737992715,0.0009714078981887361
2014-08-04,0.011572926774628277,0.009940514737092334,0.009096669536804027,0.00869408034677868,0.0067386989876795905,0.006925841486966931,0.0064318368064192576,0.0050301797176609715,0.0029536018849139925
2014-08-05,0.011572926774628277,0.00994073697005988,0.008978705824414929,0.00862491111987531,0.0067386989876795905,0.0069254262627470335,0.0063484300888182335,0.004988431305766466,-0.005306431661388101
2014-08-06,0.011572926774628277,0.009960332424172005,0.009215394003691245,0.008860377445026445,0.0067386989876795905,0.006941096768961343,0.006515781418549909,0.005130551516874625,0.0014769392760694442
2014-08-07,0.011572926774628277,0.009952347234546938,0.008974207011095713,0.008734730604863817,0.0067386989876795905,0.00693357674266443,0.006345249184754975,0.0050547149596194664,0.00028243996976733365
2014-08-08,0.011572926774628277,0.009952153000637199,0.008702304933587772,0.008603230534620688,0.0067386989876795905,0.006933385780713118,0.006152999726556908,0.004975345573225484,0.005164012975158039
2014-08-11,0.011572926774628277,0.009956538512459326,0.008935628324811349,0.008703054830433942,0.0067386989876795905,0.006934982803480233,0.006317971969353979,0.00503559643918518,0.001961055551901736
2014-08-12,0.011572926774628277,0.009946960195856397,0.008735186907819057,0.008592946818858731,0.0067386989876795905,0.0069258807945586625,0.006176249058773808,0.004969138639583797,-0.002716807584816794
2014-08-13,0.011572926774628277,0.009935653845745712,0.008609413834469481,0.008579190071787902,0.0067386989876795905,0.0069168187882939075,0.006087320701076152,0.004960835491366687,0.006848096942717064
2014-08-14,0.011572926774628277,0.009930404984951362,0.009214260602128864,0.00957490970762908,0.0067386989876795905,0.006907178347386118,0.006514980042413744,0.005390520486780787,0.0048573676847225794
2014-08-15,0.011572926774628277,0.009933597327067388,0.009352526050843876,0.009626581665482166,0.0067386989876795905,0.00690834319275117,0.006612741184390297,0.005420908440403469,0.0023225956253903448
2014-08-18,0.011572926774628277,0.009933597050492769,0.00916368979708516,0.00951730476988125,0.0067386989876795905,0.006908308739348747,0.006479223751180521,0.005356643384974511,0.0015896033234000578
2014-08-19,0.011572926774628277,0.009932324589960607,0.008930583246409987,0.009389708582270373,0.0067386989876795905,0.00690682236530241,0.006314404826365893,0.005281604869062754,0.0013850264000960788
2014-08-20,0.011572926774628277,0.009932681667510592,0.00869441750271227,0.00926144578842898,0.0067386989876795905,0.006907379062388403,0.006147422886812659,0.0052061743262168695,0.00034799475313335165
2014-08-21,0.011572926774628277,0.009927351125797556,0.008431882643086615,0.009130084850687429,0.0067386989876795905,0.006906934919568338,0.005961796557717533,0.005128921784417083,0.0020347906058477915
2014-08-22,0.011572926774628277,0.009917482687703939,0.008256832434138352,0.009024693348545516,0.0067386989876795905,0.006897563866655725,0.005838026602974252,0.0050669417044592255,2.1984022858967172e-05
2014-08-25,0.011572926774628277,0.009920185899094188,0.008005305857238564,0.008902236448393568,0.0067386989876795905,0.00690084399953184,0.005660183724484342,0.004994925571198415,0.0032140316643673454
2014-08-26,0.011572926774628277,0.009920521408983295,0.007974592063216575,0.00885739752943052,0.0067386989876795905,0.006900265733429754,0.0056384674128104745,0.004968556084797021,-8.561136461970062e-07
2014-08-27,0.011572926774628277,0.0099220259690168,0.007731653878584216,0.00873957038740087,0.0067386989876795905,0.006901766465620289,0.005466696991638062,0.004899262683186996,0.00263175670239073
2014-08-28,0.011572926774628277,0.009912449012705675,0.007644656747738674,0.00866907809966293,0.0067386989876795905,0.006892289141051483,0.005405185320145396,0.004857806611856626,0.0014426318851727626
2014-08-29,0.011572926774628277,0.009897604546012712,0.007457219318501133,0.008560774528466186,0.0067386989876795905,0.006879144416566455,0.0052726569314430205,0.004794113962391807,0.0017172481823294783
2014-09-02,0.011572926774628277,0.009869257755230737,0.007295962877695641,0.00846179968514219,0.0067386989876795905,0.006863748378823133,0.005158639915979433,0.004735907479152036,-0.006950828548826905
2014-09-03,0.011572926774628277,0.009910677690870513,0.008107122275745463,0.009000411580902002,0.006930177934019534,0.006896924790109974,0.005732173432959619,0.005052661749534239,0.0028243597857741326
2014-09-04,0.011572926774628277,0.009899739105644508,0.008023225615258199,0.00893115739892793,0.006930177934019534,0.006886183268335789,0.0056728539615119155,0.005011933800421329,-0.005632060272630701
2014-09-05,0.011572926774628277,0.009921616434669912,0.00841485420051215,0.009234069190850333,0.006930177934019534,0.006908965512654514,0.005949756528862651,0.005190074321259981,0.002784798348544715
2014-09-08,0.011572926774628277,0.009920324546581899,0.008311400152272885,0.009155678038410796,0.006930177934019534,0.00690871071785644,0.005876608927694305,0.005143972977247931,-0.0031566593283736235
2014-09-09,0.011572926774628277,0.009916426378622497,0.008256525834348934,0.009179509018635592,0.006930177934019534,0.006905577064260039,0.0058378098203592035,0.005157987826925452,-0.003552768484152791
2014-09-10,0.011572926774628277,0.009933415208310663,0.008257033052726443,0.00923612149413356,0.006930177934019534,0.006920274467189766,0.00583816845115437,0.005191281267920833,-0.001894748025442472
2014-09-11,0.011572926774628277,0.00993493696861751,0.00807797152508872,0.00917178257043077,0.006930177934019534,0.00692156389926835,0.005711562277387768,0.005153443951301778,-0.0016665536776025336
2014-09-12,0.011572926774628277,0.00991362316692757,0.007889250067964593,0.009151695619787707,0.006930177934019534,0.006913145390250969,0.005578126011600487,0.005165234389185489,-0.009597632135037547
2014-09-15,0.011572926774628277,0.00996445536690874,0.009403015550534279,0.010115752475756856,0.006941904638243892,0.006952149918082271,0.006648439988346246,0.005733147333101683,-0.00033150554732916957
2014-09-16,0.011572926774628277,0.009966517101694402,0.009118518743008055,0.00996919111775404,0.006941904638243892,0.0069541599240372926,0.006447285375600049,0.005646810005824382,0.0033650003768932015
2014-09-17,0.011572926774628277,0.009965808291878627,0.009046289169895675,0.009900255079213521,0.006941904638243892,0.006952029138328954,0.0063962151652360725,0.005606200711520769,-0.00205374799019552
2014-09-18,0.011572926774628277,0.009975400977407211,0.008848436608788023,0.009821738419676696,0.006941904638243892,0.006961222427806193,0.0062563227156282345,0.005559947602082325,0.003194156458348929
2014-09-19,0.011572926774628277,0.009968606104681869,0.008769838981581526,0.009748005617469758,0.006941904638243892,0.0069536645837059985,0.006200749946988167,0.005516512598736554,0.0026462459116313726
2014-09-22,0.011572926774628277,0.009967197776893626,0.008635352731171322,0.009649361308921646,0.006941904638243892,0.006951431672654263,0.006105660902382774,0.005458402561635248,-0.004154881962714175
2014-09-23,0.011572926774628277,0.009987033779525133,0.0087006151578917,0.009740643631603678,0.006941904638243892,0.006968179889333517,0.006151804963850336,0.005512175751754566,-0.0013544723474954615
2014-09-24,0.011572926774628277,0.009975737062330993,0.008470795715660952,0.009634110616602597,0.006941904638243892,0.006958858559018116,0.005989310202290623,0.005449418583648842,0.0012400516725707637
2014-09-25,0.011572926774628277,0.009972043737611085,0.008243084289146241,0.009497105914971389,0.006941904638243892,0.006955168217442841,0.005828305921726847,0.005368710954267874,-0.004523274174869652
2014-09-26,0.011572926774628277,0.009992570335517705,0.008397331534055379,0.00963385495122341,0.006941904638243892,0.006975116799412931,0.005937367057022734,0.005449267974608252,0.004222248446944333
2014-09-29,0.011572926774628277,0.00997383958052989,0.008489585433003212,0.009635063150610482,0.006941904638243892,0.006957010292458967,0.006002595547558494,0.005449979708637734,0.0005871434742968918
2014-09-30,0.011572926774628277,0.00997521236790203,0.008237755649387151,0.009492951069021378,0.006941904638243892,0.006959086631479404,0.005824538285539559,0.005366263390329732,-0.004023087781070278
2014-10-01,0.011572926774628277,0.009994982322984947,0.008309304912921865,0.009578861092235767,0.006941904638243892,0.006976036385224518,0.005875127480278675,0.0054168718309974195,-0.00022344802698096624
2014-10-02,0.011572926774628277,0.009997959086001497,0.00805717617302225,0.009444627394765535,0.006941904638243892,0.006979267767464689,0.005696858840016275,0.005337796562945475,-0.0038175660195175487
2014-10-03,0.011572926774628277,0.010016274211027245,0.008108965284336975,0.009513249643283577,0.006941904638243892,0.006995044840948509,0.005733476539601614,0.00537822100776191,0.004485767194311785
2014-10-06,0.011572926774628277,0.00999757409176117,0.008267038292938182,0.009540648768546966,0.006941904638243892,0.00697674770964704,0.005845242696513132,0.005394361464408958,0.001850399328524821
2014-10-07,0.011572926774628277,0.009995106851986716,0.008084250067345564,0.009419232956615085,0.006941904638243892,0.006973931297247223,0.005716001545959066,0.005322837040548197,-0.004322870506571309
2014-10-08,0.011572926774628277,0.009973578631100613,0.008215947022511013,0.009538881656841566,0.006941904638243892,0.00695718242871861,0.005809118408135868,0.005393320482640477,0.011776159994185777
2014-10-09,0.011572926774628277,0.010017632396117542,0.010415483761519692,0.01067826256455837,0.006941904638243892,0.00698119368463516,0.007364309711699233,0.006064514470356966,-0.011778021156386187
2014-10-10,0.011780977711165892,0.01011981856960446,0.01212510710684997,0.0121887643608438,0.006961321571404219,0.007062189025800042,0.008573105778558686,0.006936806744584707,-0.0030358077122959798
2014-10-13,0.011780977711165892,0.010125962923931508,0.011882328554231356,0.012092556705998599,0.006961321571404219,0.00706728020296998,0.008401448225844045,0.006880228796764043,-0.0039930091749914905
2014-10-14,0.011780977711165892,0.010145515784564242,0.011742896676298912,0.01207239304739125,0.006961321571404219,0.007085372280986274,0.0083028623553949,0.006868370920939133,0.004506772358809496
2014-10-15,0.011780977711165892,0.010148031403704754,0.011671210020087502,0.012004771683384796,0.006961321571404219,0.007086158219746354,0.008252176016610775,0.006828604043651924,-0.0009835052584731723
2014-10-16,0.011780977711165892,0.01015023840923359,0.011329527995898791,0.011815153772426902,0.006961321571404219,0.007088157535626334,0.00801058836627596,0.006717093246623347,-0.0028305676848208285
2014-10-17,0.011780977711165892,0.010151037227477337,0.011102177941856656,0.011718157937366145,0.006961321571404219,0.007088812862912371,0.007849839595573296,0.006660051784551342,0.004841148529337259
2014-10-20,0.011780977711165892,0.010120559447823838,0.011111843983730685,0.011689954511812302,0.006961321571404219,0.007060997761832391,0.007856674009382244,0.006643465870032204,0.007808131766705762
2014-10-21,0.011780977711165892,0.010129927419342172,0.011655963484533688,0.011987147969671721,0.006961321571404219,0.007062283400434549,0.0082413958922863,0.006818239862584743,0.007819685910386077
2014-10-22,0.011780977711165892,0.010112741987827545,0.01214764259307357,0.012267084439785123,0.006961321571404219,0.007042210827201653,0.008589039584789316,0.006982865338849187,-0.003789783809022207
2014-10-23,0.011780977711165892,0.010108312865217099,0.011973929797717407,0.012223375891578587,0.006961321571404219,0.007038688915678373,0.008466215253708878,0.006957161147600317,0.003035996432806221
2014-10-24,0.011780977711165892,0.01010718176206477,0.011737353622211337,0.012062747759244274,0.006961321571404219,0.007036494689995934,0.008298943116693725,0.006862698704831456,0.003707176670902446
2014-10-27,0.011780977711165892,0.010107854603831519,0.011574201196914349,0.011942327605765907,0.006961321571404219,0.00703662527057996,0.008183585537764854,0.006791881833024138,-6.606486733671266e-05
2014-10-28,0.011780977711165892,0.01011034983779893,0.011221667549001179,0.01173536698719967,0.006961321571404219,0.007040304024665325,0.007934325203202254,0.006670172109437038,0.004703092524646313
2014-10-29,0.011780977711165892,0.010113121160440068,0.011205027467570619,0.01169535177830481,0.006961321571404219,0.00704122680741429,0.007922559766657167,0.006646639902935081,-0.0026846575198028245
2014-10-30,0.011780977711165892,0.010088896687384401,0.010970862265336268,0.011593078889794061,0.006961321571404219,0.007022061928640671,0.007756992317996979,0.006586495103033869,0.0031213490693734803
2014-10-31,0.011780977711165892,0.010089184695568545,0.010784333846673528,0.011455382424246487,0.006961321571404219,0.007021606997488574,0.007625106648879917,0.006505518350660313,0.004703672414576388
2014-11-03,0.011780977711165892,0.010091329046077123,0.010793881772828846,0.011426264347429636,0.006961321571404219,0.007022456467761909,0.007631857548494582,0.006488394546598853,-0.0002211201538926844
2014-11-04,0.011780977711165892,0.010063380976108722,0.010465815175704218,0.011234661857806963,0.006961321571404219,0.0069996309702173775,0.0073998967406620235,0.006375716655451593,-0.0007968533713461624
2014-11-05,0.011780977711165892,0.010060654077410625,0.010157139125284787,0.01106050101500136,0.006961321571404219,0.006997262379792378,0.007181646096916492,0.006273295875187148,-8.893535211139655e-05
2014-11-06,0.011780977711165892,0.010061657557828795,0.009847842150414805,0.010876490805992005,0.006961321571404219,0.00699823041386051,0.006962956426039232,0.006165082864272875,-0.0015597410745930794
2014-11-07,0.011780977711165892,0.010067323407003082,0.009589116549415976,0.010674764091460606,0.006961321571404219,0.0070033183171897655,0.00678002344858693,0.005994097335524838,0.006553665162891942
2014-11-10,0.011780977711165892,0.010070215298585861,0.0100190174129587,0.010876186295817223,0.006961321571404219,0.0070008374568476545,0.007083986584332211,0.006112065579373496,-0.002449531235012026
2014-11-11,0.011780977711165892,0.010026548272307341,0.00981357301527063,0.010781326824354964,0.006941904638243892,0.006966703708275583,0.006938726296116109,0.006056508619819018,0.0022372976952449667
2014-11-12,0.011780977711165892,0.01001657856736101,0.009599645669411815,0.010612786161114683,0.006941904638243892,0.0069571517250783576,0.006787468105255445,0.005957798320609193,-0.0027728566393510844
2014-11-13,0.011780977711165892,0.010030172287187802,0.009440372987538331,0.010551522674524123,0.006941904638243892,0.0069696429469374085,0.006674853714528563,0.005921917738583896,0.002334730306524069
2014-11-14,0.011780977711165892,0.009990938535992677,0.009248967868851517,0.010393715452980139,0.006941904638243892,0.006946986668245537,0.00653951995503273,0.005829493763522935,0.003389073330284365
2014-11-17,0.011780977711165892,0.009980731780837927,0.00917280787552409,0.010296042437430679,0.006941904638243892,0.006936479100585748,0.00648567072523735,0.005772288977424118,-0.0008138183603991211
2014-11-18,0.011780977711165892,0.009984455523363042,0.008905449905985581,0.010135880997819343,0.006941904638243892,0.006939984883018217,0.00629663419686727,0.005678486192256648,0.005541748200625896
2014-11-19,0.011780977711165892,0.009964583097798928,0.009193524264942231,0.010243334538733813,0.006941904638243892,0.006928122575317711,0.0065003183317505495,0.005741419201839627,-0.004935711169024415
2014-11-20,0.011780977711165892,0.009990180765941227,0.009346660590355443,0.010422476131292647,0.006941904638243892,0.006949368020314001,0.00660859398694584,0.0058463382158178544,0.003040127263638448
2014-11-21,0.011780977711165892,0.009979136190147595,0.009226027607314056,0.010302692388707946,0.006941904638243892,0.006938403129546607,0.006523299950787377,0.0057761836973551405,0.005903635130261309
2014-11-24,0.011780977711165892,0.009985816829599111,0.00955665347954869,0.01044379196586566,0.006941904638243892,0.006940900922451866,0.006757070304386516,0.0058588223983774635,0.0020632566312539626
2014-11-25,0.011780977711165892,0.00998485759551754,0.009339816022178801,0.010279320982521488,0.006941904638243892,0.0069411837112022335,0.006603754507469922,0.005762495614887289,0.0027885880548615296
2014-11-26,0.011780977711165892,0.009978930865519896,0.009193654306948339,0.010150811975532515,0.006941904638243892,0.00693472859011276,0.006500410278474335,0.005687230914445508,0.003006029916044162
2014-11-28,0.011780977711165892,0.009972971948972844,0.009076677008735769,0.010038410813511124,0.006941904638243892,0.00692810241668571,0.006417701008986744,0.0056214001996414175,-0.0016834517437708924
2014-12-01,0.011780977711165892,0.009979729236065103,0.008852295933391372,0.009925492194545199,0.006941904638243892,0.00693418685599266,0.006259051466621257,0.005555266422485242,-0.0008848718279761301
2014-12-02,0.011780977711165892,0.009982793539059556,0.008597418501799228,0.009779236191465214,0.006941904638243892,0.006936998852606766,0.00607883935283528,0.005469607724176479,-0.00065972339731708
2014-12-03,0.011780977711165892,0.009986885212704872,0.008343979586567943,0.009629749757429602,0.006941904638243892,0.006942250385767518,0.005899644347831695,0.00538205703849757,0.003526942578981407
2014-12-04,0.011780977711165892,0.009982685293051189,0.00833569997678826,0.00957012183793339,0.006941904638243892,0.0069367732329012,0.005893790216414884,0.005347134369620096,0.0016110844612874484
2014-12-05,0.011780977711165892,0.009982878011466488,0.008133737457090699,0.00941862694206231,0.006941904638243892,0.00693710487433872,0.005750991804045127,0.005258407375120994,-0.0026319049003792564
2014-12-08,0.011780977711165892,0.00999501187237015,0.008027296594215406,0.009183639866584421,0.006941904638243892,0.006947913963234381,0.0056757323635676545,0.005228728454226022,0.001930665505797635
2014-12-09,0.011780977711165892,0.009979330657446408,0.007860127314113568,0.009048976518397788,0.006941904638243892,0.006933838722672651,0.005557534651282795,0.0051482888464164135,0.0032724695893611043
2014-12-10,0.011780977711165892,0.009957817623680911,0.007845513529151395,0.008986628991152499,0.006941904638243892,0.0069142804721609346,0.0055472019158107075,0.005111046265513409,-0.00578250873458619
2014-12-11,0.011780977711165892,0.009991245235205554,0.008289544057069505,0.009360298388151255,0.006941904638243892,0.006941865909455392,0.005861155487618797,0.005334253397593441,0.003087700249333714
2014-12-12,0.011780977711165892,0.009991011372078102,0.008227352765278842,0.009274123313617119,0.006941904638243892,0.006940673975587814,0.00581718288446337,0.005282777704378961,-0.00543426318168705
2014-12-15,0.011780977711165892,0.010022381083342516,0.008556702812654806,0.009572307580349495,0.006941904638243892,0.006967229207323959,0.006050051160961506,0.005460894658947072,-0.008892838967964858
2014-12-16,0.011780977711165892,0.010077997563828689,0.009721282286548815,0.010467249235756175,0.006961321571404219,0.00701059265951904,0.006873471764940432,0.005995477800854585,0.0015738263971727393
2014-12-17,0.011780977711165892,0.010077955628049352,0.009467704178117611,0.010283453245099754,0.006961321571404219,0.007011470309908556,0.006694178342824648,0.0058856893721212465,0.00803895052024698
2014-12-18,0.011780977711165892,0.010089856592902305,0.010258835634314187,0.010708631603996094,0.006961321571404219,0.0070147288005020965,0.007253551022913117,0.006139664792302799,0.007807140096842514
2014-12-19,0.011780977711165892,0.010096606888877473,0.0108959098032437,0.0110644298979538,0.006961321571404219,0.007013917214039314,0.007703996878021032,0.006352196825782469,0.005503004760010199
2014-12-22,0.011780977711165892,0.010095790713223663,0.011019570013892652,0.011105723804896283,0.006961321571404219,0.007009531518317173,0.007791431327642792,0.006376863267870157,0.002469268968554528
2014-12-23,0.011780977711165892,0.010095424640997849,0.0107761282951839,0.010929813885225173,0.006961321571404219,0.007008725654487297,0.007619304880675143,0.006271785493266239,-0.005844117446255214
2014-12-24,0.011780977711165892,0.010104356065637499,0.010965747604943808,0.011171573145278078,0.006961321571404219,0.007015704424718046,0.007753375976782047,0.0064161976167197935,0.001736929868677628
2014-12-26,0.011780977711165892,0.01010071426856261,0.010677658928778297,0.010970783528098924,0.006961321571404219,0.007015109083364482,0.00754968171885862,0.006296258239928508,0.004842246349759228
2014-12-29,0.011780977711165892,0.010075798678822283,0.010713791628879204,0.010952913938862987,0.006961321571404219,0.007000365041637363,0.007575229489884497,0.006285584045582282,0.00159553270331797
2014-12-30,0.011780977711165892,0.010029174209329002,0.01042712054080861,0.010755352950934908,0.006941904638243892,0.006962268823021796,0.0073725375433288,0.006167573253474329,-0.0009816953250893158
2014-12-31,0.011780977711165892,0.010034395469695373,0.010124933931379664,0.01058239330675437,0.006941904638243892,0.006968544046708341,0.007158875284952974,0.006064257792124816,-0.007110310038500168
2015-01-02,0.011780977711165892,0.010071813490046348,0.010619784329625888,0.01103963801691881,0.006958802623310565,0.006998107937425762,0.007508761250606016,0.006337387679758909,0.004640336148106016
2015-01-05,0.011780977711165892,0.010073209816633831,0.010630380913308977,0.011001145328640686,0.006958802623310565,0.006996833608041906,0.007516253607746115,0.006314394513538667,-0.002816931872437346
2015-01-06,0.011780977711165892,0.01008665912630911,0.010430787868151001,0.010920735527415388,0.006958802623310565,0.007008866081173494,0.0073751305418857495,0.006266362640265716,0.0026368168109138
2015-01-07,0.011780977711165892,0.010083960061301342,0.010224036655508561,0.010945299176814931,0.006958802623310565,0.007008142054982613,0.007228946264896761,0.006315012250950143,0.0064473359469673025
2015-01-08,0.011780977711165892,0.010092582789965148,0.010571509513201963,0.011119556417046077,0.006958802623310565,0.007011767594428054,0.007474628347366836,0.006419766450128859,0.004434942055928704
2015-01-09,0.011780977711165892,0.010090840154735723,0.010556424766410258,0.01105843240591485,0.006958802623310565,0.007007704658043304,0.007463962616437745,0.006383021940528288,0.0007817740421608097
2015-01-12,0.011780977711165892,0.010092116394014038,0.010244524053422374,0.010831284803156618,0.006958802623310565,0.007009674972286035,0.007243431962045226,0.0062464728640552435,0.0002207921478809548
2015-01-13,0.011780977711165892,0.010091662710408102,0.009933231408701412,0.01061423542497315,0.006958802623310565,0.007009239465082633,0.007023331244768065,0.006115994303946706,-0.0011098187117326574
2015-01-14,0.011780977711165892,0.01009712908547532,0.009651367264787858,0.010441449828048394,0.006958802623310565,0.007014426681990529,0.006824038067424614,0.006012124778574559,0.00027979412974464784
2015-01-15,0.011780977711165892,0.010098838642239842,0.00935870593644333,0.010237536705402773,0.006958802623310565,0.007017448590141196,0.0066171106973749345,0.005889543037715819,0.004442637330069776
2015-01-16,0.011780977711165892,0.010100211766007571,0.009420145243425026,0.010221201240433166,0.006958802623310565,0.007017956992739425,0.006660551606644747,0.005879723023644478,0.004893457294893056
2015-01-20,0.011780977711165892,0.010100052470514353,0.00954936422405879,0.01025136175670304,0.006958802623310565,0.0070148492561573714,0.006751916406956073,0.005897853924400601,0.0057663716916332985
2015-01-21,0.011780977711165892,0.01009876973145413,0.009824255878087494,0.010381881347547863,0.006958802623310565,0.007009771417379414,0.006946279657264984,0.0059763153713852275,-0.0007065722108424043
2015-01-22,0.011780977711165892,0.010098815576756986,0.009533475483155904,0.010202038541982157,0.006958802623310565,0.007009812284862443,0.006740682208754921,0.005868203426939765,0.00782633764514238
2015-01-23,0.011780977711165892,0.010103851156628842,0.010262706484741747,0.010647659871818801,0.006958802623310565,0.007007600039700329,0.007256287923286533,0.006136087306439247,0.0003330391288534517
2015-01-26,0.011780977711165892,0.010105460189792184,0.009951872756653003,0.010435983651863037,0.006958802623310565,0.007009316870396884,0.007036511684861136,0.0060088388037243465,0.001237000870632732
2015-01-27,0.011780977711165892,0.010095312742235907,0.009674412259539676,0.010234555691146605,0.006958802623310565,0.007000137308344565,0.006840332123710687,0.005887751010246941,-0.003482492591717223
2015-01-28,0.011780977711165892,0.01010682231599105,0.009587316886648461,0.010255147308451269,0.006958802623310565,0.007009670886058571,0.0067787509897842425,0.005900129597086049,-0.0031714716069308766
2015-01-29,0.011780977711165892,0.010122582653451982,0.009469302604447852,0.010243308696975015,0.006958802623310565,0.007023702145489373,0.006695308516594466,0.005893012852536797,0.00128920418387265
2015-01-30,0.011780977711165892,0.0101116315145487,0.009210174798494246,0.010049597338318481,0.006958802623310565,0.007013829428912519,0.006512091158510177,0.005776563870440157,-0.001116236521274828
2015-02-02,0.011780977711165892,0.010117653374508487,0.008952221436752924,0.009899178202468977,0.006958802623310565,0.0070196653228828555,0.006329704195932846,0.005686139873731795,0.0039295344004074756
2015-02-03,0.011780977711165892,0.010118387002881509,0.008963688659000595,0.009853401566935517,0.006958802623310565,0.007019843314566957,0.006337812141574002,0.0056586213913430985,0.0007819420833316446
2015-02-04,0.011780977711165892,0.010105944758841568,0.008702033802551724,0.009668869408971431,0.006958802623310565,0.007008961306590681,0.006152808022266677,0.005547690457256186,-0.0018119186777518785
2015-02-05,0.011780977711165892,0.010112209604920722,0.008499877630556067,0.00943427344551913,0.006958802623310565,0.007017249927537959,0.00600987268726018,0.0053675648884086,0.0034939399758671334
2015-02-06,0.011780977711165892,0.010105286529430725,0.008478031874991781,0.009364832589524932,0.006958802623310565,0.007009473354612384,0.005994426557868105,0.005325965366939891,-0.013157270249697083
2015-02-09,0.012083937468892003,0.01022837530263015,0.011125502539817414,0.011367976668461184,0.007118621901943672,0.007104964655257711,0.007866331346433539,0.006525977001640759,-0.0030088931423083
2015-02-10,0.012083937468892003,0.010231321212044595,0.01092199493592777,0.011293188947947253,0.007118621901943672,0.007107378628133966,0.00772244047606743,0.006481174365777875,0.0025232623903951095
2015-02-11,0.012083937468892003,0.010231070893850374,0.010686439032003446,0.011111440610728858,0.007118621901943672,0.00710671207599619,0.0075558897261803325,0.0063722954680775,-0.0012306256157383678
2015-02-12,0.012083937468892003,0.010221854946561972,0.01038459145103597,0.010940061425519829,0.007118621901943672,0.00709904557609762,0.007342467179242641,0.006269628356730423,0.00583172706266224
2015-02-13,0.012083937468892003,0.01022749421970563,0.010602478740970053,0.011013910036069142,0.007118621901943672,0.007101492941920297,0.007496525264498901,0.006313868405560426,-0.0008916657049079287
2015-02-17,0.012083937468892003,0.010175591990474894,0.010292034370451359,0.010832605735688883,0.006958802623310565,0.007060507588430986,0.007277024322910414,0.006205255514373311,-0.005569264116647143
2015-02-18,0.012083937468892003,0.010197459539045715,0.010471005704472439,0.011051418919965838,0.006958802623310565,0.0070779717100071474,0.007403566724917375,0.006336338630021055,0.0036296633177232973
2015-02-19,0.012083937468892003,0.010188459452224045,0.010360567970622491,0.010932723270468493,0.006958802623310565,0.007073457522561447,0.007325481280731482,0.006265232331735798,-0.004637627393377619
2015-02-20,0.012083937468892003,0.01018493743599807,0.01038675571315678,0.011031647417016222,0.006958802623310565,0.007070689422732528,0.00734399742948544,0.00632449423309297,0.00460865083015194
2015-02-23,0.012083937468892003,0.010186534631071581,0.01040713319093316,0.010984587002829662,0.006958802623310565,0.0070712960182840534,0.007358405407158351,0.006296302030069958,0.003960858363392727
2015-02-24,0.012083937468892003,0.010184081116241783,0.010339446480409135,0.010890054065294742,0.006958802623310565,0.007070225705117381,0.0073105472460706575,0.006239670744234245,0.0035741542198018724
2015-02-25,0.012083937468892003,0.01017715992674679,0.01022927096560879,0.010773480673286293,0.006958802623310565,0.007062387241939744,0.007232647204919111,0.006169835814147255,0.0014383709644334
2015-02-26,0.012083937468892003,0.010177600458246398,0.009951457637145555,0.010576978678117776,0.006958802623310565,0.007063446044288763,0.007036218172942707,0.0060521185301417165,-0.005617286140336997
2015-02-27,0.012083937468892003,0.010210114616359936,0.010165412055702051,0.010818358909679929,0.006958802623310565,0.007090680866273537,0.007187495505663224,0.006196720752871092,0.002069340242805651
2015-03-02,0.012083937468892003,0.010207801695729402,0.009926023621444045,0.01063503186944804,0.006958802623310565,0.007090501847866499,0.00701823494977931,0.006086896110926032,-0.0027466438966869513
2015-03-03,0.012083937468892003,0.010212879527510018,0.009750079242938681,0.010568365270087582,0.006958802623310565,0.0070947268146226644,0.006893832768852009,0.0060469585469136765,-0.003715070811045562
2015-03-04,0.012083937468892003,0.010221506192387484,0.009687198755784615,0.01058825717094109,0.006958802623310565,0.007101760606664261,0.006849372867341155,0.006058875069899481,-0.0032600800841802507
2015-03-05,0.012083937468892003,0.010231836592568336,0.009574048624083247,0.010565358071902328,0.006958802623310565,0.007110376930717868,0.0067693696113381085,0.006045157042544567,0.00048429027070926453
2015-03-06,0.012083937468892003,0.01023367810186319,0.00928648588129611,0.010614357259226765,0.006958802623310565,0.007112788503582128,0.00656604721672653,0.0060079432588319055,-0.019664052145501733
2015-03-09,0.013100335189489155,0.01047801767851431,0.014374391475427566,0.014321314221785477,0.007118621901943672,0.0072977621752407665,0.010163471343822877,0.008205582369235964,0.0054784463747852286
2015-03-10,0.013100335189489155,0.010479598330366244,0.01428185896125704,0.014231797867408233,0.007118621901943672,0.007295587214675209,0.010098045857272598,0.008152513330834063,-0.0052818469776669714
2015-03-11,0.013100335189489155,0.010508816501462287,0.014170110708059354,0.014252092362363813,0.007118621901943672,0.007321007141100678,0.010019033805107574,0.008164544756148884,0.0009902269535766448
2015-03-12,0.013100335189489155,0.010509405444633711,0.013750015019138487,0.013976000619292694,0.007118621901943672,0.007321730804473337,0.009722003457540547,0.008000866024844188,0.007830901589608951
2015-03-13,0.013100335189489155,0.010519431662921226,0.01405814926565825,0.014132899270690306,0.007118621901943672,0.007323829600674687,0.009939871016658275,0.008093882106812144,-0.0038724782352230315
2015-03-16,0.013100335189489155,0.010537636779196221,0.013807356797516122,0.014034129648467317,0.007118621901943672,0.007339417761329849,0.00976254719271996,0.00803532734426447,0.010326508123924017
2015-03-17,0.013100335189489155,0.010565639109803623,0.014622959076167345,0.014528901119991848,0.007118621901943672,0.007353118563703423,0.010339222066310166,0.008328648563668094,0.00046809780017458274
2015-03-18,0.013100335189489155,0.010561154860647895,0.014179993865595592,0.014245873675771497,0.007118621901943672,0.007348990227996696,0.010026021731419291,0.008160858058674742,0.01678763795328042
2015-03-19,0.013100335189489155,0.01066040155430203,0.016748738833882913,0.015995103932617303,0.007118621901943672,0.0074118983001549826,0.011842263199408171,0.0091978749068264,-0.004640709967820334
2015-03-20,0.013100335189489155,0.010668374514272938,0.016452420255231654,0.015889087237099985,0.007118621901943672,0.007418272312492517,0.011632749955810161,0.009135023776161036,0.010972256059381702
2015-03-23,0.013100335189489155,0.010701094758818449,0.01713282269280094,0.01635066790269544,0.007118621901943672,0.007437742766756942,0.012113831237638614,0.009408668097787776,-0.0001342690143413815
2015-03-24,0.013100335189489155,0.010704432665324195,0.01661106410228335,0.01602904343679151,0.007118621901943672,0.007441742208987289,0.011744919726345492,0.009217995664233163,-0.00016548007660608418
2015-03-25,0.013100335189489155,0.010704702763731526,0.016105300227589704,0.015715480024268133,0.007118621901943672,0.007441995712186419,0.011387317343247964,0.009032102160231571,-0.010451512780177242
2015-03-26,0.013100335189489155,0.01078238356723758,0.01671190189779103,0.01632507453461491,0.007284821442364499,0.007502913196106333,0.011816217495490609,0.009393495278888388,-0.006367951380116365
2015-03-27,0.013100335189489155,0.010818653731986521,0.016604150252649885,0.01636211175110373,0.007284821442364499,0.007532690763983521,0.011740031261136697,0.00941545248969996,0.00467634409692309
2015-03-30,0.013100335189489155,0.010804765941983891,0.01631737842767656,0.01615073305415498,0.007284821442364499,0.007518186678550099,0.0115372680881485,0.009290138358402311,0.003745796953397363
2015-03-31,0.013100335189489155,0.010793693138495762,0.01596363004423875,0.015897493801789054,0.007284821442364499,0.007512514567198997,0.011287148869944386,0.00914000753926685,-0.005361879968275408
2015-04-01,0.013100335189489155,0.01081718671943456,0.015776015785339544,0.015856075498144377,0.007284821442364499,0.00753579485179652,0.01115449545311806,0.009115453036774513,0.004807327379079641
2015-04-02,0.013100335189489155,0.010819080173059742,0.01553878937344931,0.015668049499109778,0.007284821442364499,0.00753500831633639,0.010986763563850548,0.00900398336139797,-0.0003900563868780122
2015-04-06,0.013100335189489155,0.010822784419624918,0.015067054785589859,0.015591511506323888,0.007284821442364499,0.007538904242483059,0.010653221724963276,0.008989261710202472,0.004291216975938917
2015-04-07,0.013100335189489155,0.010823636916482877,0.014811300595277816,0.01537765281457962,0.007284821442364499,0.007537692338962363,0.010472389695395795,0.008862251119247174,-0.0009389656523095315
2015-04-08,0.013100335189489155,0.010828732504156224,0.014370053365147089,0.015083168167183914,0.007284821442364499,0.007543869081166624,0.010160404065489924,0.008687356805679985,0.0014713282647335847
2015-04-09,0.013100335189489155,0.010822689936866076,0.013957487956877726,0.014779998453598304,0.007284821442364499,0.007538023262868479,0.00986869803316388,0.008507304434798087,-0.004751591101542996
2015-04-10,0.012083937468892003,0.010613366647189605,0.013800508793824605,0.014729476148817519,0.007118621901943672,0.007381389602433005,0.009757705284149423,0.00847729925832247,0.0038809642603950924
2015-04-13,0.012083937468892003,0.010601049637956477,0.013561622315408644,0.014518530579176488,0.007118621901943672,0.00737489079923747,0.009588799638163796,0.008352018769411844,-0.00300846287673735
2015-04-14,0.012083937468892003,0.010572284749927299,0.013259769159207525,0.014341554940446127,0.007118621901943672,0.007352248172703784,0.00937537314923472,0.008246913008797197,0.0033797906214787735
2015-04-15,0.012083937468892003,0.010566314927340732,0.01299928416049638,0.014116251582824264,0.007118621901943672,0.007345373708320615,0.00919119618254906,0.008113105435383327,0.002109252159984876
2015-04-16,0.012083937468892003,0.01055995415694693,0.012660455698696619,0.01385013409821717,0.007118621901943672,0.007343189423477269,0.008951626154985785,0.007955058368379375,-0.0014273491050139642
2015-04-17,0.012083937468892003,0.010566018154474135,0.012301685153257498,0.013611994577501833,0.007118621901943672,0.007350701529442745,0.008697955996926469,0.007813627402870456,-0.002385861811400403
2015-04-20,0.012083937468892003,0.010575717925258878,0.012004163845620773,0.013426175564291503,0.007118621901943672,0.007361480614653431,0.008487592358958788,0.0077032695657113445,0.0004987282172643216
2015-04-21,0.012083937468892003,0.010577247656017847,0.011641937924202825,0.013158798589377624,0.007118621901943672,0.007364133700025811,0.00823147906340715,0.007544474487921099,-0.00019536174236461926
2015-04-22,0.012083937468892003,0.010580498921098849,0.011287826566847002,0.012905008870010488,0.007118621901943672,0.0073682304792627605,0.007981103203033479,0.0073937488757316065,-0.003555438594788551
2015-04-23,0.012083937468892003,0.010597438201168801,0.011129909207469299,0.01282390621329165,0.007118621901943672,0.007383046862167819,0.007869447098531863,0.0073455820405476414,0.00366974093956185
2015-04-24,0.012083937468892003,0.010595611342410481,0.010991601553015257,0.012660026575329743,0.007118621901943672,0.007382360384247632,0.007771656114817668,0.007248253989518639,0.0021832560679343137
2015-04-27,0.012083937468892003,0.010595570019882185,0.010729127125252142,0.012434652567120546,0.007118621901943672,0.007382665358558559,0.007586072514314163,0.007114404456749386,0.0007100432553019065
2015-04-28,0.012083937468892003,0.01058266530207513,0.010410140577433892,0.01219210753194593,0.007118621901943672,0.007371377862455929,0.00736053179188721,0.006970357057976186,-0.002074355210132073
2015-04-29,0.012083937468892003,0.010589515658686318,0.010161987588550966,0.012033120626548282,0.007118621901943672,0.007380287970652546,0.007185074222381951,0.00687593479884792,-0.008913225740226405
2015-04-30,0.012083937468892003,0.010646143437755207,0.01108454338328067,0.012726472164603058,0.007284821442364499,0.007424835079947016,0.007837371009960167,0.007287715998245731,-0.007929063130170166
2015-05-01,0.012083937468892003,0.010697024053802564,0.011658037474007637,0.01319022650121664,0.007447469866619136,0.00746586800216821,0.008242862314890827,0.00756313951211351,0.0018227986222456806
2015-05-04,0.012083937468892003,0.010695121911080773,0.011350512738371574,0.012556019120398302,0.007447469866619136,0.007463646796123506,0.008025425712896456,0.007340712043658775,-0.0007935703452558116
2015-05-05,0.012083937468892003,0.01069690033014516,0.011014017466557993,0.01234478810198717,0.007447469866619136,0.007468230428863388,0.0077875053767030595,0.0072131693919851555,-0.008377499322688843
2015-05-06,0.012083937468892003,0.010729209557237211,0.011696977434678195,0.012816743052260321,0.007554941397636555,0.007493242864079681,0.008270394970800565,0.007498138835777584,-0.006769830431894053
2015-05-07,0.012083937468892003,0.010759399194635451,0.011978812449461286,0.013038875351376388,0.007554941397636555,0.0075172069813447115,0.00846966755227509,0.007632263751070459,0.0060085508587846125
2015-05-08,0.012083937468892003,0.010754862933029923,0.012108074393521878,0.01304177165835673,0.007554941397636555,0.007509076742894885,0.008561062730050265,0.007634012559910713,0.01027368976510159
2015-05-11,0.012083937468892003,0.010784325473534409,0.01311801217194225,0.013564677259662513,0.007554941397636555,0.0075244660466000845,0.009275143300874169,0.007949746335504784,-0.011968073758440813
2015-05-12,0.012083937468892003,0.010884046473009473,0.01443147956088576,0.01453759190680452,0.007640981750712114,0.007603905102332085,0.010203835704402586,0.008537198476208258,0.0006792726089043799
2015-05-13,0.012083937468892003,0.010881816860530273,0.013997191601338476,0.01426234293697639,0.007640981750712114,0.007601720716449069,0.009896770654770994,0.008371001372457222,-0.0007466594378542468
2015-05-14,0.012083937468892003,0.010881237993027667,0.013577448888965789,0.014007622733310016,0.007640981750712114,0.00760120267164372,0.009599989880692944,0.008217199670156,0.008648880588748797
2015-05-15,0.012083937468892003,0.010899605992726234,0.014056169163709224,0.014243397254402355,0.007640981750712114,0.007611169765527409,0.009938470977606105,0.008359561847090944,0.007885880095800867
2015-05-18,0.012083937468892003,0.010914044682221229,0.014349715706662136,0.014378452213906616,0.007640981750712114,0.007617958857416062,0.010146024242207272,0.008441108902946727,-0.004394229237013103
2015-05-19,0.012083937468892003,0.010841979167407001,0.014136104765939524,0.014297093549142074,0.007554941397636555,0.007562801667515495,0.009994989766871562,0.008391984016276449,-0.004906045807745973
2015-05-20,0.012083937468892003,0.010862214804552442,0.013987684454380853,0.01425947513530608,0.007554941397636555,0.007579386922987888,0.009890048588252176,0.008369269775307067,0.000493291598168688
2015-05-21,0.012083937468892003,0.010855877589065605,0.013564476109725,0.013990787772646625,0.007554941397636555,0.007573630751346661,0.009590817424920545,0.00820703461229669,0.005081881168345647
2015-05-22,0.012083937468892003,0.010824878356496875,0.01346629902551247,0.01388469832591943,0.007554941397636555,0.007545216137844884,0.009521400922404954,0.008142977119926712,-0.0016764590723833185
2015-05-26,0.012083937468892003,0.010826308673311923,0.0130909644225856,0.013665924971732682,0.007554941397636555,0.007546447959725247,0.009256019080835278,0.008010880357252396,-0.0031864049412763896
2015-05-27,0.012083937468892003,0.010841240900491482,0.012821381504649404,0.013526244409411237,0.007554941397636555,0.00755980328789132,0.009065409393746095,0.00792654033257352,0.006420701147926877
2015-05-28,0.011979390621735109,0.010746709337890015,0.012958047926918837,0.013546174812211516,0.007447469866619136,0.0074821286590247464,0.009162039937638868,0.007938574438365327,-0.0014480451039765362
2015-05-29,0.011979390621735109,0.010745360985019761,0.012590362050748908,0.013328369803299066,0.007447469866619136,0.007485933971948869,0.008902066159105725,0.007807062368814911,-0.0038684618023849373
2015-06-01,0.011979390621735109,0.010724423577988829,0.01240425421048166,0.013245366912709096,0.007447469866619136,0.007469496201989445,0.008770477861635853,0.007756944687983514,-0.001541595120701999
2015-06-02,0.011979390621735109,0.010709983741289971,0.01205841109899617,0.012611683564073368,0.007447469866619136,0.0074576697133884136,0.008525948097781155,0.007490264841810781,-0.004636507484471552
2015-06-03,0.011979390621735109,0.010726847479312083,0.011985883225410625,0.012603829925945857,0.007447469866619136,0.007476030721367985,0.008474666972867088,0.007485449800798713,-0.005361278499135869
2015-06-04,0.011979390621735109,0.010749644323256341,0.012015617234406726,0.012667656302411855,0.007447469866619136,0.007494530548454386,0.008495690523595162,0.007524581552904658,-0.0014409184146700897
2015-06-05,0.011979390621735109,0.010748640439394391,0.01167847333697939,0.012451188926440981,0.007447469866619136,0.007493669396769177,0.008257311574051103,0.007391866080641723,-0.0071746055282817965
2015-06-08,0.011979390621735109,0.010774748410162514,0.012038195858689255,0.012741483298087235,0.007447469866619136,0.007514117715167271,0.00851165483076397,0.007569844653419767,-0.002815934372265716
2015-06-09,0.011979390621735109,0.010731796577980384,0.011781251315288555,0.012589426152296352,0.007284821442364499,0.007480518131823963,0.008329981157254463,0.007476618892151675,-0.0034863806878430714
2015-06-10,0.011979390621735109,0.010676384171120372,0.011593828340969375,0.012487572037828713,0.007284821442364499,0.007451893913904145,0.00819746298896029,0.0074141724526230034,0.005829996268684568
2015-06-11,0.011979390621735109,0.010665747623172716,0.011721283652150683,0.012480091617025551,0.007284821442364499,0.0074389519927809625,0.0082875807796872,0.007409586229987076,0.00802352442182347
2015-06-12,0.011979390621735109,0.010681302606287345,0.012249459357790659,0.012715500016723615,0.007284821442364499,0.007446854282682874,0.0086610295380539,0.007553914384751579,-0.0039731642505814735
2015-06-15,0.011979390621735109,0.0107007567580341,0.012090171227360386,0.012645912706960099,0.007284821442364499,0.007464879939547128,0.008548404224362767,0.007511250622430116,-0.0019355715284469334
2015-06-16,0.011779921682406732,0.010565539712736983,0.011773632626623707,0.012450418808207353,0.00717970261723622,0.007361781216703785,0.008324594332771836,0.00739139392355747,0.004955937802600186
2015-06-17,0.010835742730263604,0.010102223177691855,0.011759112033118517,0.01237045547507959,0.007113524812989248,0.0070148745331814494,0.008314327488694465,0.0073423686537117385,-0.0005814060336873483
2015-06-18,0.010835742730263604,0.010101041046418908,0.011405694927789756,0.012137456078820772,0.007113524812989248,0.0070138246806840665,0.008064442502010613,0.007199517451433442,0.006256547754419085
2015-06-19,0.010835742730263604,0.010065892466222366,0.01161874358481497,0.012187982933082953,0.007113524812989248,0.006981364811387415,0.008215079412395115,0.007230495308005548,0.0008938076366204026
2015-06-22,0.010835742730263604,0.01006611907212437,0.011276298218825505,0.01194744160427908,0.007113524812989248,0.006983202007704855,0.007972952038167933,0.007083020170434447,-0.004494332981742743
2015-06-23,0.010835742730263604,0.010089767968991095,0.011228735822263348,0.011956879185904337,0.007113524812989248,0.007004673793174397,0.007939322854259216,0.007088806322258934,-0.0027431787229149074
2015-06-24,0.010835742730263604,0.010094695054162177,0.010998314306873761,0.01182820443566049,0.007113524812989248,0.007013543227538623,0.007776402394449447,0.007009916234686454,-0.0019862702193772066
2015-06-25,0.010835742730263604,0.010104426664595004,0.010723163032512315,0.01166153661356387,0.007113524812989248,0.007022954463657503,0.007581855578539402,0.006907732713398868,-0.003459227609737636
2015-06-26,0.010835742730263604,0.010117084863098884,0.010581713407441903,0.011594367627149198,0.007113524812989248,0.007037076467946605,0.0074818430518557395,0.006866551617571084,-0.0026683253125595052
2015-06-29,0.010835742730263604,0.010126066731843575,0.010371414919037989,0.011474130015126458,0.007113524812989248,0.007044742303987728,0.007333150659263247,0.0067928343130960085,-0.00462154398866297
2015-06-30,0.010835742730263604,0.010145995993363572,0.010394600725097233,0.011548173727506541,0.007113524812989248,0.007061087157798074,0.007349544276750944,0.007073711587121097,-0.002262946116389286
2015-07-01,0.010835742730263604,0.01010062415424878,0.010160103107267743,0.011403319463412356,0.006958802623310565,0.007025578887801371,0.007183741792306374,0.006982409660159768,0.0011023151369934261
2015-07-02,0.010835742730263604,0.010089517817169318,0.009870592311607815,0.011189545439711547,0.006958802623310565,0.0070212496983641515,0.006979042019070963,0.006847667473450858,0.0007987160251456736
2015-07-06,0.010835742730263604,0.010083301578252726,0.009580711206890372,0.010978668426712378,0.006958802623310565,0.00701995314980291,0.006774080417326092,0.006714751278273098,0.003304807002961618
2015-07-07,0.010835742730263604,0.010075926650730604,0.00947781973122497,0.010847603142892024,0.006958802623310565,0.0070118685978021195,0.006701330585360223,0.0066321405726417395,0.005772539694295575
2015-07-08,0.010835742730263604,0.009974035390164254,0.009760097401067926,0.01091609074964865,0.006958802623310565,0.006946225180865154,0.006900916147876334,0.006675308445599789,-0.006535845454234158
2015-07-09,0.010835742730263604,0.010007391029372988,0.010169307470170879,0.01120511816006198,0.006958802623310565,0.006972788862301462,0.007190249774140879,0.0068574829896520225,-0.0037723671888498117
2015-07-10,0.010835742730263604,0.010024426926950233,0.010091127088894513,0.011175190854012829,0.006958802623310565,0.0069895027138851705,0.007134972020914957,0.0068386197499114764,0.004502387338884496
2015-07-13,0.010835742730263604,0.010024661259985619,0.010114515587373172,0.011116048380400766,0.006958802623310565,0.006987090240455419,0.007151508952893556,0.006801342132715964,0.0035503718003486624
2015-07-14,0.010835742730263604,0.010024682424581833,0.010012905733380066,0.010994570304914237,0.006958802623310565,0.006985601907646386,0.007079665296689093,0.0067247742633140505,0.003537494632420435
2015-07-15,0.010835742730263604,0.010023925617490515,0.009914948733782415,0.010876215762319565,0.006958802623310565,0.006983296253426782,0.007010404405886203,0.006650175162824373,0.0023203857619363607
2015-07-16,0.010835742730263604,0.010015867626507713,0.009703409503358379,0.01070377247737911,0.006958802623310565,0.006979866281458624,0.006860834741654899,0.006541483821875183,0.006587795515159122
2015-07-17,0.010835742730263604,0.010021544086648628,0.010129118973021907,0.010870302989528673,0.006958802623310565,0.006982988139622553,0.007161834335489225,0.006646448330529384,0.0003538276322624489
2015-07-20,0.010835742730263604,0.010016684152458192,0.009822614738448207,0.010667061880252786,0.006958802623310565,0.006978563474202583,0.0069451192828781025,0.006518345060455256,-0.0033965397934898277
2015-07-21,0.010835742730263604,0.009966217048436442,0.009718065045473342,0.010627430432567843,0.0067788803377406915,0.006939559999009374,0.006871197001689922,0.006493365281195533,-0.0008390649202091652
2015-07-22,0.010835742730263604,0.009971275745252287,0.009434137431539164,0.010449747662361395,0.0067788803377406915,0.00694488600093844,0.0066704448395637555,0.006381371482399748,0.0002768355970721112
2015-07-23,0.010835742730263604,0.009973242320384528,0.00914809584129477,0.010257290651442623,0.0067788803377406915,0.006947178973730329,0.00646819798197955,0.006260065450685859,-0.00047039120093670436
2015-07-24,0.010835742730263604,0.009946625950047177,0.008873457430748142,0.010079996429082352,0.0067788803377406915,0.006925494816401307,0.006274013788493843,0.006148316554360115,-0.003102549631595553
2015-07-27,0.010835742730263604,0.009957159002205826,0.008782914401834069,0.01003969661897185,0.0067788803377406915,0.006934351075353544,0.006209994975501015,0.006122915504951778,-0.00174212413635384
2015-07-28,0.010835742730263604,0.009962531852662583,0.008573022518811238,0.009913810468111791,0.0067788803377406915,0.006939083574181593,0.00606159007487964,0.006043569216990282,0.004203734933748949
2015-07-29,0.010835742730263604,0.009958027785060249,0.008650147581567878,0.00957983396675808,0.0067788803377406915,0.006932707807698739,0.006116121660898959,0.005883164498383384,0.002789705863961667
2015-07-30,0.010835742730263604,0.009956393503377368,0.008535960445123805,0.009451150154832501,0.0067788803377406915,0.006932326036473482,0.006035385186519058,0.0058014576592317945,0.000978175979221996
2015-07-31,0.010835742730263604,0.009938518410910837,0.00829467049887706,0.009266427496379882,0.0067788803377406915,0.006916946311233867,0.005864780158930688,0.005684169366975026,0.003626680601784149
2015-08-03,0.010835742730263604,0.009923272627359824,0.008303274235240743,0.009205122707346143,0.0067788803377406915,0.006902129062756138,0.005870863465353195,0.005645244342437373,0.0013755217596339354
2015-08-04,0.010835742730263604,0.009921795523342996,0.008088391621257341,0.00903404209242627,0.0067788803377406915,0.00690050257624241,0.0057189298483204705,0.005536617965303804,-0.0036115473331192363
2015-08-05,0.010835742730263604,0.009934948501194389,0.008107532524655554,0.009082534163052026,0.0067788803377406915,0.006915086029158871,0.005732463501102586,0.005567407648601634,-0.0014313988517774211
2015-08-06,0.010835742730263604,0.009940278613170438,0.007902750490680531,0.00895696793157642,0.0067788803377406915,0.0069199151023159105,0.005587671539815542,0.005487680294208511,-0.0004439867998083381
2015-08-07,0.010835742730263604,0.009935812980269389,0.007666176775025835,0.008797259084078928,0.0067788803377406915,0.006916015254855804,0.005420401142048204,0.005386274337093173,0.0036005166472886318
2015-08-10,0.010835742730263604,0.009909162065123238,0.007710612650819842,0.008753518720512287,0.0067788803377406915,0.006892158329609423,0.005451819706864815,0.005358501715215617,0.0032520112679454765
2015-08-11,0.010835742730263604,0.009904123677741926,0.007701971765292021,0.00868494606567263,0.0067788803377406915,0.006886136713436885,0.005445710133976294,0.0053149620127826355,0.0007982982125138258
2015-08-12,0.010835742730263604,0.009822418892282716,0.007481181755956645,0.008521241984255206,0.006646172003950944,0.006821906713552812,0.005289599669285077,0.005211019311298412,-0.00015178172840216706
2015-08-13,0.010835742730263604,0.00980476808231778,0.007253790477501472,0.008368302860005452,0.006646172003950944,0.006807192803078343,0.0051288217506952625,0.00511391174012787,-0.002240066437252053
2015-08-14,0.010835742730263604,0.009763241858766715,0.007147713456251945,0.008321578057648424,0.006625538595990226,0.006774671778040495,0.0050538195659036046,0.005084244170808557,0.0028489949776744463
2015-08-17,0.010835742730263604,0.009752926323296876,0.007117587098794457,0.00824243201052614,0.006625538595990226,0.006769663672143478,0.005032518603616863,0.00503399097077556,0.004516536619638989
2015-08-18,0.010835742730263604,0.009704713026664966,0.007365073717873233,0.0083127470899871,0.006540292940086044,0.006728567838790942,0.005207505013670227,0.005078637012896,-0.004016707016779808
2015-08-19,0.010835742730263604,0.009703359086163163,0.007498570629137314,0.008448685802620558,0.006540292940086044,0.0067351427614287624,0.005301894542050662,0.0051649502978493534,-0.0003329963714814089
2015-08-20,0.010835742730263604,0.009688975576431032,0.007272609860314825,0.008301956671642777,0.006540292940086044,0.006729908246951627,0.005142128071053862,0.005071785716195621,-0.0067354236095374396
2015-08-21,0.010835742730263604,0.009728034192518886,0.008027972393746268,0.008868996134706287,0.006625538595990226,0.006761117147440693,0.005676210190345771,0.005431823249338707,-0.014652755362992697
2015-08-24,0.011779921682406732,0.009860328699563862,0.011414837552684253,0.011382291748418405,0.006644451662833114,0.006860965405040859,0.008070906831737642,0.007027621799110726,-0.0256137642188367
2015-08-25,0.011979390621735109,0.010256848524396591,0.018317037144828765,0.016915194720416485,0.00673714395065527,0.0071552970650476935,0.012951134831929913,0.010540697813954386,-0.012566285362370401
2015-08-26,0.012571620109625403,0.010369228748843426,0.019148343266609483,0.029320696112339995,0.0067788803377406915,0.007243525364038516,0.013538913171006457,0.017921541414611233,0.01326911911952854
2015-08-27,0.012571620109625403,0.010406138122694013,0.020045739868300792,0.028847844492674284,0.0067788803377406915,0.007259148850319905,0.014173421049891282,0.017629069425340163,0.013277808382193836
2015-08-28,0.012571620109625403,0.01046349734937618,0.020855907278452206,0.028474322834510617,0.0067788803377406915,0.00729190982702453,0.014746253177835547,0.01739803580325764,0.0015120567971454114
2015-08-31,0.012571620109625403,0.010463570327598995,0.020238901508579613,0.025420403149583683,0.0067788803377406915,0.007292898933506963,0.014309996765048032,0.015509100822013192,-0.008454317383731702
2015-09-01,0.012571620109625403,0.010481564214034348,0.020205083819055808,0.024306033946340486,0.006958802623310565,0.007306684774336142,0.01428608583156768,0.01481983221406093,-0.014684363268557411
2015-09-02,0.013100335189489155,0.010621764971945738,0.02130185122290575,0.02619021037972946,0.007113524812989248,0.007417496179192725,0.015061559638505745,0.015985248185355537,0.006996391686709426
2015-09-03,0.013100335189489155,0.010620537659615353,0.021034193687555113,0.024195272287876355,0.007113524812989248,0.007416779712199741,0.014872311300922569,0.014751323021665928,0.0015418975669692413
2015-09-04,0.013100335189489155,0.010618792032053792,0.020412326073494913,0.021668641002515806,0.007113524812989248,0.007414816228771787,0.014432617301635246,0.013188530704899955,-0.007791699636075234
2015-09-08,0.013100335189489155,0.010665816176096308,0.02028242659102992,0.021012008667284424,0.00717970261723622,0.00745558538494047,0.014340771349765403,0.012782385188383377,0.010097444448254944
2015-09-09,0.013100335189489155,0.010663360383275549,0.02048905804263896,0.0209480950239922,0.00717970261723622,0.007444565822377085,0.014486870949233737,0.01274285280736192,-0.006752896131083519
2015-09-10,0.013100335189489155,0.010703970941319292,0.020234151185822162,0.020063098073245408,0.00717970261723622,0.007478963260915441,0.014306638030224245,0.01219545737099494,0.0012678862751710376
2015-09-11,0.013100335189489155,0.010703677262842546,0.019631036919580815,0.018048772379355947,0.00717970261723622,0.007478609141692563,0.013880203660986896,0.010949540431663794,0.005398679920936367
2015-09-14,0.013100335189489155,0.010706381948483772,0.01928001492667473,0.016922884219893172,0.00717970261723622,0.007479881971431396,0.013632012148180859,0.010253147026206881,-0.0016614351032455124
2015-09-15,0.013100335189489155,0.01058009883272437,0.01871662805627634,0.015452306856353912,0.00717970261723622,0.00740254745632815,0.013233667194060997,0.009343553680210944,0.0006133211280687231
2015-09-16,0.013100335189489155,0.010566498011884714,0.01814980939439621,0.014036006585366316,0.00717970261723622,0.007390695729797917,0.012832895777962398,0.008467532238318153,0.00626845050915168
2015-09-17,0.013100335189489155,0.010536247087089848,0.017955772705672182,0.013914776178262398,0.00717970261723622,0.00736185475232645,0.012695701356280748,0.008392547831262743,0.004975022100082893
2015-09-18,0.013100335189489155,0.010535340686754636,0.01763808732912362,0.013385220628664376,0.00717970261723622,0.007357897335138604,0.012471080632236717,0.008065002870900836,-0.003856134390226851
2015-09-21,0.013100335189489155,0.01055396726293882,0.017241357703791316,0.012955562449294234,0.00717970261723622,0.0073741840610580395,0.012190571353968956,0.007799247235939047,-0.0026440926533765952
2015-09-22,0.013100335189489155,0.010565030077375028,0.01678388206441264,0.012274684903142555,0.00717970261723622,0.007384016167851923,0.011867111361991525,0.007378105376440354,-0.005344641037073341
2015-09-23,0.013100335189489155,0.01059076968210843,0.016555128576200225,0.012619828627453178,0.00717970261723622,0.007405168149986036,0.011705370287510512,0.007591586450492544,-0.00010797577302685819
2015-09-24,0.013100335189489155,0.010588385095729473,0.016050910597383693,0.010785804550760399,0.00717970261723622,0.007402985629674857,0.011348860936314502,0.006622446522397377,0.001478041067096392
2015-09-25,0.013100335189489155,0.010562358643199005,0.015584710403838093,0.00993200234260686,0.00717970261723622,0.007380804274978858,0.011019232213200543,0.006082667851304026,-0.0020352303343760254
2015-09-28,0.013100335189489155,0.010571364494571944,0.015154379672019573,0.009552004864921753,0.00717970261723622,0.007389207976601516,0.010714965137360815,0.0058424312583731175,-0.009690971825213147
2015-09-29,0.013100335189489155,0.010642823403122456,0.01569622160411001,0.013588727632165974,0.007290261301729417,0.007446686213597588,0.011098076656140357,0.008394470630100211,0.001601239403569188
2015-09-30,0.013100335189489155,0.010604903396522735,0.01524538112393731,0.012228447105806763,0.007290261301729417,0.007415144966045173,0.010779308080183353,0.007534493450584298,0.008128852077886186
2015-10-01,0.013100335189489155,0.010621801243387522,0.015489766078169672,0.013445531834907633,0.007290261301729417,0.007423695785140478,0.01095210144562411,0.00830394142273564,0.0030057458172064178
2015-10-02,0.013100335189489155,0.010613059140965973,0.015115240988890749,0.012316636838851473,0.007290261301729417,0.007414617835152889,0.010687291973937182,0.007590247507498602,0.012338791468441659
2015-10-05,0.013100335189489155,0.010622741110611495,0.016254186021564677,0.016301653440947982,0.007290261301729417,0.007410352897986124,0.011492587643083174,0.01010959794396149,0.006516411559429181
2015-10-06,0.013100335189489155,0.010618590082724248,0.0161905888410583,0.015653091621411732,0.007290261301729417,0.00740203072625663,0.01144762100065317,0.009699573428063062,0.0008116462985585882
2015-10-07,0.013100335189489155,0.010573911706952653,0.01570417041832425,0.013899669528785536,0.007290261301729417,0.007376991495170493,0.011103696897221304,0.008591049887147963,0.004537278044554383
2015-10-08,0.013100335189489155,0.010576228041618781,0.01544372220688906,0.013075769287671606,0.007290261301729417,0.007377539093634031,0.010919545941127162,0.00807017541175425,0.0022226985503451153
2015-10-09,0.013100335189489155,0.010572902251006605,0.01502671800627882,0.011879777903528586,0.007290261301729417,0.007373749099872571,0.010624701442812155,0.007314062773713702,0.0026272078748970197
2015-10-12,0.013100335189489155,0.010557447289762621,0.0146456602566112,0.010979140992569834,0.007290261301729417,0.007359397298616072,0.010355273027306081,0.006744674933892709,0.0035681689431601325
2015-10-13,0.013100335189489155,0.010513626464773036,0.014344331338747355,0.010493799245548503,0.007290261301729417,0.00733324588799084,0.01014221720320322,0.006437839087450171,-0.003558321815732923
2015-10-14,0.013100335189489155,0.010489985444056741,0.014054382348417825,0.010485999787490178,0.007290261301729417,0.007325277373251337,0.00993720760266311,0.006432908225166416,0.001902669057843009
2015-10-15,0.013100335189489155,0.010489468607816934,0.013669295352471052,0.009741701768872542,0.007290261301729417,0.007325785886582521,0.009664930292359273,0.00596235873308242,0.007289671749597716
2015-10-16,0.013100335189489155,0.010495431420115253,0.013888618319614276,0.011300474666984937,0.007290261301729417,0.007324982500542,0.009820003478964275,0.006947823932685338,0.0018832700372947377
2015-10-19,0.013100335189489155,0.010470016696112494,0.013508210822166099,0.010392555415575539,0.007290261301729417,0.007311440278374524,0.00955103482690696,0.006373832155309068,1.2779494733539164e-05
2015-10-20,0.013100335189489155,0.010463182814718457,0.01309669832705519,0.009583836726680726,0.007290261301729417,0.007305407477251472,0.009260073261067155,0.0058625555446241975,-0.002168771351505783
2015-10-21,0.013100335189489155,0.010473088955544406,0.012757719617360658,0.009321828926091213,0.007290261301729417,0.0073147206681657235,0.009020397000125194,0.005696912704786442,-0.0008078191574069974
2015-10-22,0.013100335189489155,0.010475867064109719,0.012377630800100481,0.00879661664985842,0.007290261301729417,0.007319683672566467,0.008751653672177366,0.005333477911234726,0.009227170806161911
2015-10-23,0.013100335189489155,0.010493849497082243,0.013101898421211268,0.0119943504889569,0.007290261301729417,0.007326291803197791,0.009263750008568487,0.007347391963310659,0.0016787665219284327
2015-10-26,0.013100335189489155,0.010493757295546021,0.012738731658943984,0.010920950850572812,0.007290261301729417,0.007326149665222631,0.009006971487707821,0.006671371154823236,0.000555520419789712
2015-10-27,0.013100335189489155,0.010467522166502072,0.012354714679537217,0.00999292580811584,0.007290261301729417,0.007304272206083401,0.008735450736904977,0.006086906415816262,-0.0007091926734481447
2015-10-28,0.013100335189489155,0.010457500026553547,0.01198515550344088,0.00933416035674608,0.007290261301729417,0.007295799668746155,0.008474152434119591,0.005672019791008949,0.0032770044101450907
2015-10-29,0.013100335189489155,0.010444325692128753,0.011769126422170059,0.009135196439229993,0.007290261301729417,0.007282880049937188,0.008321408202777231,0.005546713480507919,-0.006824724261182635
2015-10-30,0.013100335189489155,0.01048639631302015,0.012055112603977881,0.011300450917157354,0.007290261301729417,0.007317945997834199,0.008523615883603362,0.006910378075134601,-0.0009721661193856537
2015-11-02,0.013100335189489155,0.010442868029369846,0.011700986481819432,0.01041244091385772,0.00717970261723622,0.007283314765124453,0.008273229583716573,0.006351114573537696,0.005781292300774366
2015-11-03,0.013100335189489155,0.01044824852602546,0.01181318395024109,0.0109117740909333,0.00717970261723622,0.007285734033612615,0.008352559255313615,0.006665591685323754,-0.003820532622774298
2015-11-04,0.013100335189489155,0.010431053782357827,0.011658383647262025,0.01090198317607503,0.00717970261723622,0.007272208612338393,0.008243107078083551,0.00665942542446281,-0.0028071300604272987
2015-11-05,0.013100335189489155,0.01042367766063378,0.0114158473901834,0.010528504419276694,0.00717970261723622,0.007266250393448927,0.008071620841405601,0.0064242106898055725,-0.0012848368541233056
2015-11-06,0.013100335189489155,0.010424424936313839,0.011092263814110246,0.009850121917986157,0.00717970261723622,0.007266902323434319,0.007842829771649837,0.005996969361797924,-0.009630103803404323
2015-11-09,0.013100335189489155,0.010489508634812102,0.012073508416312082,0.013694171328567317,0.007302245999293977,0.007317772993402734,0.008536622716749976,0.008417929177210876,-0.007880544361395814
2015-11-10,0.013100335189489155,0.010536199774664953,0.012537508335486959,0.014905597056750123,0.007790580070355498,0.007358688801473074,0.0088646957270149,0.009180878009037823,0.0026774918155497486
2015-11-11,0.013100335189489155,0.010528828126515358,0.012250943980577715,0.013428961560083401,0.007790580070355498,0.007355518524415737,0.008662079246570495,0.00825090161757879,-0.0019105333963189144
2015-11-12,0.013100335189489155,0.01053688175113491,0.011927520293642833,0.012290357189895186,0.007790580070355498,0.007364419234579556,0.008433401227073435,0.007533815250714816,-0.006105379292791414
2015-11-13,0.013100335189489155,0.010565467108620654,0.012076162922942467,0.012959439452713654,0.007790580070355498,0.0073874115716613875,0.008538499596346307,0.007955199342977093,-0.005030795235981812
2015-11-16,0.013100335189489155,0.01057206806015711,0.012054121046857807,0.012930911141774533,0.007790580070355498,0.007392645285232998,0.008522914799150997,0.007937232379754635,0.008368069050455474
2015-11-17,0.013100335189489155,0.010507614054491939,0.012622268501057545,0.014025699776776706,0.007302245999293977,0.007335975790277654,0.008924625743207027,0.00862672385309924,-0.0008446968251728748
2015-11-18,0.013100335189489155,0.010509037221215784,0.012247205792305038,0.012609369465001569,0.007302245999293977,0.007340391383615008,0.008659436145507602,0.007734727314053578,0.008853631111841254
2015-11-19,0.013100335189489155,0.010527675429988115,0.012901459866225193,0.014266170995633577,0.007302245999293977,0.007351122992924548,0.00912202912158133,0.008722827363794759,0.003575918966088398
2015-11-20,0.013100335189489155,0.01052610478871184,0.012673317802181195,0.013122626911635711,0.007302245999293977,0.007348003306681363,0.00896072035701933,0.008006087631410856,0.0011082567129389264
2015-11-23,0.013100335189489155,0.010524900644629371,0.012303455981521426,0.011833493452854777,0.007302245999293977,0.007346709090501439,0.008699208068177347,0.007198096769332727,-0.0007511873883974897
2015-11-24,0.013100335189489155,0.010529053465614929,0.011936320939912736,0.01084499148593037,0.007302245999293977,0.007350820517770943,0.008439623759437617,0.006578532866944788,0.0006634605221634837
2015-11-25,0.013100335189489155,0.010528033379164494,0.011578866289200958,0.009955776585818256,0.007302245999293977,0.007349788392993178,0.008186884010041213,0.006021199172112501,0.0008079420373165226
2015-11-27,0.013100335189489155,0.010483026152331933,0.011235564040993344,0.009240504662240497,0.0072054013091598906,0.00731322921489186,0.007944150773793084,0.0055728878089907966,-0.0001328797722029095
2015-11-30,0.013100335189489155,0.010479813072174785,0.010893546660307658,0.008696355648312646,0.0072054013091598906,0.007310331522130233,0.007702326008297407,0.005231831242761962,-0.0006285170266057351
2015-12-01,0.013100335189489155,0.010477297881064671,0.01056775615423636,0.008325093691793867,0.0072054013091598906,0.0073081129619116175,0.007471974519804452,0.004999135189253202,0.0106602682243488
2015-12-02,0.013100335189489155,0.010490273209134251,0.011911243053867536,0.012872588922117512,0.0072054013091598906,0.007308577228246201,0.008421892339180993,0.007849371188030247,-0.008636718510734165
2015-12-03,0.013100335189489155,0.010534290449577502,0.012553341570411452,0.014895927113774118,0.007790580070355498,0.007349490670982491,0.00887589067949064,0.009117539940161005,-0.014744239722663723
2015-12-04,0.013172225100830033,0.010678777521175091,0.014789237681818687,0.020475799056849025,0.007796141872341261,0.00746209474578781,0.0104567900236402,0.012614839239051363,0.015376243638823062
2015-12-07,0.013172225100830033,0.010762112909544864,0.016803866897948407,0.023471165088383497,0.007796141872341261,0.0075132083050262356,0.011881241718973878,0.014492246396218602,-0.0017295127979636395
2015-12-08,0.013172225100830033,0.010684914219341634,0.016321735030080452,0.020674661240010335,0.007790580070355498,0.007453294970103385,0.01154034844141174,0.012739480195123663,-0.003935318581032754
2015-12-09,0.013172225100830033,0.010671076669492385,0.01598261073658225,0.018735533233466797,0.007790580070355498,0.007442379316582239,0.01130056924485548,0.011524091905404925,-0.004638197576284964
2015-12-10,0.013172225100830033,0.01069526604912776,0.015719501909240177,0.017351991006376792,0.007790580070355498,0.007463678533418572,0.01111453708957647,0.010656928409512828,0.0006411331188516112
2015-12-11,0.013172225100830033,0.010696675457200759,0.015245000818456231,0.015353678849617435,0.007790580070355498,0.007465885883740434,0.010779039183662378,0.009404445238555445,-0.004564089226880308
2015-12-14,0.013172225100830033,0.010715438915960256,0.015007648991755194,0.01463739624005306,0.007790580070355498,0.007481376658632362,0.010611218619348143,0.008955500407241558,-0.002519158612581529
2015-12-15,0.013172225100830033,0.010712535416181621,0.014621095768763546,0.013450751678399889,0.007790580070355498,0.007485362306393576,0.010337904607311252,0.008211746565605058,0.0037526442569189907
2015-12-16,0.013172225100830033,0.01069042793067218,0.014336058833755778,0.012508559061847429,0.007790580070355498,0.007464893363690655,0.010136368095255434,0.007621207999325214,0.010390158909537105
2015-12-17,0.013172225100830033,0.010699784458329625,0.015107806667372109,0.015042917777381233,0.007790580070355498,0.007470755873222294,0.010682035506987285,0.009209669356395117,-0.006663411048129941
2015-12-18,0.013172225100830033,0.010739213843389231,0.015131711721883196,0.015688212209101486,0.007790580070355498,0.00750332842159784,0.010698937671987544,0.009574752704548708,-0.006142861604922623
2015-12-21,0.013172225100830033,0.010769737346091069,0.015082558345189118,0.015621117611400979,0.007790580070355498,0.007528052652597503,0.0106641835791735,0.009532852718823492,0.005169779447841794
2015-12-22,0.013172225100830033,0.010773616876508104,0.014916871349871578,0.01461427604147315,0.007790580070355498,0.007528969314526731,0.010547033922310977,0.00890408902020444,0.002099374087821038
2015-12-23,0.013172225100830033,0.01077135073519823,0.014511836603020686,0.01301652748049508,0.007790580070355498,0.007526243180313654,0.010260652474448736,0.007906309106592159,0.005105924552328856
2015-12-24,0.013172225100830033,0.010774120686314231,0.014367436581782286,0.01259674365119633,0.007790580070355498,0.00752577938704198,0.010158553858280343,0.007644157799957819,0.0016139206771339954
2015-12-28,0.013172225100830033,0.010772624428824379,0.013960072870658818,0.01132249799254946,0.007790580070355498,0.007524044569796551,0.009870525706856035,0.006848402601513332,-0.00046597694849025444
2015-12-29,0.013172225100830033,0.010762155465161042,0.013537397202775137,0.010305278609276193,0.007790580070355498,0.007515122972310112,0.009571671174779977,0.0062131580498012515,0.001275572737414766
2015-12-30,0.013172225100830033,0.010762514173866835,0.013145105273130873,0.009460157891013914,0.007790580070355498,0.0075156200965539564,0.009294299587108378,0.005685387599647638,-0.004845868948751986
2015-12-31,0.013172225100830033,0.010786505249346557,0.013040369479603742,0.010542640381617483,0.007790580070355498,0.0075358127817533125,0.009220245722775739,0.0063613883874687575,-0.004826780440826239
2016-01-04,0.013172225100830033,0.010810825199610527,0.012938828351104206,0.011258289860083594,0.007790580070355498,0.007557976848688388,0.009148450659208099,0.006808305187921685,-0.004754525403246791
2016-01-05,0.013172225100830033,0.010826874536332007,0.012833892665982394,0.011714606433870085,0.007790580070355498,0.007571034011302801,0.00907425546071896,0.007093270871942593,0.0015219392039698243
2016-01-06,0.013172225100830033,0.010827192264003933,0.012473107344381763,0.010604135534688546,0.007790580070355498,0.007571672727767783,0.008819160747065987,0.0063997915693068666,-0.0014785743762307573
2016-01-07,0.013172225100830033,0.010815778425557615,0.01212244140620519,0.009922710814270881,0.007790580070355498,0.007569431854037351,0.008571220984189425,0.005974247829023103,-0.011670843884294613
2016-01-08,0.013172225100830033,0.010886977772451682,0.013504264635765902,0.016130049128388405,0.007796141872341261,0.0076238403977208,0.009548244659930894,0.00985067597177853,-0.006032280091945098
2016-01-11,0.013172225100830033,0.010919933282666272,0.013536582483021097,0.015890327293696632,0.007796141872341261,0.007652775841265971,0.009571095123898966,0.009700971795945437,-0.0027896296040127782
2016-01-12,0.013172225100830033,0.010932307416160735,0.013220123069401648,0.014438862181507089,0.007796141872341261,0.007664813587854454,0.00934734122187797,0.008794544608575497,0.0068524061857779825
2016-01-13,0.013172225100830033,0.01094229226581999,0.01339897151656186,0.014467050896786258,0.007796141872341261,0.007668876372560762,0.009473796736235385,0.008812148213161987,-0.009515913271688648
2016-01-14,0.013172225100830033,0.011006355503050005,0.014077079238627247,0.01687019757368065,0.00788297029983453,0.007719533367130132,0.009953255530231502,0.010312892161384661,0.003182175842971003
2016-01-15,0.013172225100830033,0.011006616921281626,0.013768167627325934,0.015039078713600962,0.00788297029983453,0.007718890379536444,0.009734838332216401,0.009169374550011761,-0.007183994698555375
2016-01-19,0.013172225100830033,0.011046201108914772,0.013962345584747779,0.015729027890021768,0.00788297029983453,0.0077508113918085915,0.009872132638499393,0.009600241738040772,0.0009554148068208647
2016-01-20,0.013172225100830033,0.011047041173620193,0.013547939801892681,0.013630206445445398,0.00788297029983453,0.0077521584754741074,0.009579125361915743,0.008458170439330325,-0.005585540333183826
2016-01-21,0.013172225100830033,0.011001948966267671,0.013515338476727663,0.013763717838490832,0.007796141872341261,0.00771758325518843,0.009556074463750645,0.008542897141681388,0.0016151437473050372
2016-01-22,0.013172225100830033,0.010965825027377533,0.013135889340494901,0.012264575095537397,0.007796141872341261,0.0076873568992893515,0.009287783424847706,0.00759153697633021,0.012329439349440986
2016-01-25,0.013172225100830033,0.011011375795342724,0.014545097648446992,0.016790533718139298,0.007796141872341261,0.007715157154955099,0.010284169830479683,0.010463722939815123,-0.005358562743140139
2016-01-26,0.013172225100830033,0.011031647509858597,0.014428796383655781,0.01600209628341395,0.007796141872341261,0.007731585999316233,0.010201938553143426,0.009963378345015811,0.010620620171754113
2016-01-27,0.013172225100830033,0.011064352198898243,0.015242233056580418,0.017764972582558224,0.007796141872341261,0.0077503635095304115,0.010777082226488962,0.011082104560601849,-0.006626256199108638
2016-01-28,0.013172225100830033,0.01109670096689588,0.01525265286541063,0.017312200600108886,0.007796141872341261,0.007776397187187237,0.010784449594257886,0.010794774197890177,0.0009752199392636273
2016-01-29,0.013172225100830033,0.01104686371606997,0.014798433514219656,0.01513368968677855,0.007790580070355498,0.007735927155370886,0.010463291973948817,0.009412285097057656,0.016494265372030536
2016-02-01,0.013172225100830033,0.011141906076139267,0.017152139018727797,0.021788059197274653,0.007790580070355498,0.007794465031220006,0.012127488923625612,0.01363516654551893,2.6360016714888274e-05
2016-02-02,0.013172225100830033,0.011130599773162737,0.016629622550441297,0.01886008510366134,0.007790580070355498,0.007784680115455814,0.011758041551805827,0.01177706602044408,-0.004841588904296246
2016-02-03,0.013172225100830033,0.011147553111071436,0.01635736204159118,0.017400944473918437,0.007790580070355498,0.007803283461897068,0.011565538663284735,0.010851091307690564,0.0024818245626001883
2016-02-04,0.013172225100830033,0.011132235577410651,0.015921983356267183,0.015344855051913908,0.007790580070355498,0.007795710893640852,0.011257702411602986,0.00954629122665132,0.003469471206727914
2016-02-05,0.013172225100830033,0.011132732189109673,0.015563021364281277,0.013869000236690883,0.007790580070355498,0.007795667256547779,0.011003896890492268,0.008609709645181114,-0.009121205492783536
2016-02-08,0.013172225100830033,0.011189617882650795,0.015959015653011874,0.016086464087416458,0.007796141872341261,0.00784462682685737,0.011283886246056361,0.010016918388713061,-0.0023030592079597905
2016-02-09,0.013172225100830033,0.011194323217934982,0.015528395847418655,0.014437260676362083,0.007796141872341261,0.007848675763038495,0.010979414779440828,0.008970329304909486,-0.002874416276852332
2016-02-10,0.013172225100830033,0.01120295810286031,0.01514417658943347,0.013270412861492014,0.007796141872341261,0.007859568479111052,0.010707751006755022,0.008229844427593886,0.003652970754053242
2016-02-11,0.013172225100830033,0.011201605810409925,0.014829644705157892,0.012274387760449734,0.007796141872341261,0.00785908961027152,0.010485359972114137,0.0075977641208482445,-0.0019616289716037133
2016-02-12,0.013172225100830033,0.011210196782007319,0.014421260510724608,0.011317945172143073,0.007796141872341261,0.007867893829416063,0.010196610283858593,0.006990802987068742,0.005577378313846349
2016-02-16,0.013172225100830033,0.011186027467203279,0.01433859497212342,0.01157254335710099,0.007796141872341261,0.007844298255590952,0.010138161282095208,0.007152371705243298,0.004414158408638003
2016-02-17,0.013172225100830033,0.011187986814799638,0.01412751097910404,0.011235084168212825,0.007796141872341261,0.007844743974386937,0.009988913495303012,0.006938219162899375,0.007888730781437902
2016-02-18,0.013172225100830033,0.011202315520608706,0.014415927897502017,0.013154035968984757,0.007796141872341261,0.007851161440714183,0.010192839838217945,0.008092873060125386,0.004977863226787394
2016-02-19,0.013172225100830033,0.0112047586122763,0.014261695486779254,0.012746197630065409,0.007796141872341261,0.007852125288018421,0.010083789191493235,0.007835711694603911,-7.345250647132766e-05
2016-02-22,0.013172225100830033,0.011207442305901478,0.013827290138935109,0.011550599709253427,0.007796141872341261,0.007855700405735843,0.009776641141993905,0.007081830647654452,0.005939827909108942
2016-02-23,0.013172225100830033,0.011212173881041813,0.013826739264340183,0.011942294109982805,0.007796141872341261,0.007855946640918694,0.009776251643894516,0.007328812496456565,-0.00423446664914724
2016-02-24,0.013172225100830033,0.011231578370870524,0.013620952295091355,0.011950163623057031,0.007796141872341261,0.00787442177978746,0.009630749139077669,0.007333774596717956,0.001096905670363979
2016-02-25,0.013172225100830033,0.011232187408770375,0.013220787309686587,0.010882163402342942,0.007796141872341261,0.007875282214674274,0.009347810875644735,0.0066603499357020006,0.00942355615439676
2016-02-26,0.013172225100830033,0.011251160548376356,0.013897393462738862,0.013620142266794734,0.007796141872341261,0.00788271946240205,0.009826207979226924,0.008386775130098943,-0.0052760898614755075
2016-02-29,0.013172225100830033,0.01127823413158353,0.013805375294041088,0.013695068571415605,0.007796141872341261,0.007906885337061194,0.009761146162713187,0.008434019709558628,-0.001502077860343354
2016-03-01,0.013172225100830033,0.011284307241266252,0.013412148040782034,0.012514210298414692,0.007796141872341261,0.007912618169052615,0.009483113250715448,0.007689432707814542,0.008813002260785064
2016-03-02,0.013172225100830033,0.011299066691761698,0.013939611212332212,0.014258823977630466,0.007796141872341261,0.007917396657245874,0.009856058208986296,0.008789494161682163,0.0052211576407168005
2016-03-03,0.013172225100830033,0.011282663589194691,0.013838563791390012,0.013708675708265805,0.007796141872341261,0.007900294975538348,0.009784612223334044,0.00844259965302963,0.005891551467410361
2016-03-04,0.013172225100830033,0.011283259481386376,0.013830633797799061,0.013549408798280222,0.007796141872341261,0.007896735222801713,0.00977900528945054,0.008342174332146842,-3.443287788847927e-05
2016-03-07,0.013172225100830033,0.011281468715510005,0.013409311330635474,0.012222306819433142,0.007796141872341261,0.007895067701499652,0.00948110754338971,0.007505373755793826,0.000862603755728253
2016-03-08,0.013172225100830033,0.011281940011974242,0.013010098661654857,0.011099065003108501,0.007796141872341261,0.007896994085542938,0.00919884261911716,0.006797116655536292,-0.003516799374768365
2016-03-09,0.013172225100830033,0.011287373942331461,0.012771958585431571,0.011004715694651135,0.007796141872341261,0.007901466516104705,0.009030464719805831,0.006737624953350585,0.0002548307231133309
2016-03-10,0.013172225100830033,0.011285975525095257,0.01238372468298627,0.010085795132562463,0.007796141872341261,0.007900121639618951,0.00875596237659718,0.006158202069325902,0.00017143851348589995
2016-03-11,0.013172225100830033,0.011288112012426531,0.012006863975041077,0.00933187131303314,0.007796141872341261,0.007902559004583507,0.008489501496332345,0.005682817436672059,0.006558617677535029
2016-03-14,0.013172225100830033,0.01129488143908302,0.012226307912283962,0.010717753332233362,0.007796141872341261,0.007905896604854714,0.00864466021533317,0.006556681609063336,-0.001057502416244094
2016-03-15,0.013172225100830033,0.011233758160514723,0.01186915244814972,0.009984000334323713,0.007790580070355498,0.00785772540638808,0.008392132007010519,0.006094015633623403,-0.0011885051445343464
2016-03-16,0.013172225100830033,0.011239394793372947,0.011527482185759797,0.009413881437930354,0.007790580070355498,0.007863237008733353,0.00815055267290287,0.0057345286999167955,0.007524593772818222
2016-03-17,0.013172225100830033,0.011251548913853986,0.011970589122153732,0.011297780171144965,0.007790580070355498,0.007869118792617542,0.008463853215606712,0.006979603711926468,0.00557638451418947
2016-03-18,0.013172225100830033,0.011248188778808513,0.0120330636461421,0.01154885908676427,0.007790580070355498,0.007862482079608176,0.00850802607922742,0.007139305241639448,0.0013206374474958094
2016-03-21,0.013172225100830033,0.01124865167609633,0.011690734414091146,0.010569534236071603,0.007790580070355498,0.007863765175209252,0.008265980817968855,0.0065163948058675585,-0.003493822191384566
2016-03-22,0.013172225100830033,0.011253884758352083,0.011508109642326762,0.010585204523961967,0.007790580070355498,0.007868068563882604,0.008136855238101879,0.006526362066324141,-0.00016531130791783697
2016-03-23,0.013172225100830033,0.011256276485664594,0.011157923911140726,0.009768543609348571,0.007790580070355498,0.007870527978705242,0.007889255007510615,0.006006915831665745,-0.003058204975184776
2016-03-24,0.013172225100830033,0.011270086275157312,0.010957473833668064,0.009799626730812652,0.007790580070355498,0.007883029456713896,0.007747525973502944,0.006026686595904646,-0.0009341926671651347
2016-03-28,0.013172225100830033,0.011275129168338997,0.01063699401327857,0.009220779813594834,0.007790580070355498,0.007888973694011446,0.007520929426694673,0.0056585045925639345,0.0023670560628479055
2016-03-29,0.013172225100830033,0.011274193112055087,0.010400781653540091,0.008812180239265993,0.007790580070355498,0.007887512939321965,0.007353914527082208,0.005398610300367257,0.0119414142581302
2016-03-30,0.013172225100830033,0.011314962653013254,0.012165072941647509,0.01435958163851337,0.007790580070355498,0.007909720911490309,0.008601363782898634,0.008927096502430567,-0.0022426354972814085
2016-03-31,0.013172225100830033,0.011322370856316134,0.011863506190987607,0.01323121481149601,0.007790580070355498,0.0079162562386683,0.008388139798160141,0.008209386264167139,0.001243389956762353
2016-04-01,0.013172225100830033,0.011316258873249866,0.01152389802788432,0.011973853949141298,0.007790580070355498,0.007910406593544722,0.008148018479652226,0.007409627938686141,0.0017053974876011012
2016-04-04,0.013172225100830033,0.011301054119871042,0.011215016858435324,0.010959349369507727,0.007790580070355498,0.007896723460022882,0.007929622805671322,0.006764341046042541,-0.0021342505131421775
2016-04-05,0.013172225100830033,0.011309963626625442,0.01094116474123487,0.010427027249984663,0.007790580070355498,0.007906538454485773,0.007735994564060542,0.006425751656414985,-0.0020391670434728006
2016-04-06,0.013172225100830033,0.011318165454211306,0.010671305722873827,0.009974728462597234,0.007790580070355498,0.00791589606114082,0.007545189659054777,0.0061380619949596175,0.003445468318839673
2016-04-07,0.013172225100830033,0.011269647285726632,0.010530855502557411,0.009696278271044302,0.0072143799454313555,0.007875008019060976,0.0074458837655246276,0.00596095066153606,-0.001738248070262783
2016-04-08,0.013172225100830033,0.011266653994236802,0.010257977722892636,0.009311579221038724,0.0072143799454313555,0.00787247941995331,0.0072529444331897635,0.005716258562984168,0.0014995632949519559
2016-04-11,0.013172225100830033,0.011265551386304815,0.009982120062561241,0.008743740748812606,0.0072143799454313555,0.007873316921764118,0.00705789816423675,0.0053550786032065326,-0.00012548135621709422
2016-04-12,0.013172225100830033,0.011268077593123574,0.009678288613633424,0.008259897280473116,0.0072143799454313555,0.007877255560563113,0.00684307291547343,0.005047324597479459,0.0038811082306876472
2016-04-13,0.013172225100830033,0.01126137312669698,0.00964055374784012,0.00853908794286894,0.0072143799454313555,0.007874041164359358,0.006816392326746676,0.005224906915597315,0.005172921892915361
2016-04-14,0.013172225100830033,0.011248746435138027,0.009800658764446643,0.009341380277740736,0.0072143799454313555,0.007860078488279694,0.006929595223096365,0.005735213855708113,-0.003043551662680477
2016-04-15,0.013172225100830033,0.011262409399173804,0.009659069691067735,0.009479258191683123,0.0072143799454313555,0.007872368999391921,0.006829484098924956,0.00577378465634856,0.003345709690359122
2016-04-18,0.013172225100830033,0.011262593172094161,0.009556910632239802,0.00930396614317805,0.0072143799454313555,0.00787235069966244,0.0067572521252317035,0.005663038814673886,0.0026986360578048485
2016-04-19,0.013172225100830033,0.011260093203380244,0.009392509781802857,0.009006343862624677,0.0072143799454313555,0.007869074457337696,0.0066410118422832185,0.005475007296746447,0.0036704879475979112
2016-04-20,0.013172225100830033,0.011260788740212777,0.00934348888510728,0.00901418519655038,0.0072143799454313555,0.007868837486432963,0.006606351419985293,0.00547996128714624,-0.005039960384781106
2016-04-21,0.013172225100830033,0.01127303020606927,0.009503202326770694,0.010056386660277422,0.0072143799454313555,0.007878674260923571,0.0067192774516955265,0.006138402324713827,-0.005942863817141731
2016-04-22,0.013172225100830033,0.011304097788104903,0.009816329274020144,0.01127066358401834,0.0072143799454313555,0.007904393182783543,0.006940675119957784,0.006905557030775294,-0.0009126405152858786
2016-04-25,0.013172225100830033,0.011309307863267304,0.009531482535811512,0.010557255948644793,0.0072143799454313555,0.007909876890032965,0.00673927308731426,0.006454841041599688,-0.0013120108937390352
2016-04-26,0.013172225100830033,0.011315824941072236,0.009271308590114831,0.010011517096458781,0.0072143799454313555,0.007916825119532544,0.006555316051914339,0.006110054674874327,0.0003732098684430586
2016-04-27,0.013172225100830033,0.011317112248637413,0.008991382604162925,0.009385395337616486,0.0072143799454313555,0.00791964113471698,0.006357393256957975,0.00571448407275537,0.004110596817140467
2016-04-28,0.013172225100830033,0.011318398552299951,0.00902668002587042,0.009457370586564616,0.0072143799454313555,0.007919375100114633,0.0063823504410341295,0.005759956526255018,-0.0020697915610362605
2016-04-29,0.013172225100830033,0.01132512042959167,0.008830808600887525,0.009257941587092889,0.0072143799454313555,0.007925349329740667,0.006243858761696574,0.005633961464931997,-0.0007929535547657296
2016-05-02,0.013172225100830033,0.011316228724192686,0.00857370174769565,0.008839497171222259,0.0072143799454313555,0.007917771348383005,0.006062070326395985,0.005369597054652889,0.0023205657763759385
2016-05-03,0.013172225100830033,0.011315500637153503,0.008417033404775528,0.008548594519910762,0.0072143799454313555,0.007916584129407019,0.0059512973440074895,0.005185810857619808,-0.0014178881911481205
2016-05-04,0.013172225100830033,0.011315325248125908,0.008200516499501364,0.0083613159924019,0.0072143799454313555,0.007916431705139334,0.005798208194740271,0.005067492209777877,-0.0009208319831729875
2016-05-05,0.013172225100830033,0.011316541762209706,0.007967992066150276,0.008113778388470397,0.0072143799454313555,0.007917534687248635,0.005633800858322425,0.004911103140636882,0.0018881044656811397
2016-05-06,0.013172225100830033,0.011314979989980458,0.007799817174300311,0.00787865463618684,0.0072143799454313555,0.007917859563418806,0.00551489212420387,0.004762556882740899,0.002468795115031808
2016-05-09,0.013172225100830033,0.011314955537943587,0.007691945944447935,0.007790965426102374,0.0072143799454313555,0.007917676858473058,0.005438621336998603,0.004707156678000234,0.00010847885830864677
2016-05-10,0.013172225100830033,0.011317423108024747,0.007457874468537564,0.007527717068720692,0.0072143799454313555,0.007920632851403247,0.0052731201579129935,0.004540841884167096,0.006690483748094689
2016-05-11,0.013172225100830033,0.011314852030766572,0.008174210493690758,0.009289813712101686,0.0072143799454313555,0.007913465699139794,0.005779608427460829,0.005654097605391085,-0.0041021616493598706
2016-05-12,0.013172225100830033,0.011334352566531227,0.008262738536589157,0.009824868052813854,0.0072143799454313555,0.00793051639356138,0.005842202536481771,0.0059921337217420335,-0.0014936694583963738
2016-05-13,0.013172225100830033,0.011335065063389467,0.008056111292541746,0.009795295553293271,0.0072143799454313555,0.007931137205471629,0.00569610591198682,0.006032144108015801,-0.0020409161514657443
2016-05-16,0.013172225100830033,0.011332080992264772,0.007896797820591895,0.009550611426183131,0.0072143799454313555,0.007928637230733606,0.005583462680472279,0.005876681783526105,0.0035760142375542707
2016-05-17,0.013172225100830033,0.01133221182143409,0.007922767796548455,0.009497873763435458,0.0072143799454313555,0.00792746398339864,0.005601824856491032,0.005843174421460007,-0.005468254858395572
2016-05-18,0.013172225100830033,0.011359936480542293,0.008289364349216838,0.010720036780641422,0.0072143799454313555,0.007950695600010417,0.005861028424458317,0.006619687004455033,-0.007420101767248277
2016-05-19,0.013172225100830033,0.011403430139169116,0.00908123358926689,0.012653642492525562,0.0074386816606896175,0.007988272456951315,0.00642092275758967,0.007848221287272443,-0.002113740281969645
2016-05-20,0.013172225100830033,0.011412330449948849,0.008886588930761075,0.011849369988408213,0.0074386816606896175,0.00799785854399433,0.006283298468426973,0.007337219308966966,0.004249530828843939
2016-05-23,0.013172225100830033,0.011413822894047434,0.008949693892674002,0.011492177587432888,0.0074386816606896175,0.007997547619651038,0.006327917085719501,0.007110273811514719,-0.0004797868040237076
2016-05-24,0.013172225100830033,0.011416853508262775,0.008681356294441854,0.010646877369828129,0.0074386816606896175,0.008000599011911374,0.006138187906938972,0.006573204495770637,0.004812882819679355
2016-05-25,0.013172225100830033,0.011417989210096863,0.008852435033517299,0.010760639892103532,0.0074386816606896175,0.007998912109241356,0.006259149817925114,0.0066454845670675545,0.0023612027927063296
2016-05-26,0.013172225100830033,0.011409479954144146,0.008687579572175728,0.01016097695370209,0.0074386816606896175,0.007990416625363901,0.006142588100506888,0.006264483169816128,0.0017923191104086689
2016-05-27,0.013172225100830033,0.011390880328233372,0.008484616031642134,0.009592476230911019,0.0074386816606896175,0.007973908400520023,0.005999081912326309,0.005903280974630868,0.0008962988285311057
2016-05-31,0.013172225100830033,0.011390570263899594,0.008241980701985977,0.009059600554404737,0.0074386816606896175,0.007973569336888666,0.005827525625983689,0.005564713482280227,-0.000153564968607789
2016-06-01,0.013172225100830033,0.011387585028115672,0.00799137588909886,0.008650096984793828,0.0074386816606896175,0.007975079261961034,0.005650334484448667,0.0053045315997428165,0.001931448698790017
2016-06-02,0.013172225100830033,0.01138761216869209,0.007825707999391252,0.008411044254213415,0.0074386816606896175,0.007975136811501804,0.005533198336284536,0.005152647235151765,0.0036603201659749732
2016-06-03,0.013172225100830033,0.011381924609278686,0.007868780005169327,0.008665247463589373,0.0074386816606896175,0.007968211358249724,0.0055636525713173585,0.005314157596649542,0.006906650235790757
2016-06-06,0.013172225100830033,0.011384391112089729,0.008584408475002329,0.010388074719558306,0.0074386816606896175,0.007965083556827875,0.006069640561028427,0.006408771836937277,-0.00036736681516784647
2016-06-07,0.013172225100830033,0.011380461683205556,0.008325525062303763,0.00973599037441589,0.0074386816606896175,0.007961582044067859,0.005886596002178698,0.0059944640138002705,0.002602694311205733
2016-06-08,0.013172225100830033,0.011378935019056475,0.008207016609095879,0.009389875499963935,0.0074386816606896175,0.00795934388702669,0.005802804123389388,0.005774556725337135,0.0052339546970419535
2016-06-09,0.013172225100830033,0.01138223034993795,0.008497594482093631,0.010009084126326001,0.0074386816606896175,0.007959572616914065,0.006008258377951063,0.006167976656312008,0.0009440723260839888
2016-06-10,0.013172225100830033,0.011380838501318578,0.008256268748194228,0.009397907708293948,0.0074386816606896175,0.007958127588628003,0.00583762804655885,0.005779660063230432,-0.00530845142563633
2016-06-13,0.013172225100830033,0.011402624199541952,0.008557238736952258,0.010735739212489808,0.0074386816606896175,0.007975942950803162,0.006050430088392899,0.006685454636522613,-0.0024386141518958574
2016-06-14,0.013172225100830033,0.011403469743305033,0.00841212069571116,0.010392613251748008,0.0074386816606896175,0.00798214648762147,0.005947823793291857,0.00646544293556982,-0.0027599180026753323
2016-06-15,0.013172225100830033,0.011415516067868272,0.008306102574187492,0.010236028375156392,0.0074386816606896175,0.0079931341681087,0.005872863253788416,0.006365041016204912,0.002950898496459753
2016-06-16,0.013172225100830033,0.011415534693502783,0.008226749167376566,0.009861549625931828,0.0074386816606896175,0.007993124273300652,0.005816756108137328,0.0061249259680475135,0.002378740157641635
2016-06-17,0.013172225100830033,0.011408513004363874,0.00809048818653311,0.009455793754678416,0.0074386816606896175,0.007985907986519042,0.005720412233236532,0.005864756089869098,-0.0012550011515291555
2016-06-20,0.013172225100830033,0.01141246911234199,0.007876552052183424,0.00914761162923054,0.0074386816606896175,0.007989547582352673,0.0055691478284380265,0.005667150308375764,0.001391239522869792
2016-06-21,0.013172225100830033,0.011412963237274332,0.007677640691766008,0.008775057049872206,0.0074386816606896175,0.007990460172438195,0.00542850675051698,0.005428269034207008,-0.0009811354983966015
2016-06-22,0.013172225100830033,0.011417297888898099,0.007464715312383743,0.00859062865455988,0.0074386816606896175,0.007994641028229811,0.005277957004086069,0.005310013904606971,-0.0003222724616379403
2016-06-23,0.013172225100830033,0.011419975096726907,0.0072396395507687995,0.008361810994809215,0.0074386816606896175,0.007997365527074838,0.00511881628099716,0.005163296464687979,0.004395048130277846
2016-06-24,0.013172225100830033,0.011421366585444211,0.007452513176036279,0.008994722765437389,0.0074386816606896175,0.00799663860850567,0.005269329434472923,0.005569118265253316,-0.01087945178752563
2016-06-27,0.013172225100830033,0.011502623068706261,0.009520581253458105,0.014319170573666752,0.007796141872341261,0.008061234151391037,0.006731565291753024,0.008983143879609025,-0.0009829288192649062
2016-06-28,0.013172225100830033,0.011495014173650531,0.009247524055861324,0.012893666128106177,0.007796141872341261,0.00805474287791585,0.006538499101247251,0.008069113192145087,0.01149589485327036
2016-06-29,0.013172225100830033,0.011530346850339018,0.011103982526097343,0.01601999668284527,0.007796141872341261,0.0080730445463232,0.007851115534123397,0.01007371028413378,0.00796797135890859
2016-06-30,0.013172225100830033,0.011541955909020176,0.011684011630498268,0.016022407103871084,0.007796141872341261,0.008076706157394014,0.00826122744677302,0.010075255841423457,0.009592431146952763
2016-07-01,0.013172225100830033,0.011562450004528109,0.012577901340460348,0.01684902483688736,0.007796141872341261,0.008085621191084394,0.008893255763746872,0.01060528152961528,0.0065733616620296635
2016-07-05,0.013172225100830033,0.01156985112887803,0.012757035937761825,0.016045248347657817,0.007796141872341261,0.008088832429900477,0.009019913601713307,0.010089901602666741,0.0008743167343743252
2016-07-06,0.013172225100830033,0.011563357479692537,0.01237843563417345,0.014205130204679142,0.007796141872341261,0.008082789329403277,0.00875222273334779,0.008910021416056554,0.00285346955215311
2016-07-07,0.013172225100830033,0.011563390646123587,0.012110988438889459,0.012917091954807319,0.007796141872341261,0.008082736579923257,0.008563123117555268,0.008084133786820002,-0.0020785821795842986
2016-07-08,0.013172225100830033,0.011569063392192339,0.01180162722514438,0.011969412036595928,0.007796141872341261,0.008087716040053762,0.008344388026322836,0.007476483260133717,0.011910687208388837
2016-07-11,0.013172225100830033,0.011597701677137548,0.013303647352825118,0.015786374683099177,0.007796141872341261,0.008099527716942344,0.00940639740262405,0.009923912310721884,-2.970297180340212e-05
2016-07-12,0.013172225100830033,0.011599192338644586,0.012898375765926168,0.013883974025615264,0.007796141872341261,0.00810315606497388,0.009119848496052645,0.008734168159713942,-0.0023371062682832947
2016-07-13,0.013172225100830033,0.011604751849660033,0.012576152787507228,0.012761357305938765,0.007796141872341261,0.008107954682467016,0.008892019442344148,0.008012777660851834,0.004847711773305985
2016-07-14,0.013172225100830033,0.011606008177338067,0.012502036371122408,0.012354413624994412,0.007796141872341261,0.008108429814921152,0.00883961513185061,0.007751276740849656,-0.002929033012422577
2016-07-15,0.013172225100830033,0.011617033252644906,0.012235548752212059,0.011784632611939265,0.007796141872341261,0.008118044912451286,0.00865119398839498,0.007385136987142391,-0.003973677611939908
2016-07-18,0.013172225100830033,0.011636186975262362,0.012076978090411509,0.011730381731869285,0.007796141872341261,0.008135469695729073,0.008539075963786013,0.0073502755168369524,0.001462793790435879
2016-07-19,0.013172225100830033,0.011635339110829002,0.011738696987501667,0.010843730240476518,0.007796141872341261,0.008134476773217566,0.008299892948528755,0.00678051564200008,0.001118759490010246
2016-07-20,0.013172225100830033,0.011621749973267311,0.011398930018779986,0.010162195368698777,0.007796141872341261,0.008122381348016003,0.008059659345869228,0.006342563157838479,-0.0004941034868776948
2016-07-21,0.013172225100830033,0.011625596263687265,0.011055258670273672,0.009698965346530046,0.007796141872341261,0.008126401356065358,0.007816665135769424,0.006044892785641902,0.00041557501722697674
2016-07-22,0.013172225100830033,0.011625352430633732,0.010721086628852954,0.009312076943401781,0.007796141872341261,0.00812615639386591,0.007580387448975366,0.005796279333477133,0.0026399333162471007
2016-07-25,0.013172225100830033,0.011617552842309128,0.010502771378627042,0.009273705210004295,0.007796141872341261,0.008118145814247132,0.0074260267726724005,0.00577162176031557,-0.00230667570096339
2016-07-26,0.013172225100830033,0.01160404685363732,0.010267299322470736,0.009432958611747831,0.007796141872341261,0.008107159850380482,0.007259535307687134,0.005873957569960702,0.0010127188108977503
2016-07-27,0.013172225100830033,0.011493598592451231,0.00997122938218714,0.009133612067846669,0.0074386816606896175,0.008020798575006472,0.007050197864847649,0.00568159828218906,0.004510914194497062
2016-07-28,0.013172225100830033,0.011494212504736775,0.01000336327317532,0.009742207975747796,0.0074386816606896175,0.008019158875909874,0.007072918261796779,0.006072680383418363,0.0004423416987690221
2016-07-29,0.013172225100830033,0.01149617580639815,0.00970189546690246,0.009342907611490538,0.0074386816606896175,0.008022018363380493,0.006859764236085355,0.005816091038258448,0.006636391767143212
2016-08-01,0.013172225100830033,0.011475455240149958,0.010138052553080512,0.010896122008790969,0.0074386816606896175,0.008000370599506104,0.007168150859223714,0.006814182452068187,-0.0038364559564715737
2016-08-02,0.013172225100830033,0.011493665286737634,0.010069387606283993,0.011066117050278665,0.0074386816606896175,0.00801635916173221,0.007119601032242549,0.006923420810657959,-0.006941683338660943
2016-08-03,0.013172225100830033,0.011532502897460339,0.01053356443220988,0.012705731637168155,0.0074386816606896175,0.00804805200639745,0.007447799125137753,0.007977032755007624,-6.32540331474197e-05
2016-08-04,0.013172225100830033,0.011532497625832819,0.010212733232178977,0.011553426403850108,0.0074386816606896175,0.008051110892736883,0.0072209541339398635,0.007236564496754472,0.0030182994013988056
2016-08-05,0.013172225100830033,0.01153244489941136,0.010049881043606261,0.010955009986127338,0.0074386816606896175,0.008050454181646927,0.007105808838595219,0.006852023708663675,-0.0011155123975012946
2016-08-08,0.013172225100830033,0.01152592305017958,0.009764433712028849,0.010355893460935638,0.0074386816606896175,0.008044904695938673,0.006903982153993154,0.006467033033387506,0.00062558704961867
2016-08-09,0.013172225100830033,0.011519121271685785,0.009473679086819137,0.009564519698340957,0.0074386816606896175,0.00804374118954041,0.0066984029260686575,0.00599630032793334,0.0049336951012399766
2016-08-10,0.013172225100830033,0.011519286171022224,0.00960570288132789,0.010137856645977132,0.0074386816606896175,0.008043813062660929,0.006791750881318537,0.0063670370300854704,0.0008722036871111171
2016-08-11,0.013172225100830033,0.011520523818937187,0.009326327176944068,0.009557502512033736,0.0074386816606896175,0.00804553791956239,0.006594217165159548,0.005991762806811332,-0.0019276974382223865
2016-08-12,0.013172225100830033,0.011529189418816584,0.009108688024705588,0.009454316125217655,0.0074386816606896175,0.008053725725037462,0.0064403345266596185,0.005925039423793875,0.002136479520076606
2016-08-15,0.013172225100830033,0.011528665618844377,0.008914722414913272,0.009195405197198761,0.0074386816606896175,0.008052915099824623,0.006303190361622698,0.0057576199264099655,-0.0010368469237248877
2016-08-16,0.013172225100830033,0.011532295038660505,0.008663314788142954,0.009006438182933455,0.0074386816606896175,0.00805629266330418,0.006125431587300556,0.005635428241445142,-0.0037205270517575834
2016-08-17,0.013172225100830033,0.011549961445359533,0.008662830524925964,0.009711534553888575,0.0074386816606896175,0.008072155761550813,0.00612508918704402,0.0060913645008212215,0.002945241541702248
2016-08-18,0.013172225100830033,0.011547209189695401,0.008564967394335689,0.009549751078131708,0.0074386816606896175,0.008068497055056344,0.006055894666700579,0.005986750499382626,0.001986487726892128
2016-08-19,0.013172225100830033,0.011547114819548714,0.008380841840131614,0.009238550591757122,0.0074386816606896175,0.008069149538376556,0.005925707952569576,0.005785519020228303,-0.004421302603965016
2016-08-22,0.013172225100830033,0.011566175470659417,0.008507154344969226,0.010183750670667423,0.0074386816606896175,0.008085216352473456,0.006015017717471841,0.006396713469799179,0.003008095501530461
2016-08-23,0.013172225100830033,0.011566282565812961,0.008424226441616509,0.009899146222517521,0.0074386816606896175,0.00808507158065959,0.005956383209654975,0.0062126797790350565,0.0015922148770728508
2016-08-24,0.013172225100830033,0.01156614723316949,0.00821783018451819,0.009436738871188928,0.0074386816606896175,0.008084888253698434,0.005810449905412008,0.005913673449180923,-0.004539090220084563
2016-08-25,0.013172225100830033,0.01158848889630982,0.00837681055258952,0.010366468553284712,0.0074386816606896175,0.008104350554849482,0.005922857614488633,0.0065148642806008225,-0.0014564710864264252
2016-08-26,0.013172225100830033,0.0115548619215578,0.008163915447709702,0.009920601095563244,0.0074386816606896175,0.008077355367203989,0.00577232927376652,0.0062265531372947295,-0.004226233945544733
2016-08-29,0.013172225100830033,0.01157546629420153,0.00827346799260264,0.010530025477133635,0.0074386816606896175,0.008096054657921613,0.005849788841537832,0.006620625046258604,0.007474588696136108
2016-08-30,0.013172225100830033,0.011556507094823696,0.009082116421090622,0.012051056493369738,0.0074386816606896175,0.008074970399565532,0.00642154696738368,0.007604168885802529,-0.003148226196543502
2016-08-31,0.013172225100830033,0.011571100782404855,0.008986328063979499,0.011580636108572774,0.0074386816606896175,0.008088765036428401,0.006353819423978799,0.007299981090468897,-0.0010119242980812903
2016-09-01,0.013172225100830033,0.011562108988116016,0.008731629306760594,0.01073387661509109,0.0074386816606896175,0.008081150769097274,0.0061737336426275135,0.0067524412477573854,0.001196446868161738
2016-09-02,0.013172225100830033,0.011546091996360038,0.008493037860906747,0.010012217794142002,0.0074386816606896175,0.008067043363566711,0.006005036600602317,0.006285795216203463,0.0024029906195595866
2016-09-06,0.013172225100830033,0.011537181902903905,0.008347383150193228,0.009642353255868773,0.0074386816606896175,0.008058225435650244,0.005902050851190922,0.006046629818390218,0.006529208938366038
2016-09-07,0.013172225100830033,0.01153638247421759,0.00890734559696423,0.010964155160366348,0.0074386816606896175,0.008052858365032781,0.0062979745528031145,0.006972818891600621,5.535579285690371e-05
2016-09-08,0.013172225100830033,0.01147177504050602,0.008636049574722528,0.010158770961992178,0.007195800051990015,0.008001521811079985,0.006106153608420169,0.006447448373791111,-0.006712782694616359
2016-09-09,0.013172225100830033,0.01150724255686913,0.00920535388939475,0.011985068749019565,0.007195800051990015,0.008030338000183422,0.006508682515329166,0.007638784156119409,-0.02107840319322909
2016-09-12,0.014653071442048344,0.01175973497264349,0.014964097406916997,0.024330213777974067,0.0074386816606896175,0.008223184972338784,0.01058042529601075,0.015691804378502944,0.007772855672708755
2016-09-13,0.014653071442048344,0.01176245842096371,0.015169280692425471,0.021759943639271515,0.0074386816606896175,0.008219353269444504,0.010725500963809396,0.014015158429393902,-0.014348519050466912
2016-09-14,0.014653071442048344,0.011889875366267759,0.0168271418044275,0.02378037776174158,0.007796141872341261,0.008319722045799734,0.011897698335272022,0.015333133779872481,0.0008212573156536007
2016-09-15,0.014653071442048344,0.01189118906160832,0.01632122994044884,0.020052908781681866,0.007796141872341261,0.00832172014550607,0.011539991315754925,0.01290162058141876,0.003303398964564908
2016-09-16,0.014653071442048344,0.011871447030057776,0.0159355895369807,0.017325151353387247,0.007796141872341261,0.008303391715882397,0.011267322716435862,0.011122242074297746,-0.0006103046033985041
2016-09-19,0.014653071442048344,0.011869102806358051,0.015454040886179184,0.015003321028919391,0.007796141872341261,0.008301298221189636,0.010926841804847761,0.009607659093536565,0.0007314612615709205
2016-09-20,0.014653071442048344,0.011869813679592575,0.014989045009360305,0.013170900752884199,0.007796141872341261,0.008302098825999147,0.010598064598722319,0.008412329471713019,0.0016181805723670117
2016-09-21,0.014653071442048344,0.011847859597439581,0.014561643022862997,0.01183131472544018,0.007796141872341261,0.008282977874953901,0.010295868304048971,0.007538486892842747,0.011422518430346518
2016-09-22,0.014653071442048344,0.011881454075555064,0.015546241600599508,0.015356046549261669,0.007796141872341261,0.008302512405682748,0.0109920326910493,0.00983775001118921,0.007942685325826959
2016-09-23,0.014653071442048344,0.011892325498211622,0.0157375175232033,0.015370052512950512,0.007796141872341261,0.008305889536060514,0.01112727510193467,0.009846886421377644,-0.0029444805104178796
2016-09-26,0.014653071442048344,0.011886503161041827,0.015350066664292955,0.013890880685393528,0.007796141872341261,0.008301140881814098,0.010853326412808843,0.008881988835180132,-0.0021025407681315444
2016-09-27,0.014653071442048344,0.011892781447417592,0.014930590351957077,0.012598522669490353,0.007796141872341261,0.00830668091477551,0.010556733997948972,0.008038954167525918,0.0033721292177666625
2016-09-28,0.014653071442048344,0.011874715726706331,0.014602725040511716,0.011705384201584283,0.007796141872341261,0.008289695089671098,0.010324915509966032,0.007456339534278038,0.002552770495565471
2016-09-29,0.014653071442048344,0.01187317047650212,0.014232401239690978,0.01088190643161278,0.007796141872341261,0.008289735041501933,0.010063076576191954,0.006919166166228475,-0.005557805660099502
2016-09-30,0.014653071442048344,0.0119024648253174,0.014157602796085501,0.011771942584412325,0.007796141872341261,0.008314788136402471,0.010010190035607167,0.007499757088436067,9.352067836758719e-05
2016-10-03,0.014653071442048344,0.011883993382537514,0.013726408630797392,0.01074743101901838,0.007796141872341261,0.00829914030039798,0.009705312465657794,0.006831444781465789,-0.004344669779503363
2016-10-04,0.014653071442048344,0.011867868008955115,0.013536572014847982,0.011106493957854102,0.007796141872341261,0.008297183854513168,0.009571087722335034,0.007065669742028882,-0.010398483888222721
2016-10-05,0.014653071442048344,0.011851094411615071,0.014399834928168428,0.015396939548908422,0.007796141872341261,0.00828451575522568,0.010181461239482926,0.00971007872735018,-0.0014025060656264188
2016-10-06,0.014653071442048344,0.011844125007668866,0.01398401410668338,0.013683919751898246,0.007796141872341261,0.008278631071828454,0.009887453454141012,0.008609073296943513,-0.0028248791951843376
2016-10-07,0.014653071442048344,0.01183789813461892,0.013653229942974198,0.012709481255183487,0.007796141872341261,0.008273543938225176,0.009653571179917733,0.007982774594294086,-0.0017828400023796268
2016-10-10,0.014653071442048344,0.011844651656641319,0.013276225178450304,0.01174838714361236,0.007796141872341261,0.008282004076407432,0.009387008443869159,0.007365052698832888,0.0015753204862879902
2016-10-11,0.014653071442048344,0.011839480496529959,0.012903041748715321,0.010853695006328096,0.007796141872341261,0.008276848591431489,0.009123147597962412,0.006790009197636113,-0.008616042353881593
2016-10-12,0.014653071442048344,0.011882171856908383,0.013438924109913639,0.013794287862671943,0.00788297029983453,0.008310423352642746,0.009502045378157816,0.00868000994899952,0.001901135379284147
2016-10-13,0.014653071442048344,0.011880036965482168,0.013074479648096568,0.012403595180283078,0.00788297029983453,0.008310636399107648,0.009244363454688247,0.0077861731130158575,0.0004644569289736887
2016-10-14,0.014653071442048344,0.011869603127464986,0.01267894097683031,0.011283272091812456,0.00788297029983453,0.008307561711922389,0.008964696245285994,0.0070661103289377135,-0.0048248408034588745
2016-10-17,0.014653071442048344,0.011881121701554578,0.012596398290448146,0.011798350119818814,0.00788297029983453,0.008323114292513457,0.0089063341066785,0.00739716529217162,0.0007161584584091217
2016-10-18,0.014653071442048344,0.011864841795163564,0.012219477689202578,0.01083869799231691,0.00788297029983453,0.008308963523874351,0.008639830878614587,0.006780370199946173,0.005725310846959908
2016-10-19,0.014653071442048344,0.011869321674436117,0.012288227943577519,0.011444865405747294,0.00788297029983453,0.00831055539287527,0.008688441022662405,0.007169970842675027,0.0023784661662675567
2016-10-20,0.014653071442048344,0.011868698416828617,0.011990723553494499,0.010746626407414195,0.00788297029983453,0.008310893196865147,0.008478089346319157,0.006721193233549774,-0.0008078555022895118
2016-10-21,0.014653071442048344,0.011870653925157532,0.011634548650564057,0.01016279821688798,0.00788297029983453,0.00831271045606144,0.008226254447742014,0.006345950630215143,0.00011922479047543611
2016-10-24,0.014653071442048344,0.011871054805177977,0.011280318019588636,0.009663496094602464,0.00788297029983453,0.008315679551102293,0.007975794254475579,0.006025035280019303,0.0003827568788583593
2016-10-25,0.014653071442048344,0.01186102813576757,0.010938848733578577,0.009303454896693023,0.00788297029983453,0.008306792980736402,0.007734357021526164,0.005793626796147554,-4.222890828023965e-05
2016-10-26,0.014653071442048344,0.011863760405233787,0.01060563463328614,0.00906915111918021,0.00788297029983453,0.008310578357731632,0.007498756650862182,0.005643033246757962,-0.0051440900280737
2016-10-27,0.014653071442048344,0.011887644343138755,0.010692201838703135,0.010594506057054243,0.00788297029983453,0.00833323531689916,0.007559964341850318,0.006623421256767023,-0.006894547006678397
2016-10-28,0.014653071442048344,0.011923618643224087,0.011085981305645365,0.012513529975238153,0.00788297029983453,0.008362580997633876,0.007838387698755183,0.007856831260952874,-0.0011744422929373056
2016-10-31,0.014653071442048344,0.011924784004490452,0.010769072613322168,0.011495747765296827,0.00788297029983453,0.008363626197317241,0.007614316132418536,0.007202674349239118,0.0038349975451857036
2016-11-01,0.014653071442048344,0.011922667435513897,0.010667248018328149,0.011141077286012708,0.00788297029983453,0.008359830668003998,0.007542320642725133,0.006974717775486556,-0.004837114342783744
2016-11-02,0.014653071442048344,0.011939255868929554,0.01070328521263507,0.011767661589305875,0.00788297029983453,0.00837347977322991,0.0075678008859949965,0.0073705393505795955,-0.002501041925222547
2016-11-03,0.014653071442048344,0.011942814377397809,0.010474628770671629,0.011303915207064237,0.00788297029983453,0.008381300910963795,0.00740612842845489,0.007074192657413116,-0.004478667484299348
2016-11-04,0.014653071442048344,0.011953526424280015,0.010471295711572773,0.011633225824624574,0.00788297029983453,0.008390063761419072,0.007403771775604828,0.0072846311994172385,0.002150009008087472
2016-11-07,0.014653071442048344,0.011953546669892932,0.010225954886691055,0.010968333342303507,0.00788297029983453,0.008390129217900366,0.007230302557974449,0.006859746615963105,0.007601167030105938
2016-11-08,0.014653071442048344,0.011953068140396685,0.010819296001864157,0.012531791150007987,0.00788297029983453,0.008383712814728737,0.00764982678141601,0.007858839156543007,0.0009693330785779499
2016-11-09,0.014653071442048344,0.011954070423865404,0.010504229582722627,0.011518098102539072,0.00788297029983453,0.008385221458534589,0.007427057801746866,0.0072110614185234,-0.009980948624365073
2016-11-10,0.014653071442048344,0.012022530282075122,0.011664744677070989,0.014851560169968168,0.007951484939796092,0.008441459665050407,0.008247604669810555,0.009341235363392644,-0.006874821357977657
2016-11-11,0.014653071442048344,0.012056357850568062,0.011968679503128342,0.01509827910363644,0.007951484939796092,0.008468928676365747,0.008462503011789364,0.009498895547782084,-0.004829243331164457
2016-11-14,0.014653071442048344,0.012075474574927386,0.01192590336462137,0.014423855951356805,0.007951484939796092,0.008488521513721472,0.008432257970901321,0.009067920604092188,-0.000501072923977941
2016-11-15,0.014653071442048344,0.012055241220544776,0.011566117238809797,0.012974922181613256,0.007951484939796092,0.00847161722022165,0.008177869742652364,0.008142012073646752,0.0050821189539424156
2016-11-16,0.014653071442048344,0.012058181759730287,0.011581677198455294,0.012701062251397192,0.007951484939796092,0.008472499953792284,0.008188871474742267,0.007967008045975338,0.0003155554122417744
2016-11-17,0.014653071442048344,0.012054825446709189,0.011230292309623795,0.011632820042224936,0.007951484939796092,0.008473400870090169,0.007940423374911654,0.007284371893303202,-0.003128202900337806
2016-11-18,0.014653071442048344,0.012068422543302978,0.011033124345431427,0.011380617297694306,0.007951484939796092,0.008486056386312134,0.007801014972307993,0.0071232074029455835,-0.0034383743926957424
2016-11-21,0.014653071442048344,0.012083521524089771,0.010874968675420347,0.01130160560250175,0.007951484939796092,0.008500380508620745,0.007689190369313945,0.0070727167565741555,0.004688785841354526
2016-11-22,0.014653071442048344,0.012085672261278121,0.010876938158905142,0.011393659978057202,0.007951484939796092,0.0085009152828538,0.007690582900538246,0.0071315420344243005,0.0026486837700469227
2016-11-23,0.014653071442048344,0.012078263585782453,0.010653044342456511,0.01088166561847202,0.007951484939796092,0.008493138785700308,0.007532277876536031,0.0068043635567194335,-0.0037053566224509067
2016-11-25,0.014653071442048344,0.012090032351292032,0.010542121383592883,0.011049962457526328,0.007951484939796092,0.008503112438056844,0.00745384935205138,0.006911909865723581,0.002245984402290135
2016-11-28,0.014653071442048344,0.012085857608551537,0.01030078367903783,0.01055944812504868,0.007951484939796092,0.008498458238589334,0.007283210556758913,0.006598457716128651,0.0013218502625154782
2016-11-29,0.014653071442048344,0.012085840677160252,0.01001534542928122,0.010086630924295275,0.007951484939796092,0.00849973821301999,0.007081390293494795,0.006296314520448702,0.0031646370857489337
2016-11-30,0.014653071442048344,0.012085803394601385,0.009876269506776642,0.010074412156639784,0.007951484939796092,0.008498801638258866,0.0069830561027635005,0.006288506391850973,-0.008410936564630853
2016-12-01,0.014653071442048344,0.012126372765215958,0.010707929470422931,0.013117507691269199,0.008379171184785943,0.008530872263162783,0.007571084627155168,0.008281278733928872,-0.006680737810985372
2016-12-02,0.014653071442048344,0.012162708063145275,0.011057706468530305,0.013799820557748765,0.008379171184785943,0.008561608633687072,0.007818395861378176,0.008717789954554293,0.004181343412910099
2016-12-05,0.014653071442048344,0.012163773505258454,0.01098242571029109,0.013099890835018748,0.008379171184785943,0.008561829456963653,0.007765168298290484,0.008270008309753605,0.0032670867845553293
2016-12-06,0.014653071442048344,0.0121345053556754,0.01080938485495679,0.012362931433025028,0.008379171184785943,0.00853583320883574,0.00764281906510679,0.007798536842748382,0.0022687199406967954
2016-12-07,0.014653071442048344,0.01213431450938438,0.010559524771665729,0.011634856620642078,0.008379171184785943,0.008536178104168296,0.007466154487629896,0.00733274931231578,0.011643191276514097
2016-12-08,0.014653071442048344,0.012144399674013795,0.012199704977335918,0.015470856603991405,0.008379171184785943,0.008533303317300896,0.008625850503112084,0.009786839096215612,-0.0021874403001171487
2016-12-09,0.014653071442048344,0.012097142010188081,0.011893550952504967,0.014038368153605825,0.007951484939796092,0.00849596095679346,0.008409383067709024,0.00887040132590668,-0.0020445398640405285
2016-12-12,0.014653071442048344,0.0121057436416936,0.011589931433991223,0.012936781872718784,0.007951484939796092,0.008504162746635052,0.00819470766519791,0.008165658977172703,0.0007010078934837072
2016-12-13,0.014653071442048344,0.01209327530961709,0.011243953407035132,0.011913429018855923,0.007951484939796092,0.00849964620378086,0.007950082508816741,0.007510966642738231,0.004435936334719526
2016-12-14,0.014653071442048344,0.012082268032358873,0.011190641724510283,0.011836508181535234,0.007951484939796092,0.008493838625244353,0.00791238826912955,0.007461756360710829,-0.011778470000264806
2016-12-15,0.014653071442048344,0.012167031488336144,0.01275793581334872,0.0160943796903387,0.008379171184785943,0.008563896044891895,0.009020549862368657,0.010185739420217839,0.0009834540538593336
2016-12-16,0.014653071442048344,0.012167912965450422,0.012381966233882394,0.014326011805744292,0.008379171184785943,0.008565389823832046,0.008754719058081235,0.00905442201182449,0.0007566232260836637
2016-12-19,0.014653071442048344,0.012139100393199,0.01201250157990909,0.012962054457982722,0.008379171184785943,0.008541150457833416,0.008493487587543355,0.00818182717153615,0.005520074669161534
2016-12-20,0.014653071442048344,0.012143160369233453,0.012063855333927141,0.012941539723385066,0.008379171184785943,0.008541804566140997,0.008529797465999946,0.008168702823044478,-0.00011659076910539557
2016-12-21,0.014653071442048344,0.012143373872026833,0.011696530389479123,0.011917938111265975,0.008379171184785943,0.008544860866903628,0.008270078885693383,0.00751385134494527,-0.0012225708451994333
2016-12-22,0.014653071442048344,0.012148888674516209,0.011361586007832694,0.011248946498863648,0.008379171184785943,0.008550411234384213,0.00803325511263438,0.007085862427156548,-0.0018611325482348676
2016-12-23,0.014653071442048344,0.012151855207492086,0.011066401686002723,0.010865565641145738,0.008379171184785943,0.008553023988654184,0.00782454384988679,0.006840593644478715,0.002034114389773123
2016-12-27,0.014653071442048344,0.012111908968819394,0.010791703929229164,0.010518205024449697,0.008379171184785943,0.008519422195165884,0.007630317695412486,0.006618368893575929,0.0006994545326921786
2016-12-28,0.014653071442048344,0.012110996243218567,0.010470534040739924,0.010144190612862227,0.008379171184785943,0.008521085779674023,0.007403233233177045,0.006379092316283899,-0.0018237808323925747
2016-12-29,0.014653071442048344,0.012106843235732878,0.010204617243434853,0.010081515403084914,0.008379171184785943,0.00851756749981679,0.007215215691434753,0.006338995707137411,0.003773718373498514
2016-12-30,0.014653071442048344,0.012107647118654849,0.010124741552132832,0.010487135627242676,0.008379171184785943,0.008517469786997694,0.007158739262432252,0.006499364626172579,-1.3123264356340505e-05
2017-01-03,0.014653071442048344,0.01210297048398373,0.009816303985199596,0.010153591676141176,0.008379171184785943,0.008517948284682348,0.006940657239395437,0.006288999987629214,0.00607961496052154
2017-01-04,0.014653071442048344,0.012107142661477915,0.010128188854113226,0.011350345339818348,0.008379171184785943,0.008519934638954431,0.007161176691171489,0.007043787028597877,0.006483654562644237
2017-01-05,0.014653071442048344,0.012113345281555964,0.010491693733843406,0.012298498454041483,0.008379171184785943,0.00852097954054224,0.007418194279345083,0.007641782844437513,0.007102375591576137
2017-01-06,0.014653071442048344,0.012120896548464178,0.010947642238639798,0.013202870463950515,0.008379171184785943,0.00852228682985202,0.007740574504670007,0.008212166118800528,-0.0023865708207460477
2017-01-09,0.014653071442048344,0.012125603111792076,0.010700901670549864,0.012428161235024162,0.008379171184785943,0.008526362663178876,0.007566115592970858,0.00772356056507634,0.0008564091458949319
2017-01-10,0.014653071442048344,0.012124656920674463,0.0103863802965349,0.011584824055175812,0.008379171184785943,0.008525355820844453,0.007343731989652039,0.0071916716778004505,-0.0006038521905807226
2017-01-11,0.014653071442048344,0.012126896061155584,0.010075846599336519,0.010982856284390535,0.008379171184785943,0.008529895711723249,0.007124167889275177,0.006812013368609691,0.002360024520719561
2017-01-12,0.014653071442048344,0.012124178899000434,0.009861028669818936,0.010689578598535516,0.008379171184785943,0.00852945884915627,0.006972280007654339,0.006627044478680844,-0.0006437031009079442
2017-01-13,0.014653071442048344,0.012123275370151405,0.009567655906461947,0.010335360504594333,0.008379171184785943,0.008532575616672249,0.006764849614615861,0.006403640753170674,-2.0531976840742962e-05
2017-01-17,0.014653071442048344,0.01212160088368901,0.009276193942493597,0.010044933402654761,0.008379171184785943,0.00853098971882885,0.006558770259975316,0.006220469713429277,0.003572903825543994
2017-01-18,0.014653071442048344,0.012109131734273693,0.009221175952331725,0.010317775647751213,0.008379171184785943,0.008524665409189652,0.006519869568606169,0.006392550064697915,-0.0039224696666824484
2017-01-19,0.014653071442048344,0.012124872372023707,0.009215435421590956,0.010818004426319581,0.008379171184785943,0.008538288158810406,0.0065158107032425895,0.006708042058616588,-0.004899425658471457
2017-01-20,0.014653071442048344,0.012147704581613624,0.009360734082715351,0.01152849430378652,0.008379171184785943,0.008558027047401507,0.006618544706359038,0.007156144762228716,0.0024172638709320186
2017-01-23,0.014653071442048344,0.012132539050513796,0.009179504203268785,0.011092048484237753,0.008379171184785943,0.008543847577779042,0.006490405390719252,0.006880880387713943,0.003698512744025861
2017-01-24,0.014653071442048344,0.012119643478446018,0.00914599675690735,0.011074564569215883,0.008379171184785943,0.008530704643115651,0.0064667138159154565,0.00686985336278439,0.0003357051892839084
2017-01-25,0.014653071442048344,0.012120974913857219,0.008869436050224808,0.010574087169391838,0.008379171184785943,0.008532204687267663,0.006271170455210388,0.00655420456458127,-0.0007440028390804039
2017-01-26,0.014653071442048344,0.012119881084973302,0.008609682001886328,0.010261389401279186,0.008379171184785943,0.008531213202434853,0.006087510309927499,0.0063569875179368875,-0.0009254522059484518
2017-01-27,0.014653071442048344,0.012123673073555429,0.008364037994248286,0.010057022498078017,0.008379171184785943,0.00853673884079701,0.005913826725709073,0.0062280942504074795,-0.0004833900614265253
2017-01-30,0.014653071442048344,0.01212617027109482,0.008113912632187357,0.009870600247862717,0.008379171184785943,0.00853924584228616,0.005736974581810304,0.006110518593126116,-0.004357516131833117
2017-01-31,0.014653071442048344,0.012138475357091292,0.008249308415617163,0.010519057137385704,0.008379171184785943,0.00854943764792131,0.005832706715397708,0.006574685090722034,0.004311555029075232
2017-02-01,0.014653071442048344,0.012139582132744934,0.008366856689658461,0.010855757823200722,0.008379171184785943,0.00854974116402301,0.00591581969564295,0.006788183168763281,-0.0027991580234096427
2017-02-02,0.014653071442048344,0.01204435425468612,0.008267300510845229,0.010778254617526047,0.007951484939796092,0.008476341175008822,0.005845428098739632,0.006739039266922019,0.0019351081629426447
2017-02-03,0.014653071442048344,0.012031484381945139,0.008090939328895909,0.010429559336769456,0.007951484939796092,0.008464344829121742,0.005720731215259815,0.006517935552555115,0.003828791384614294
2017-02-06,0.014653071442048344,0.012032395408809694,0.00814221639609428,0.010632290555845305,0.007951484939796092,0.008464224075403582,0.005756986871991915,0.006646485114391861,0.001567831305851142
2017-02-07,0.014653071442048344,0.012026843084696506,0.007944565665285818,0.010274191443412052,0.007951484939796092,0.008458658688908448,0.005617237127309405,0.0064194185372397775,0.0015674228684401158
2017-02-08,0.014653071442048344,0.012021883717264033,0.007754154848812164,0.010017058657658173,0.007951484939796092,0.008457650569709058,0.005482606393195052,0.0062563735602835825,0.0061820866847861035
2017-02-09,0.014653071442048344,0.012023446701373657,0.00830236549593054,0.011330355233062974,0.007951484939796092,0.00845461122932702,0.0058702209375666075,0.007089119992232099,-0.0011896738354253197
2017-02-10,0.014653071442048344,0.012000865941895995,0.008077938564329673,0.010798756894493087,0.007951484939796092,0.008436079445766296,0.005711538972350431,0.00675203952772439,0.002611238252053927
2017-02-13,0.014653071442048344,0.012000221592545279,0.007971950029138303,0.010567289239462369,0.007951484939796092,0.008436220543013103,0.005636599351982312,0.006605268518457952,0.00098767958521947
2017-02-14,0.014653071442048344,0.011978955278997864,0.007749556746805476,0.010172475726729002,0.007951484939796092,0.008417888288351497,0.00547935528666572,0.006354921757359888,-0.0011325250922664897
2017-02-15,0.014653071442048344,0.011982409991356063,0.007541138772243203,0.00995553423392722,0.007951484939796092,0.008423694665389298,0.005331992518953268,0.006217361622463029,0.0011980497014994042
2017-02-16,0.014653071442048344,0.011981973424673258,0.0073432088738275185,0.009750039732783046,0.007951484939796092,0.008425004696515841,0.005192045387690535,0.006087059894873351,0.0026558448268434007
2017-02-17,0.014653071442048344,0.011981385289210805,0.007278579890780303,0.009840951457483952,0.007951484939796092,0.008425126883051791,0.0051463492051214395,0.006144705986232137,0.0020003121307003097
2017-02-21,0.014653071442048344,0.01198104481991469,0.007148309018249511,0.009773301192377517,0.007951484939796092,0.008424556916059579,0.005054240660410879,0.006101809722019775,0.00352569878230089
2017-02-22,0.014653071442048344,0.011952836567296659,0.007215870882191484,0.01009104912981178,0.007951484939796092,0.008399255356246645,0.005102010548220275,0.006303290077723758,-4.989067625488241e-05
2017-02-23,0.014653071442048344,0.011955494375861906,0.006996104149546767,0.009808912909528579,0.007951484939796092,0.008402376210826689,0.0049466235954314635,0.006124390707113692,0.0027765811409739883
2017-02-24,0.014653071442048344,0.011943638039291495,0.00696506233499431,0.009910071669560525,0.007951484939796092,0.008390757127245548,0.004924675355521379,0.006188534327111309,0.0042252575831484345
2017-02-27,0.014653071442048344,0.011928202449247948,0.007169268888685424,0.01041666654742778,0.007951484939796092,0.008375191156690314,0.005069060421157608,0.006509760381368945,-0.0010366289073538981
2017-02-28,0.014653071442048344,0.011919080448404696,0.006975919190659837,0.010117885097827677,0.007951484939796092,0.008367438707134207,0.004932351739014149,0.006320306460033469,-0.0007103751058225139
2017-03-01,0.014653071442048344,0.011921808173151655,0.0067755075680579575,0.008866728532711879,0.007951484939796092,0.008370067300722553,0.004790649894677629,0.005574763839583347,0.001168489866449896
2017-03-02,0.01435156141359217,0.011702343656115399,0.006602757489828814,0.00864644649458638,0.00788297029983453,0.008202688412016337,0.0046685062566163985,0.005432695311597942,-0.0060391205683942625
2017-03-03,0.01435156141359217,0.01173074048796289,0.0072679602914716025,0.010599352254795427,0.00788297029983453,0.008229514556024784,0.005138840574690624,0.006692200848263849,0.0011776764836479493
2017-03-06,0.01435156141359217,0.011704451935959462,0.0070784323465696245,0.00993649373009897,0.00788297029983453,0.008207142546727915,0.005004834078474227,0.006264697381946041,-0.004059191904576998
2017-03-07,0.01435156141359217,0.011722636991497415,0.007242117917126199,0.010398932564062808,0.00788297029983453,0.00822295877729878,0.005120568619904583,0.006562942327306042,-0.0037321939592946276
2017-03-08,0.01435156141359217,0.01172646324667258,0.007336511466815021,0.010585746133955796,0.00788297029983453,0.008232438871028033,0.005187309959107989,0.0066834257271703315,-0.005195252954229101
2017-03-09,0.01435156141359217,0.011734800660378878,0.007704490277502693,0.011356056717911837,0.00788297029983453,0.00823910887600439,0.005447490858170844,0.007180229241816695,-0.0035202735380033376
2017-03-10,0.01435156141359217,0.011721915789208389,0.007734441010398201,0.0111886834957631,0.00788297029983453,0.008238111293907207,0.00546866764440422,0.007072283684851683,0.0032051056752641967
2017-03-13,0.01435156141359217,0.011720593203879623,0.007718028888905674,0.01072440402097909,0.00788297029983453,0.008235572563744319,0.005457063387850767,0.006772851638018964,-0.0009012348906811572
2017-03-14,0.01435156141359217,0.011629758896477417,0.007500508787628383,0.01008569449575904,0.00788297029983453,0.00818171156934231,0.005303264924812078,0.006360922808821496,-0.0014193856064293466
2017-03-15,0.01435156141359217,0.01161389202508053,0.007316854537413254,0.009689157850585167,0.00788297029983453,0.008168605486049113,0.005173411448063266,0.006105180770335239,0.012443169119361476
2017-03-16,0.01435156141359217,0.011626619174110661,0.010029974758067734,0.015134472507953545,0.00788297029983453,0.008176742471870323,0.007091734019290442,0.00961707781093249,-0.0016017898257671972
2017-03-17,0.01435156141359217,0.011630927853698445,0.009767164267702546,0.013600149430683843,0.00788297029983453,0.008180648749744618,0.006905912804371625,0.008627532667367243,0.0021241538195456485
2017-03-20,0.01435156141359217,0.011628098633464586,0.009546662536470293,0.012353608336076285,0.00788297029983453,0.008177306860121749,0.006750006167873424,0.007823589414021656,0.0010014787986951323
2017-03-21,0.01435156141359217,0.011553536736356252,0.009273408995530355,0.011272659109283732,0.007796141872341261,0.008117877355111042,0.0065568011520166685,0.007126442852349262,-0.0026545016652568926
2017-03-22,0.01435156141359217,0.011529995356151707,0.009117258530947392,0.010856133165651012,0.007796141872341261,0.008099056647195204,0.0064463943375907135,0.006857808931112712,0.0023453900437970243
2017-03-23,0.01435156141359217,0.011527464263312744,0.008939974359538947,0.010284675247767544,0.007796141872341261,0.008098632715034217,0.006321044850699163,0.006489253301746985,-2.0598229966884004e-05
2017-03-24,0.01435156141359217,0.011529100474623022,0.008667634673200836,0.009677676591395326,0.007796141872341261,0.008101996305447732,0.006128485979416526,0.0060977760558773575,0.0011050387985567455
2017-03-27,0.01435156141359217,0.011502342171672304,0.008427142381925807,0.00923886079549839,0.007796141872341261,0.008079287824003049,0.005958444936986146,0.0058147665344913954,0.0008719562749815336
2017-03-28,0.01435156141359217,0.01150048921610311,0.008185512037554772,0.008898966193812061,0.007796141872341261,0.008080283386563785,0.005787599229534032,0.0055955551719006295,0.0014125596654340658
2017-03-29,0.01435156141359217,0.011497444475476444,0.007976864052437145,0.008843412274724882,0.007796141872341261,0.008077074452214401,0.005640073831932718,0.005524683451450783,0.002972760461151247
2017-03-30,0.01435156141359217,0.011495849313033846,0.00791720481793736,0.00907863920753173,0.007796141872341261,0.008076719059248982,0.005597891530075315,0.005675229614264175,-0.002038241298269816
2017-03-31,0.01435156141359217,0.011499746649386168,0.007763388668212085,0.009180184582699234,0.007796141872341261,0.008080118743354783,0.005489135202364162,0.005740219054038347,0.0006047449012382299
2017-04-03,0.01435156141359217,0.011500783022915208,0.007534769041475219,0.008912868922492295,0.007796141872341261,0.008081359239646852,0.005327488775178172,0.005569135979392605,0.0030073727462688105
2017-04-04,0.01435156141359217,0.011477681251044184,0.0075035448069587386,0.009134472319579598,0.007796141872341261,0.008060479124405101,0.005305411554498357,0.0057109630257253475,-0.0011782869184481903
2017-04-05,0.01435156141359217,0.011482299099917975,0.007305875243608107,0.00902020679149409,0.007796141872341261,0.00806670836757909,0.005165648494191113,0.005637832638019087,-0.0006579278866377992
2017-04-06,0.01435156141359217,0.011473196548725022,0.007093223724390747,0.008863412260488071,0.007796141872341261,0.008058895212593228,0.005015292381691974,0.005537483521056092,0.0008584989647668519
2017-04-07,0.01435156141359217,0.011473687143944072,0.0068945133298477105,0.008706743321972032,0.007796141872341261,0.00806071929440461,0.004874793397501215,0.005437214783780993,-0.001306624608820495
2017-04-10,0.01435156141359217,0.01147979414254788,0.006725818048406573,0.008757509393458074,0.007796141872341261,0.00806703860704943,0.0047555167198278635,0.005469705269339506,0.0021396124009539275
2017-04-11,0.01435156141359217,0.011473266500287327,0.0066339242377916,0.008808261897988915,0.007796141872341261,0.008060333357282795,0.004690542831197063,0.005502187071993292,0.004977010203816312
2017-04-12,0.01435156141359217,0.011466153909720202,0.007029351037113077,0.009860074778817746,0.007796141872341261,0.008050990524048462,0.004970130941090521,0.006175351455497378,0.0003160987725720375
2017-04-13,0.01435156141359217,0.011466482511970633,0.006817588600361815,0.009382895168757954,0.007796141872341261,0.008051329864713746,0.004820403457927236,0.005869954626953599,-0.002066845187052158
2017-04-17,0.01435156141359217,0.011472524679385953,0.0067140056018747925,0.009390559732730829,0.007796141872341261,0.008056698490588345,0.00474716468196724,0.005874859978062784,0.004154386703717406
2017-04-18,0.01435156141359217,0.011457851006665151,0.006926572674526014,0.009851622023460398,0.007796141872341261,0.008041806286650967,0.004897461086181927,0.006169941658799931,0.003022564777636016
2017-04-19,0.01435156141359217,0.011457252997762724,0.006932915357302294,0.009763021102666507,0.007796141872341261,0.008041762637353789,0.004901945705565633,0.006113236720772253,-0.0038045169005704095
2017-04-20,0.01435156141359217,0.011474833333191756,0.0070626776300090986,0.01025719951713966,0.007796141872341261,0.008057701072258146,0.0049936946427237335,0.00642951285104526,0.0030929655168735804
2017-04-21,0.01435156141359217,0.01147385379796417,0.0070707059611318495,0.010058402951781892,0.007796141872341261,0.008055612352960793,0.0049993711065548655,0.0063022822667836,-0.0012861433453743355
2017-04-24,0.01435156141359217,0.011470903133655966,0.006894368695298505,0.009674023343201112,0.007796141872341261,0.008053064266899354,0.004874691133061104,0.006056277804432913,0.0036680618515802735
2017-04-25,0.01435156141359217,0.011412579590845372,0.007003520418943069,0.009851083293743762,0.0074386816606896175,0.008004455096095578,0.004951867298555609,0.006169596869660929,-0.0011726438281933422
2017-04-26,0.01435156141359217,0.011368927160445456,0.006822965046799696,0.009510177019635196,0.007195800051990015,0.007969631937812601,0.004824204896019166,0.005951415512476812,0.0008672491448909471
2017-04-27,0.01435156141359217,0.011369845913062115,0.006633543917160455,0.008663651264349441,0.007195800051990015,0.0079708413942952,0.004690273923964174,0.005386270705406035,-0.00030336236811835394
2017-04-28,0.01435156141359217,0.011368507194850063,0.006433782215147916,0.008410045141172807,0.007195800051990015,0.007969607639287541,0.004549031608596015,0.005223878004857198,-0.001042036054410811
2017-05-01,0.01435156141359217,0.011319837608021126,0.00626598174141123,0.008324165055674338,0.007175074986795475,0.007930897823160376,0.004430387608311336,0.0051688860400230215,-0.0013974610298633449
2017-05-02,0.01435156141359217,0.011287225094717704,0.006127063571055185,0.008333545837271026,0.007175074986795475,0.007904691386387578,0.00433216495687155,0.005174892876284163,0.002017347377388623
2017-05-03,0.01435156141359217,0.011281112397656634,0.006050614648576675,0.008283436705896872,0.007175074986795475,0.007902707793323197,0.004278111438557074,0.005142806280487192,-0.0032212532702127097
2017-05-04,0.01435156141359217,0.011266294599544983,0.006146765314759583,0.00888874961190546,0.007175074986795475,0.007900137388033695,0.0043460951540493075,0.005530408899274654,-0.0015554071869609333
2017-05-05,0.01435156141359217,0.011176500212282468,0.006025059121868069,0.008774559114926748,0.00695332944814198,0.007830547207602909,0.004260042300547077,0.005457288806789855,0.004088473352942335
2017-05-08,0.01435156141359217,0.011176591857240924,0.006288962203093365,0.00920813050220017,0.00695332944814198,0.007828614582265001,0.0044466360362307705,0.005734919439592038,-0.003372217165931546
2017-05-09,0.01435156141359217,0.011187594271406894,0.006393010050639742,0.009577221374641625,0.00695332944814198,0.007837932176620585,0.004520203485589011,0.005971260986763389,-0.001775192200614506
2017-05-10,0.01435156141359217,0.011176754960387204,0.006280255999457453,0.009327027102627205,0.00695332944814198,0.007836375578482182,0.004440480279911044,0.0058110530115562066,0.0013021166183994626
2017-05-11,0.01435156141359217,0.011162495511655015,0.006133976932662798,0.0089105946131354,0.00695332944814198,0.007830150751894995,0.004337053077019702,0.005544397002948129,-0.0011667233487197449
2017-05-12,0.01435156141359217,0.0111468159909819,0.005984157998867722,0.008710020391113116,0.00695332944814198,0.007817173513978195,0.004231122996919176,0.005415962447951227,0.0020314232729656823
2017-05-15,0.01435156141359217,0.01112192383210965,0.00591620889553588,0.00855797698133122,0.00695332944814198,0.007795508805573319,0.004183079309940692,0.005318603836866198,0.0024601235196685003
2017-05-16,0.01435156141359217,0.011120322394726889,0.0059048006395739545,0.008538330944102075,0.00695332944814198,0.0077932241518352974,0.004175013056649188,0.005306023805277206,0.0011502168745993967
2017-05-17,0.01435156141359217,0.011117356743952991,0.005762314306495212,0.008313751283104447,0.00695332944814198,0.00779343080698305,0.004074267521395904,0.005162217744205305,-0.0016375933049586522
2017-05-18,0.01435156141359217,0.011117208938798763,0.005664167959791735,0.008382467351414003,0.00695332944814198,0.007793303529613601,0.0040048727519597935,0.0052062190000271725,0.0018560652864917817
2017-05-19,0.01435156141359217,0.011102787824150091,0.005592536303345294,0.00828979312826493,0.00695332944814198,0.007780152679743459,0.003954225300980842,0.005146876515784544,0.005504399989248255
2017-05-22,0.01435156141359217,0.011099603981656337,0.006264039060206648,0.00954989220698685,0.00695332944814198,0.007778438384567954,0.0044290140277471295,0.005953761183195478,0.0021356116056116983
2017-05-23,0.01435156141359217,0.01109278866501752,0.006193937383109337,0.009193299792881271,0.00695332944814198,0.007771519951888975,0.00437944835482453,0.005725422827652296,-0.001667141579294773
2017-05-24,0.01435156141359217,0.011082035929401948,0.006079923124624219,0.009021247576535336,0.00695332944814198,0.007762627451096707,0.004298834114501272,0.0056152518913284545,0.0038886464746973547
2017-05-25,0.01435156141359217,0.011075950960380056,0.0062974374291331955,0.009067333269198825,0.00695332944814198,0.00775514351441855,0.004452628478911595,0.005575486925489175,0.001912429447868558
2017-05-26,0.01435156141359217,0.011052644685984362,0.006202085006398299,0.00873182765292791,0.00695332944814198,0.007734827749873727,0.004385209164661885,0.005362854174256808,0.00030818052253231984
2017-05-30,0.01435156141359217,0.011026065508129351,0.006015708327166932,0.008356221536641622,0.00695332944814198,0.007712713144794652,0.004253430783520465,0.0051248070060056295,6.732618821930769e-05
2017-05-31,0.01435156141359217,0.011021642181924253,0.005832571795020575,0.008080171277219928,0.00695332944814198,0.007708701945826556,0.004123943361415786,0.00494985516230282,0.001231831586919774
2017-06-01,0.01435156141359217,0.010978458890958737,0.005698287775940754,0.00789997195666213,0.006896903823277524,0.007673243762313311,0.0040289973052864405,0.004835650584369711,0.0044693233602209
2017-06-02,0.01435156141359217,0.010967495653039101,0.006083449823324508,0.008704820074488334,0.006896903823277524,0.007661223786954604,0.004301327681010849,0.005345737633044889,0.0077476409562144966
2017-06-05,0.01435156141359217,0.010964448909646166,0.0073674353202111,0.011090706535667178,0.006896903823277524,0.007652487651920266,0.0052091747941077115,0.00685783632160712,-0.003040788053068655
2017-06-06,0.01435156141359217,0.010973147736865923,0.007350155565882632,0.010783146408446784,0.006896903823277524,0.007663835513846728,0.005196957074265734,0.006662914529396519,0.0007152879820990555
2017-06-07,0.01435156141359217,0.010959289671359843,0.007137887301200515,0.00994861740860783,0.006896903823277524,0.007658318949762168,0.005046871943428184,0.006134016685028793,-0.0004905843613312142
2017-06-08,0.01435156141359217,0.010943793096642418,0.006926082502708543,0.009341294435132489,0.006896903823277524,0.0076453216187156005,0.004897114508225641,0.005749114768417036,-0.0016691006509704565
2017-06-09,0.01435156141359217,0.010942716396964109,0.006782108855389743,0.009077852549149059,0.006896903823277524,0.0076444042107325335,0.004795317361453084,0.005582153709376916,-0.0016544400464062808
2017-06-12,0.01435156141359217,0.010947395303389207,0.006642738712749101,0.008877474018261534,0.006896903823277524,0.007651585417524635,0.004696775141190467,0.005455160191998329,0.0001911894443165752
2017-06-13,0.01435156141359217,0.010945478419381822,0.0064412955481947,0.00847017662926394,0.006896903823277524,0.007649777419500738,0.004554343940964876,0.005197028106595661,0.0031010555935369723
2017-06-14,0.01435156141359217,0.010938466076174942,0.006490261541465038,0.008572139954584047,0.006896903823277524,0.007646668091472361,0.0045889655435750205,0.005261649207811768,0.003642844981940263
2017-06-15,0.01435156141359217,0.010938186240414885,0.00662609532804367,0.0088268442875848,0.006896903823277524,0.007644859593618894,0.0046850073690515885,0.00542307268464866,-0.0021919339902580883
2017-06-16,0.01435156141359217,0.010925472696675664,0.006544535275751298,0.008838407962437282,0.006896903823277524,0.007634521474314539,0.004627340005831987,0.0054304013726914095,0.0012912001347667014
2017-06-19,0.01435156141359217,0.010913358254110593,0.006387679340925587,0.00847614975522571,0.006896903823277524,0.007623592198843942,0.004516434385831663,0.005200813683185483,0.002558648489294646
2017-06-20,0.01435156141359217,0.01090411505867128,0.006362397163176643,0.008425147327688606,0.006896903823277524,0.007614393929019962,0.004498558520303716,0.005168489972461109,-0.0012621836841983816
2017-06-21,0.01435156141359217,0.010894014750506602,0.006210361956302326,0.008304658498590974,0.006896903823277524,0.007605965235130919,0.004391061415402908,0.005092127998230822,0.00047808887065520217
2017-06-22,0.01435156141359217,0.010883378551635162,0.006027329371966594,0.00803142390442385,0.006896903823277524,0.007596601409168609,0.004261647490016079,0.004918960633298543,0.0008942878542214094
2017-06-23,0.01435156141359217,0.010860581328243234,0.00586589016260561,0.007563725130701436,0.006896903823277524,0.007577250859140974,0.004147501247309762,0.004479033380766021,0.001358817610493035
2017-06-26,0.01435156141359217,0.010850522960788849,0.005739659736837015,0.007433366091962799,0.006896903823277524,0.007568017087736177,0.00405824951674358,0.004398135995951735,0.0013760165395054426
2017-06-27,0.01435156141359217,0.010850209809248631,0.005619776873043529,0.007337626994727742,0.006896903823277524,0.0075676353132307,0.003973485855418273,0.00433872283468775,-0.006958612920186224
2017-06-28,0.01435156141359217,0.010891428277759413,0.006738720879897025,0.010589292361759171,0.006942529817737206,0.007601323953867777,0.004764639718761876,0.006356620688410277,0.0037746356109507498
2017-06-29,0.01435156141359217,0.010891940168995539,0.006878387670606636,0.010296856241010526,0.006942529817737206,0.007601410619826758,0.004863391685235545,0.006175142536816725,-0.008645782963050064
2017-06-30,0.01435156141359217,0.010945290986794209,0.008291301982684775,0.01348077246418159,0.006969882009104677,0.007647580109455892,0.005862398436000014,0.008150997056875992,-0.00014000460431061733
2017-07-03,0.01435156141359217,0.010909947897273932,0.008039111397441203,0.012114809435363973,0.006969882009104677,0.0076188433640962975,0.005684086067738267,0.007303316390820312,-0.0007718235311549692
2017-07-05,0.01435156141359217,0.010896414009796641,0.0078066067546879265,0.011065091451074252,0.006969882009104677,0.007607516180109957,0.005519692724342253,0.006651889067151402,-4.448439526724126e-05
2017-07-06,0.01435156141359217,0.010897146250503767,0.007568828512018586,0.010149732569328664,0.006969882009104677,0.007610697889399297,0.005351570660901476,0.00608384146250303,-0.008505365694768351
2017-07-07,0.01435156141359217,0.010953691613269464,0.008794323521120938,0.013292985734508083,0.007195800051990015,0.007657741875274476,0.006218061839209894,0.008034461560140151,0.00035374418663871617
2017-07-10,0.01435156141359217,0.01095498971227787,0.008528795439609188,0.011940776341272686,0.007195800051990015,0.007660525035162256,0.006030319140533693,0.007195316037953711,0.0003664963175541658
2017-07-11,0.01435156141359217,0.010956910495228674,0.008271610843444443,0.010838819805692011,0.007195800051990015,0.00766302790057623,0.0058484757367512534,0.006511470845705716,0.0004656340425669092
2017-07-12,0.01435156141359217,0.010949971699488106,0.008024012462735213,0.009949057958573322,0.007195800051990015,0.007661708722250345,0.005673410305187282,0.005959308086330471,0.007461789079058433
2017-07-13,0.01435156141359217,0.010960629749433166,0.008865731392825016,0.011671361154325814,0.007195800051990015,0.00766508004196002,0.006268551062286114,0.007028124071334875,-0.0009488048930183734
2017-07-14,0.01435156141359217,0.010949917848792666,0.00861263251049191,0.01073385230018948,0.007195800051990015,0.007656072041325183,0.006089596478911682,0.006446330777415866,0.004709532168136633
2017-07-17,0.01435156141359217,0.010947571706067003,0.0087709088431986,0.01075430681060777,0.007195800051990015,0.007651162313296388,0.006201506396950281,0.006459024307657478,0.0018340010869576152
2017-07-18,0.01435156141359217,0.010945581157540027,0.00856768961349994,0.009967194857550859,0.007195800051990015,0.007648842557222638,0.006057819422716495,0.0059705633679750765,0.003406607236658776
2017-07-19,0.01435156141359217,0.010942145811299809,0.008530491209518319,0.00970639714961644,0.007195800051990015,0.007644142079659729,0.006031518141472733,0.00580871918178286,0.0034519790318241375
2017-07-20,0.01435156141359217,0.010928103741230594,0.0085013212624692,0.009523881099523297,0.007195800051990015,0.007630373331918395,0.006010893413014395,0.00569545452992568,0.0011214151130683248
2017-07-21,0.01435156141359217,0.010920604687906139,0.008267071197385286,0.008921779476183495,0.007195800051990015,0.007623393371487618,0.005845265961734884,0.005321806126317214,0.001316403765385621
2017-07-24,0.01435156141359217,0.010919621603859968,0.008050248483850912,0.00878083466841596,0.007195800051990015,0.007624389942047116,0.005691960589506528,0.0051042889423313035,-0.001686460302253534
2017-07-25,0.01435156141359217,0.010927593690901759,0.007863945857518125,0.008773176084374279,0.007195800051990015,0.007632649188001708,0.005560234567765082,0.005099643018458115,-0.002993020865794116
2017-07-26,0.01435156141359217,0.010940602815271275,0.00781280917919331,0.00926644844683241,0.007195800051990015,0.007644174034010215,0.005524078173551039,0.005398876640790417,0.0026187425929027567
2017-07-27,0.01435156141359217,0.010939886956991836,0.007720389469315728,0.009059901954209663,0.007195800051990015,0.0076442584262990144,0.005458732445730079,0.005273579421908053,-0.002031040816217089
2017-07-28,0.01435156141359217,0.010948783376214686,0.007574142445775359,0.009079024405823604,0.007195800051990015,0.007652544552908139,0.00535532789915064,0.00528517966732987,0.0018926726481918066
2017-07-31,0.01435156141359217,0.010931575555362732,0.0074221808265778075,0.00876217342826912,0.007195800051990015,0.0076371528157377095,0.005247882824712851,0.0050929684814432765,0.0005264528218610787
2017-08-01,0.01435156141359217,0.01092620835071673,0.007202321664384751,0.008411444772374517,0.007195800051990015,0.007632210822555462,0.0050924305192398935,0.004880206092656515,0.003918692920286659
2017-08-02,0.01435156141359217,0.010923434821092015,0.007331260753841152,0.008934398412250188,0.007195800051990015,0.007627693728340015,0.005183597421367816,0.005197445256821407,-0.0007097403671427638
2017-08-03,0.01435156141359217,0.010927388986186903,0.007119417788851478,0.00864853469800539,0.007195800051990015,0.007633014881574941,0.005033813000389468,0.0050240318624837155,0.0023419193488451117
2017-08-04,0.01435156141359217,0.0109270326076267,0.0070303529908303675,0.008549468089356464,0.007195800051990015,0.007633296118209566,0.004970839376498791,0.004963935124019655,-0.002130429808751044
2017-08-07,0.01435156141359217,0.010935657141763557,0.006923445632177685,0.008761271793432555,0.007195800051990015,0.007641110047955062,0.004895250098304459,0.005092421523051322,0.000900076459432464
2017-08-08,0.01435156141359217,0.010933616814388047,0.006732095975030753,0.008418531929797968,0.007195800051990015,0.0076390511510270685,0.00475995555311361,0.004884505372221439,-0.0027809212014781037
2017-08-09,0.01435156141359217,0.010936170663971224,0.006716623389718909,0.00893602055079961,0.007195800051990015,0.007641173743105984,0.004749015599397962,0.005198429294101844,0.0023311553077147384
2017-08-10,0.01435156141359217,0.010936068358376568,0.0066461142481723245,0.008751032060140131,0.007195800051990015,0.007641404805617984,0.004699161827096624,0.0050862097976071075,-0.004480844571129472
2017-08-11,0.01435156141359217,0.01095652476785975,0.00693110201476434,0.010040823678643158,0.007195800051990015,0.007661140085489875,0.0049006635744262015,0.0058686355879660045,0.00040881535457126805
2017-08-14,0.01435156141359217,0.01093870589664614,0.006723989442570294,0.0093562634494977,0.007195800051990015,0.0076459483029490335,0.004754223796711923,0.0054533610810971675,0.004110889846284028
2017-08-15,0.01435156141359217,0.010936603979625368,0.006927249315894507,0.009652407568784794,0.007195800051990015,0.007641858496894838,0.004897939508184728,0.005633010873566958,-0.002458391909196134
2017-08-16,0.01435156141359217,0.010907774749759262,0.006860761261532542,0.009645447098195384,0.007195800051990015,0.007618968795445417,0.004850928861760528,0.005628788445987136,0.0035041267873308747
2017-08-17,0.012584107699251357,0.010767290108065099,0.006944996075520705,0.009609222954854965,0.006969882009104677,0.007509000593037967,0.004910487426001974,0.005606813807931963,-0.005230173764939395
2017-08-18,0.01178634815388586,0.010407970182780764,0.007363521093466746,0.011028465089521726,0.006942529817737206,0.0072429994121725625,0.005206407224334933,0.006467768114811483,-0.001590448994647842
2017-08-21,0.011671920145454314,0.010303227842416902,0.007196494190337658,0.007893167266382471,0.006896903823277524,0.007162510264691435,0.005088310180261667,0.004707688374867541,0.002464191240073521
2017-08-22,0.011671920145454314,0.01024299081197902,0.007117155030382438,0.007834925318067181,0.006896903823277524,0.007126249950164233,0.005032213107907244,0.004671593127282474,0.0027713237874719804
2017-08-23,0.011671920145454314,0.010181874988723354,0.007078738547098198,0.007791652299917907,0.006896903823277524,0.007089193426120133,0.005005050578790287,0.004644774822795204,0.002023946612082361
2017-08-24,0.011671920145454314,0.01018158329385942,0.006959322602753295,0.007720464312456931,0.006896903823277524,0.007088687269970363,0.004920617054740264,0.004600656311879729,-0.0028858226800014264
2017-08-25,0.011671920145454314,0.01013577112776271,0.006944814419165325,0.007743409150507767,0.006875807640412694,0.007053033057331183,0.0049103589851448096,0.004614876296516246,0.0035437444859420797
2017-08-28,0.010887365708493316,0.009986442701541535,0.007029538767003616,0.007745157197262117,0.006827229116022385,0.006936770090973065,0.0049702636762651645,0.004615959642493049,0.0006531191242942215
2017-08-29,0.010887365708493316,0.009976588809663746,0.006825544792330731,0.007651073842736909,0.006827229116022385,0.006933519329399037,0.004826028915479318,0.004557651806415223,0.0006953778693245317
2017-08-30,0.010887365708493316,0.009977655863575468,0.006629464037633658,0.007559425037797924,0.006827229116022385,0.00693476976323883,0.0046873892287248855,0.004500852774088211,0.002183110647622699
2017-08-31,0.010887365708493316,0.009924076178677077,0.0065467841031011205,0.007499946118009676,0.006756487537588473,0.006891041870338774,0.004628930048260302,0.004463990917677998,0.005816304691517304
2017-09-01,0.010887365708493316,0.009898807071399838,0.0071605605744887975,0.007708299196262872,0.006756487537588473,0.006875683531664203,0.005062903172557435,0.004593117022868507,-0.0010586582799908537
2017-09-05,0.010887365708493316,0.009861459435925767,0.006968582015400359,0.007639445135734535,0.00671837977294467,0.00684594052757017,0.004927163959717768,0.004550444955159618,0.002050543609017007
2017-09-06,0.010887365708493316,0.009860905136416012,0.006856588086258418,0.007573224065334133,0.00671837977294467,0.006845090055238824,0.004847978201387613,0.004509404674046233,-0.00010725374032044522
2017-09-07,0.010887365708493316,0.00985904735344263,0.006647989731738591,0.00748667707372147,0.00671837977294467,0.006847002384524478,0.0047004878953002165,0.004455767473019051,0.005525321467447952
2017-09-08,0.010887365708493316,0.009856052888898974,0.0071733717670164785,0.007664778418135282,0.00671837977294467,0.006840674473490193,0.005071961377794009,0.0045661451699849755,-0.0011471261651277765
2017-09-11,0.010887365708493316,0.009860876538617763,0.006985493322829829,0.007600018750250169,0.00671837977294467,0.00684511648633601,0.004939121167696959,0.0045260105880649834,0.0009975862536988683
2017-09-12,0.010887365708493316,0.009853608136012814,0.006796501890706937,0.00751190739594118,0.00671837977294467,0.006843065489962864,0.004805494015000262,0.004471403878625565,-0.0008054186684233523
2017-09-13,0.010887365708493316,0.00985499227277782,0.00660541695722875,0.007440804248031675,0.00671837977294467,0.0068474308631515405,0.004670386643744806,0.00442733794673095,-0.0025435358665861327
2017-09-14,0.010887365708493316,0.0098473563665173,0.006566155687083924,0.007451394406950803,0.00671837977294467,0.0068412628239889585,0.004642626804678147,0.004433901161376205,0.0025505252711134577
2017-09-15,0.010887365708493316,0.009834407180473122,0.006529920141034315,0.0074096848649566035,0.00671837977294467,0.006829063565051698,0.004617006316010328,0.0044080518158702755,0.00043352231265193504
2017-09-18,0.010887365708493316,0.009805206854582705,0.006335810353052974,0.00732346873634954,0.00671837977294467,0.006805031977714302,0.0044797602092046,0.004354619666055309,-0.002214496448583303
2017-09-19,0.010887365708493316,0.00981297806589159,0.006271071463337065,0.00706740507486836,0.00671837977294467,0.006811760837454255,0.004433986316683075,0.004158637307446066,-0.0003179989635630487
2017-09-20,0.010887365708493316,0.009816285240933594,0.006082729090719723,0.006979019475582633,0.00671837977294467,0.006815151474275039,0.004300818084121979,0.004104109853023626,-0.0009358053218203822
2017-09-21,0.010887365708493316,0.009811857277229968,0.005921484578877479,0.006910845112299181,0.00671837977294467,0.006811376520452252,0.004186809503079865,0.004062051253921975,-0.0023939773204098235
2017-09-22,0.010887365708493316,0.00974706909219349,0.0059009419783495574,0.006925943862869072,0.006682340055166921,0.0067612925231304724,0.004172284774700925,0.0040713660794160465,0.0009973924000933442
2017-09-25,0.010887365708493316,0.009747727555745265,0.005749336630000581,0.006834612500438809,0.006682340055166921,0.0067621118815336615,0.004065091603000467,0.004015021304447034,0.002118696060777192
2017-09-26,0.010887365708493316,0.009729734584287665,0.0057034356129198405,0.006775410724351968,0.006682340055166921,0.006752911180683642,0.004032637104140469,0.003978498135815601,-0.0014702321973575684
2017-09-27,0.010887365708493316,0.009737060800184749,0.005592792019238357,0.006736675169530092,0.006682340055166921,0.006760713650609461,0.0039544061059321855,0.003954601129774495,-0.004733611634635104
2017-09-28,0.010887365708493316,0.009709114469901746,0.006056273442846718,0.007002519371272591,0.006682340055166921,0.0067509566688692,0.004282112511820069,0.004118607570994897,0.0007244962890427755
2017-09-29,0.010887365708493316,0.009700539401736307,0.005886270608119394,0.006907113116182279,0.006682340055166921,0.00674828706894832,0.004161911323333347,0.004059748885099299,0.002357886746394666
2017-10-02,0.010887365708493316,0.009699453460367808,0.005862983760870124,0.006856454550977576,0.006682340055166921,0.006746613319900847,0.004145446264265593,0.004028496253136301,0.0002876404149933067
2017-10-03,0.010887365708493316,0.009698637332602933,0.005686736296215344,0.006764570437586495,0.006682340055166921,0.006748526101961115,0.004020829785056548,0.00397181047122649,0.0013872119670096052
2017-10-04,0.010887365708493316,0.009699017996420808,0.0055698740156200095,0.006683768851540239,0.006682340055166921,0.006749284756709746,0.003938201839238121,0.003921961798637248,0.0010975023964114984
2017-10-05,0.010887365708493316,0.00969961603646301,0.005436286241995972,0.0065994108822047814,0.006682340055166921,0.006750603845455404,0.0038437480662603957,0.003869919097504012,0.001002287129668078
2017-10-06,0.010887365708493316,0.009699436965685062,0.005301529619606554,0.00651569690655332,0.006682340055166921,0.006751980562242419,0.003748467854058962,0.003818273693402605,-0.0012259183921550898
2017-10-09,0.010887365708493316,0.00968783962218818,0.005187277481811615,0.006472437695660214,0.006682340055166921,0.006742414077456413,0.0036676854202123263,0.003791585922211517,0.001373275628672621
2017-10-10,0.010887365708493316,0.00968817211052523,0.005089769125793882,0.00639841634422799,0.006682340055166921,0.006742959332022216,0.0035987417446582265,0.0037459201587938793,0.003050301404077871
2017-10-11,0.010887365708493316,0.009674635910546864,0.0052318878697830895,0.006403792142006579,0.006682340055166921,0.006735872320311706,0.0036992273745663573,0.0037492366330920137,0.002107146295705209
2017-10-12,0.010887365708493316,0.009674584571187786,0.005212680844822363,0.0063559881880385985,0.006682340055166921,0.006735704853313471,0.0036856469702673555,0.0037197450876110005,0.00131949666105009
2017-10-13,0.010887365708493316,0.009672405179758686,0.00510950768508197,0.006283614683024995,0.006682340055166921,0.006733398310762626,0.0036126979724426,0.0036750959249882064,0.004184725688066648
2017-10-16,0.010887365708493316,0.009664102805830929,0.005497909361402622,0.006389672698377727,0.006682340055166921,0.006723805621088338,0.0038873189408450415,0.003740525968400432,-0.000934719980750176
2017-10-17,0.010887365708493316,0.009664527191461526,0.005356966464675956,0.005812996596079103,0.006682340055166921,0.006724180034827382,0.003787664698476201,0.003405547400083661,-0.00015983871960308928
2017-10-18,0.010887365708493316,0.009640911321619592,0.005194570265320485,0.005745520334551271,0.006682340055166921,0.0067129821123346,0.0036728418121427828,0.003363795407790543,-0.0017807944467091103
2017-10-19,0.010887365708493316,0.009649337263216677,0.005137537150790926,0.005732144342640886,0.006682340055166921,0.006720966637176684,0.0036325163189793994,0.0033555188035669253,0.0007744505183968521
2017-10-20,0.010887365708493316,0.009648974894435697,0.005000538509333134,0.0056617411479172874,0.006682340055166921,0.006720582153489141,0.0035356508781724514,0.0033119557255754427,-0.0024574156702806492
2017-10-23,0.010887365708493316,0.009656129332722418,0.005046382164168338,0.005689991011643066,0.006682340055166921,0.006726664997655554,0.0035680648188258827,0.0033294357706439427,-0.0014660300728075227
2017-10-24,0.010887365708493316,0.009662701681289547,0.004963456812013481,0.0056628944106475645,0.006682340055166921,0.006734090908886955,0.003509432114843731,0.003312669324929292,-0.0019840104433945013
2017-10-25,0.010887365708493316,0.00962807804040492,0.004943270059863951,0.005662274321946063,0.006664277386272712,0.0067067739889913,0.0034951589904928795,0.0033122856353457273,-0.004076857079966534
2017-10-26,0.010887365708493316,0.009643958303960573,0.0053260447656825515,0.005825295030684657,0.006664277386272712,0.006719821206693523,0.0037658013867555608,0.003413157248869619,-0.0021627056819089278
2017-10-27,0.010887365708493316,0.009647069235260016,0.005308816211025711,0.005830779388563875,0.006664277386272712,0.0067266751276643215,0.0037536198678474655,0.00341655078109445,0.006412425224679397
2017-10-30,0.010887365708493316,0.009637326348406269,0.006312248653929514,0.006132721048083126,0.006664277386272712,0.006713790972667419,0.004463100815013031,0.0036033819059340983,0.001719008922223186
2017-10-31,0.010887365708493316,0.009623890308835219,0.006197849648400207,0.00607171703646193,0.006664277386272712,0.0067016391384159026,0.004382214537743728,0.003565634719510516,0.0007458033399442399
2017-11-01,0.010887365708493316,0.009618453389369062,0.006024047886173235,0.005996565182932294,0.006664277386272712,0.00669660520688126,0.00425932730227923,0.0035191333346036376,0.0028165426996150213
2017-11-02,0.010887365708493316,0.00954233998910928,0.006057039619168481,0.005979174319002474,0.006628113941559702,0.00663549653090121,0.004282654239871923,0.003508372465516825,0.0026926736307469447
2017-11-03,0.010887365708493316,0.00948663798431867,0.006069662166437515,0.005956198225713838,0.006167031334631913,0.006589917440920201,0.004291579062719149,0.0034941556483993347,0.0012697984505077088
2017-11-06,0.010887365708493316,0.009487023720057755,0.005929073733572739,0.0058883383065488825,0.006167031334631913,0.0065910149331387365,0.004192175445450432,0.003452166261942022,0.003412545525558386
2017-11-07,0.010887365708493316,0.009478403157790182,0.0060684530719472786,0.005907031502686069,0.006167031334631913,0.006581800980799324,0.004290724167593711,0.003463732969453398,0.0010617816158838057
2017-11-08,0.010887365708493316,0.009440942131745534,0.005914611659504693,0.005836867485925557,0.006167031334631913,0.006551114829682417,0.004181949977776611,0.0034203178865678295,0.001191976269976647
2017-11-09,0.010887365708493316,0.009412410160062105,0.005774515460735768,0.0057694754407526215,0.006167031334631913,0.006527295312536927,0.004082894396606408,0.0033786180044616267,-0.0023609723682105122
2017-11-10,0.010887365708493316,0.00940336114830517,0.005757980802068611,0.005788446285572194,0.006167031334631913,0.006527183231362644,0.00407120349965047,0.003390356511438248,-0.00563397426341159
2017-11-13,0.010887365708493316,0.00943222711825222,0.0064398784980536005,0.006121711794224267,0.006167031334631913,0.006550399030688828,0.004553342009959557,0.003596569757900697,0.001236756759408697
2017-11-14,0.010887365708493316,0.009408355087139492,0.00628334181505477,0.006106541069365302,0.006167031334631913,0.006537982880388689,0.004442662118248288,0.0035857879563245382,0.001020115645039421
2017-11-15,0.010887365708493316,0.009408060124090376,0.00611959720981242,0.006095142671925288,0.006167031334631913,0.006539271750171356,0.0043268858361057635,0.003578760151093959,-0.000355077403578586
2017-11-16,0.010887365708493316,0.009410997778734427,0.005936618709042127,0.006083764037835443,0.006167031334631913,0.006542206186390515,0.004197510150721543,0.003571744531170691,0.002416430017733107
2017-11-17,0.010887365708493316,0.009406232455042206,0.005918182306358909,0.006072405132829199,0.006167031334631913,0.006536980963553936,0.004184474618005296,0.003564741075427317,0.001454428050553891
2017-11-20,0.010887365708493316,0.009405237240802153,0.005797436977897759,0.006061065922699417,0.006167031334631913,0.0065358138718119374,0.004099101147565645,0.00355774976277305,-0.0007754988184690004
2017-11-21,0.010887365708493316,0.009409056340137984,0.0056381682545582155,0.006049746373298251,0.006167031334631913,0.006539441906619654,0.003986489555736117,0.003550770572153669,0.005231137011126475
2017-11-22,0.010887365708493316,0.009411130702139213,0.006226341422167454,0.0060384464505370775,0.006167031334631913,0.006537765858363743,0.004402359761053745,0.003543803482551464,0.001588136078338975
2017-11-24,0.010887365708493316,0.009406893986412316,0.006104119341560096,0.006027166120386373,0.006167031334631913,0.006533471552246052,0.004315942147065788,0.003536848472985164,0.0007919562546945371
2017-11-27,0.010887365708493316,0.009368253807892472,0.005935344577455516,0.0060159053488756135,0.006167031334631913,0.006511932623063555,0.004196609270855364,0.0035299055225098746,-0.001276591754396561
2017-11-28,0.010887365708493316,0.009309667424278655,0.005800327388860591,0.006004664102093179,0.006044307620220678,0.006466196645719406,0.0041011448242696535,0.0035229746102170205,0.00463801680792757
2017-11-29,0.010403293567215748,0.009151724502251025,0.006213706665830209,0.005993442346186249,0.006032622115767557,0.0063431665589535205,0.004393426305735704,0.0035160557152342786,-0.0041905500474116565
2017-11-30,0.010403293567215748,0.009075577295465083,0.006480412326314311,0.005982240047360695,0.006032622115767557,0.006300790396857636,0.004582001616363585,0.0035091488167255137,0.00198221112731517
2017-12-01,0.010403293567215748,0.009066990168420759,0.006383717689622634,0.005971057171880989,0.006032622115767557,0.006292544164949786,0.004513633284333863,0.0035022538938907204,0.0034604804159208305
2017-12-04,0.010403293567215748,0.00904670322569842,0.00649578033411226,0.005959893686070092,0.006032622115767557,0.006273867061349098,0.0045928676281271515,0.0034953709259659565,-0.0015335371240861482
2017-12-05,0.010403293567215748,0.009028007853229032,0.00635823035709048,0.0059487495563093585,0.006032622115767557,0.006258829427434357,0.0044956123632907815,0.003488499892223283,-0.0017026223357063165
2017-12-06,0.010403293567215748,0.009035258364886434,0.006240415653840672,0.005937624749038432,0.006032622115767557,0.006265329118337593,0.0044123110032013935,0.0034816407719706977,0.0006079519538409904
2017-12-07,0.010403293567215748,0.009010645558751347,0.0060602175095413645,0.005926519230755144,0.006032622115767557,0.006244896277406143,0.004284901180049795,0.003474793544552078,-0.0018925700019369884
2017-12-08,0.010403293567215748,0.009007494101142705,0.005973753291144957,0.005915432968015419,0.006032622115767557,0.006242300913397164,0.004223766306449048,0.0034679581893471163,0.00324355708774895
2017-12-11,0.010403293567215748,0.009006718219715184,0.006079538435983623,0.005904365927433165,0.006032622115767557,0.006242050593385902,0.004298562118849722,0.0034611346857712573,0.0004385397033620509
2017-12-12,0.010403293567215748,0.008969339635624213,0.00589962611698373,0.005893318075680181,0.006032622115767557,0.006221452488661071,0.004171354389626406,0.003454323013275637,0.00132241296453941
2017-12-13,0.010403293567215748,0.008924799767267901,0.00576932444074335,0.006091389129301095,0.005947334630881897,0.006185281565475167,0.00407922406502901,0.0035875995933307737,0.0036243505465453074
2017-12-14,0.010403293567215748,0.008886036018420983,0.005962668023491061,0.006117566460960539,0.005649418741098091,0.006152150969863141,0.004215928423340633,0.0036038633510312905,-0.0011412847015288554
2017-12-15,0.010403293567215748,0.008887105282541389,0.005817486991998278,0.006086142409502275,0.005649418741098091,0.006156604599048975,0.004113277590728629,0.003584339850105579,0.005265584609956287
2017-12-18,0.010403293567215748,0.008892722326850348,0.006388716656417996,0.0062182321830117045,0.005649418741098091,0.0061587210955744804,0.004517167823925348,0.0036664061240490723,0.0021077487789529004
2017-12-19,0.010403293567215748,0.008887668222485294,0.006309463765885544,0.006182977842260302,0.005649418741098091,0.006156904177795165,0.004461131748713492,0.0036445028963507124,-0.00784506628981393
2017-12-20,0.010403293567215748,0.008945465380468146,0.007576628322276308,0.006682180332628364,0.005947334630881897,0.0062033118352838946,0.005357085548135286,0.003954653237587347,-0.004593841712841684
2017-12-21,0.010403293567215748,0.00896777603217936,0.00779830336407653,0.006817595434272421,0.005947334630881897,0.006221505154107128,0.005513821778592671,0.004038785510149792,0.002685135824546181
2017-12-22,0.010403293567215748,0.008967520124103899,0.007714006349452548,0.0067880212085848915,0.005947334630881897,0.00622049836160554,0.005454219235141337,0.00402041129053796,0.0017749256319446794
2017-12-26,0.010403293567215748,0.008939320772038345,0.007547085900570308,0.006735512051531132,0.005947334630881897,0.006196680825983805,0.005336197459971739,0.0039877877894687564,0.0015699556975537488
2017-12-27,0.010403293567215748,0.00891126658524419,0.007371657669748443,0.0066802601647621505,0.005947334630881897,0.006173097204089305,0.0052121602233413415,0.0039534602533165784,0.004994020228783103
2017-12-28,0.010403293567215748,0.008888084128901148,0.007692807856382373,0.006769712770852696,0.005947334630881897,0.006150994360614045,0.005439230755300694,0.004009036410965617,0.0016598813181019747
2017-12-29,0.010403293567215748,0.008887990063426205,0.0075181904863860895,0.006715412635909652,0.005947334630881897,0.006150847032067064,0.0053157668410804115,0.003975300190280174,-0.00027586783623207995
2018-01-02,0.010403293567215748,0.008883722226170235,0.007290851020477867,0.006656894350135203,0.005947334630881897,0.006147124784477941,0.005155025556760445,0.003938943267685203,0.001202056234368643
2018-01-03,0.009985123977003648,0.008772318490570743,0.0071018525462134986,0.0065979821940094704,0.005649418741098091,0.00606081419630419,0.005021393424889275,0.0039023416367279734,0.003890520911617468
2018-01-04,0.009985123977003648,0.008734265179965336,0.007233605375522662,0.006624169433080021,0.0055879620296952134,0.006028094760653975,0.00511454979310426,0.00391861154982033,0.0015244378809719631
2018-01-05,0.009985123977003648,0.008719859138597475,0.007066834477845171,0.006569967967751129,0.0055879620296952134,0.006015381333711636,0.004996633758715863,0.0038849366317427244,0.0023108400674273226
2018-01-08,0.009985123977003648,0.008707180509102337,0.006976940994199439,0.006533754741024791,0.0055879620296952134,0.006009077724733535,0.004933074209319172,0.0038624376561903944,0.0010149226133648326
2018-01-09,0.009985123977003648,0.008626850897350987,0.006789073605865227,0.006475004097086388,0.005559192393753717,0.005946110417470163,0.004800241816307084,0.0038259363714072737,-0.004747274094225262
2018-01-10,0.009985123977003648,0.00865490693159577,0.007116458029104702,0.006631402178401906,0.005559192393753717,0.005970593350289681,0.005031720290348672,0.003923105194128888,-0.002047089299699811
2018-01-11,0.009985123977003648,0.008613395838440473,0.006997576239524277,0.006620115799668039,0.005472732398480767,0.005938233093283591,0.00494766444257463,0.003916093061210531,0.00483472240243037
2018-01-12,0.009985123977003648,0.00861656205742466,0.007322440961566344,0.007425594466608645,0.005472732398480767,0.005938198926064138,0.00517736135174381,0.004364519398713828,0.004521505649469248
2018-01-16,0.009985123977003648,0.008583529461644208,0.0075524501755050155,0.007491507428346713,0.0053640473489029086,0.005908921459387031,0.005339990292153364,0.00440527336331999,0.00014668261597596807
2018-01-17,0.009985123977003648,0.008585880478805647,0.007322849165814225,0.007403133217289677,0.0053640473489029086,0.0059114441150898405,0.005177649974200132,0.004350631614951464,0.0038105343739503255
2018-01-18,0.009985123977003648,0.008526342325804426,0.007424390282027686,0.007419517214727707,0.0053640473489029086,0.005874338582248135,0.005249445029080853,0.004360761835686351,-0.005089112807822371
2018-01-19,0.009985123977003648,0.008523946899745566,0.007760416128607589,0.007651328352372906,0.005316441597274288,0.005872487018064346,0.005487033456273531,0.004504090593032268,0.0017808607027771763
2018-01-22,0.009985123977003648,0.008481233918672912,0.007592129671905763,0.007570040219673686,0.005316441597274288,0.005847465776814371,0.005368045839777465,0.004453830164801326,0.00515441341699754
2018-01-23,0.009985123977003648,0.008439790040137602,0.007925212451575564,0.007681186333225216,0.005277707939683548,0.005811260516197905,0.005603553359666699,0.004522551773698097,0.004344183085586995
2018-01-24,0.009985123977003648,0.008441694583059944,0.008072696287670841,0.007721800948971284,0.005277707939683548,0.005810633282546165,0.005707832399540756,0.004547663778514172,-0.0009099174115568599
2018-01-25,0.009985123977003648,0.008322393743036637,0.00784392544665535,0.007646620738816077,0.005277707939683548,0.00573647811407326,0.005546079055690488,0.00450117987697255,0.0014024708727887745
2018-01-26,0.009985123977003648,0.008319993448872492,0.007646844035856565,0.007558062461617736,0.005277707939683548,0.0057339747241502955,0.0054067318510121025,0.004446424320563693,0.0041315134128582015
2018-01-29,0.009985123977003648,0.008292432787690089,0.007778717036542742,0.007589150796335549,0.005277707939683548,0.0057092305793193495,0.005499973186882846,0.0044656462286580215,-0.0075612810661698894
2018-01-30,0.009985123977003648,0.008350178006680111,0.00868578019118898,0.008129691283022378,0.005316441597274288,0.005755943743556442,0.006141315840938426,0.0047998622505411445,-0.007851273051070074
2018-01-31,0.009985123977003648,0.008409968642548747,0.009535846543382163,0.008660239112886015,0.005472732398480767,0.005804851686218325,0.006742358676430456,0.005127899815687453,0.004297886292153131
2018-02-01,0.009985123977003648,0.008335412320413236,0.00956422927710696,0.008655908093981046,0.005316441597274288,0.005744274200729376,0.0067624268025396166,0.005125221947988789,-0.006340672888874876
2018-02-02,0.009985123977003648,0.008367355172302998,0.009951926651244324,0.008944932198964523,0.005472732398480767,0.005769225128071231,0.0070365497912488325,0.005303925465995336,-0.015678272545865835
2018-02-05,0.010403293567215748,0.00854456299779807,0.01314974086807005,0.010848142496434825,0.005561614090265105,0.0059020223106047804,0.009297577203166521,0.006480679825925537,-0.020801982004341205
2018-02-06,0.010888441969653018,0.008855066876226924,0.017408378401455534,0.013553563869978724,0.005649418741098091,0.0061358932874791645,0.012308664010443313,0.008153441055200996,0.006951525978732743
2018-02-07,0.010888441969653018,0.008858658258271326,0.01733666376184073,0.013537160801846805,0.005649418741098091,0.00613321044286582,0.012257957885881196,0.008143299043061759,-0.006977347386005617
2018-02-08,0.010888441969653018,0.008900325508986763,0.017272361547633914,0.013617043047279667,0.005947676654704356,0.006170027152910168,0.012212492746535816,0.008192690211614744,-0.020662126177929608
2018-02-09,0.011804170490766815,0.009195827454616183,0.02047101087340385,0.01575644796371489,0.006054198184418287,0.006393654986138897,0.014474110625593483,0.009515483634084936,0.0068715399190120725
2018-02-12,0.011804170490766815,0.00918977203683872,0.020229950534902955,0.025365914350457687,0.006054198184418287,0.006389969442567461,0.014303667943085897,0.015482035834049883,0.009248608105844292
2018-02-13,0.011804170490766815,0.009213845593881418,0.020309377070702177,0.023950223502364573,0.006054198184418287,0.006404488552912256,0.014359826794882473,0.01460530116304306,0.0033028276947590805
2018-02-14,0.011804170490766815,0.009211807983241367,0.01978041313165745,0.021510855520835363,0.006054198184418287,0.006401069716715076,0.013985820712914621,0.013094605174839617,0.00482449632661155
2018-02-15,0.011804170490766815,0.00920773251082672,0.01937386946263613,0.019612967301882108,0.006054198184418287,0.006398841601338835,0.013698372375558978,0.011919246581900356,0.007834480520077958
2018-02-16,0.011804170490766815,0.00920278598152882,0.01930690644774448,0.018764906322080867,0.006054198184418287,0.0063882730388898,0.013651025906380738,0.011394044017285863,0.002413876815109117
2018-02-20,0.011804170490766815,0.009202157683997172,0.018769210968776637,0.01691347051516018,0.006054198184418287,0.006387057195798254,0.013270846153969323,0.010247453315468951,-0.007283119962827499
2018-02-21,0.011804170490766815,0.009222751108946181,0.018664681677800454,0.016816849754810834,0.006357676134980394,0.006411406166850502,0.013196938298096423,0.010187616260894913,-0.008585981973801737
2018-02-22,0.011804170490766815,0.00925664483840606,0.01874581863809413,0.017279802003818633,0.006682340055166921,0.0064373101038203385,0.013254306512415572,0.010474321715177138,0.003590755343197505
2018-02-23,0.011804170490766815,0.009250314051358408,0.01828956196441869,0.01577512669370563,0.006682340055166921,0.006429850045378674,0.012931708395044459,0.009542479134743044,0.01130458049272921
2018-02-26,0.011804170490766815,0.009272457478209924,0.018866210566093947,0.01723217228467545,0.006682340055166921,0.006444046848821486,0.013339430109636743,0.010444824719982603,0.006211672804739067
2018-02-27,0.011804170490766815,0.009276408142521796,0.018630805258347878,0.016314103095782004,0.006682340055166921,0.006446259847061272,0.013172985839383571,0.009876266203573339,-0.010284586652948867
2018-02-28,0.011804170490766815,0.009355226205179763,0.018990164264980597,0.017709926310050084,0.006720884627784421,0.006511465944594335,0.01342707207129814,0.01074069688643986,-0.0032618422553098
2018-03-01,0.011804170490766815,0.00936887957278504,0.018505231337093912,0.016294350998621487,0.006720884627784421,0.006523010526285128,0.013084198292976622,0.009864033767071366,-0.005576139574816231
2018-03-02,0.011804170490766815,0.009401118009826218,0.01822068609102741,0.015713659923668542,0.006720884627784421,0.006549577250832469,0.012883009431565576,0.009504412880038565,0.0005971045993937611
2018-03-05,0.011804170490766815,0.009384650552210976,0.017668887032312407,0.014180113502052769,0.006720884627784421,0.006535523565425887,0.012492857686332718,0.008554690474726687,0.005308608270339622
2018-03-06,0.011804170490766815,0.009388259069736029,0.017395661962774322,0.013541961222575916,0.006720884627784421,0.0065351140146787095,0.01229967280129523,0.00815948397215375,0.0034307600964707196
2018-03-07,0.011804170490766815,0.009386989385320503,0.016978646263848707,0.012568197036662787,0.006720884627784421,0.006532306668922182,0.012004820173050062,0.007556433649179124,-0.0005282445436219473
2018-03-08,0.011804170490766815,0.009380124319238384,0.016464160229516737,0.011513823580277511,0.006720884627784421,0.006531604831851558,0.011641050751877085,0.006903462157099892,0.0038259383104816027
2018-03-09,0.011804170490766815,0.009375997381014457,0.01611078994717586,0.010960818877666168,0.006720884627784421,0.006525825694957035,0.011391198871575258,0.006560987388217798,0.006270333586761201
2018-03-12,0.011804170490766815,0.00937918939255869,0.016023448249506404,0.011315149007574847,0.006720884627784421,0.006523712545990906,0.011329443572723004,0.00678042336909719,0.0017777831336608816
2018-03-13,0.011804170490766815,0.009363221805758756,0.015568304400173639,0.01040742918245384,0.006720884627784421,0.006515789609577221,0.011007632282282048,0.00622940784210374,-0.0014471522441313336
2018-03-14,0.011804170490766815,0.009363820477189982,0.015116540849456007,0.009797546969103019,0.006720884627784421,0.00652032793627498,0.010688211045581262,0.005851328383976953,0.0008602710142604941
2018-03-15,0.011804170490766815,0.00936435634373757,0.014664226145033928,0.009118294684363206,0.006720884627784421,0.006520976547861753,0.010368400113435575,0.005430244886009639,-0.0011553923357677021
2018-03-16,0.011804170490766815,0.009352703760478191,0.014232730841668952,0.008684109610950114,0.006720884627784421,0.006511367474741334,0.010063309622596996,0.0051610839665907045,-0.00025291732533901925
2018-03-19,0.011804170490766815,0.009352933389463388,0.013799897122591128,0.008217975819301353,0.006720884627784421,0.006511581162499931,0.009757272799542064,0.004872117330897441,-0.007817848303970098
2018-03-20,0.011804170490766815,0.009393163689210596,0.014101667454847117,0.010797337083604242,0.006875807640412694,0.006542814794561956,0.009970640727467403,0.006471120364225612,-0.0013307703865041431
2018-03-21,0.011804170490766815,0.009394606129144176,0.01369308785903673,0.01010445175785726,0.006875807640412694,0.006544067029215864,0.009681752879881766,0.006041585442944458,0.0007227574890186104
2018-03-22,0.011804170490766815,0.009395675885948113,0.013282328079433005,0.009374226987842316,0.006875807640412694,0.0065457867863685576,0.00939132352457069,0.005588902975224749,-0.009864604086662534
2018-03-23,0.011804170490766815,0.009421586076752891,0.014051087005795323,0.012793683865108558,0.006896903823277524,0.0065768826616825074,0.009934877617399447,0.00770869983918259,-0.01034472492024079
2018-03-26,0.011804170490766815,0.009497102705101691,0.014843710963090338,0.015235601158287815,0.006942529817737206,0.006635023946658099,0.010495305576396283,0.009222498318274444,0.013253830484322883
2018-03-27,0.011804170490766815,0.009565488980067894,0.01625288031565515,0.01787430501635081,0.006942529817737206,0.006676339917169346,0.011491664438464904,0.01085828913652487,-0.004569006801944975
2018-03-28,0.011804170490766815,0.00958991517012051,0.015971393693309268,0.016717363237661164,0.006942529817737206,0.006697286676120959,0.011292638189265248,0.010141075367708812,0.0013236770673168087
2018-03-29,0.011804170490766815,0.009580366533526001,0.015503200609624328,0.015068455127636415,0.006942529817737206,0.006688509302251537,0.010961600385157689,0.009118880801132042,0.0074110847280514204
2018-04-02,0.011804170490766815,0.009586199798334184,0.015612908319785374,0.014939176879982164,0.006942529817737206,0.0066870969091646585,0.011039169663156293,0.009038738359278955,-0.00960277404776583
2018-04-03,0.011804170490766815,0.009660451496732314,0.01609596348722416,0.01632206259731001,0.006959549643477194,0.0067472417315249415,0.011380715763395896,0.009896019767415108,0.0035453124949673793
2018-04-04,0.011804170490766815,0.009653422746481961,0.015735839423675953,0.014949032626642909,0.006959549643477194,0.0067391764297657746,0.011126088594910186,0.00904484815437604,0.005177556169279552
2018-04-05,0.011804170490766815,0.009658249993078185,0.015539120683109703,0.01413458303082483,0.006959549643477194,0.006740434647479158,0.010986997817679317,0.008539952856369777,0.0010287325217756777
2018-04-06,0.011804170490766815,0.009656128160957518,0.015077136887642452,0.012822923158836035,0.006959549643477194,0.006738258152918096,0.010660350315795953,0.0077268259233452315,-0.006574535205187448
2018-04-09,0.011804170490766815,0.009695699311817005,0.015090276453720268,0.0133310604711008,0.006959549643477194,0.006772362971720795,0.01066964069887272,0.008041831469448204,0.003309578325692275
2018-04-10,0.011804170490766815,0.009691403880747114,0.014751615025550512,0.01236737899369503,0.006959549643477194,0.006770417587893077,0.010430188773109784,0.0074444240310797515,0.0070176903768483295
2018-04-11,0.011804170490766815,0.009689839026424368,0.014850758521241233,0.012954980553188571,0.006959549643477194,0.006763416350620188,0.01050028858075045,0.0078692510809292,-0.00042094581782057286
2018-04-12,0.011804170490766815,0.009692601554899921,0.014400342520188888,0.011688651707436694,0.006959549643477194,0.006767576460640596,0.010181820134463846,0.007079415165672649,-0.0008046692902601734
2018-04-13,0.011804170490766815,0.009697103126682566,0.013969177589760044,0.010668874361300422,0.006959549643477194,0.006772811873491177,0.009876963235139376,0.006443358602446213,0.0008026594145179366
2018-04-16,0.011804170490766815,0.00969674807717108,0.013551341184623152,0.00973583365910293,0.006959549643477194,0.006774241071958977,0.009581530323264514,0.00586140150696979,0.004300922357374115
2018-04-17,0.011804170490766815,0.009671378415508478,0.013365143048376974,0.009681762723811733,0.006959549643477194,0.006750830602565723,0.009449878181659335,0.005827676328231447,0.006814568239721576
2018-04-18,0.011804170490766815,0.009647596726740018,0.01352732750748562,0.010826080607341072,0.006959549643477194,0.0067265411870551985,0.009564551356199066,0.006541411442071641,-0.0017160301772322307
2018-04-19,0.011804170490766815,0.009650634064753149,0.013151634035354015,0.01011407077774696,0.006959549643477194,0.006729159448657738,0.009298915774713883,0.006097315947196278,-0.006686227068323725
2018-04-20,0.011804170490766815,0.00968657479228429,0.013308045646007191,0.011695522166440667,0.006959549643477194,0.0067577201947041365,0.009409507233519791,0.007083700415348385,-0.007615978612951713
2018-04-23,0.011804170490766815,0.009736509190753584,0.013612943958994312,0.01331229418199236,0.0069926360148467055,0.006797707313332377,0.009625086812809935,0.008092115100797841,-0.0009891554390452863
2018-04-24,0.011804170490766815,0.009739701879233708,0.013210269404377955,0.012047610486426403,0.0069926360148467055,0.006802952620369543,0.009340374148365945,0.007303305300288016,-0.00629889191817562
2018-04-25,0.011804170490766815,0.009768569264527308,0.013301274257437089,0.012816547172239755,0.0069926360148467055,0.006825841217179358,0.009404719495979194,0.007782907271806818,-0.0020284989179654156
2018-04-26,0.011804170490766815,0.009773289456273654,0.01294776418552135,0.011811024131472841,0.0069926360148467055,0.006829902543833634,0.009154768776895866,0.00715574141841892,0.00761967411915282
2018-04-27,0.011804170490766815,0.009789485301275026,0.013283019728529074,0.01275359572436024,0.0069926360148467055,0.006838249176299101,0.009391812557847674,0.007743643130727318,0.004930104109242595
2018-04-30,0.011804170490766815,0.00978679539517245,0.013181227667675098,0.012261134780113724,0.0069926360148467055,0.006832628029770901,0.009319840071548924,0.007436484889854973,-0.003988191070977843
2018-05-01,0.011804170490766815,0.009801994615357032,0.01298017198760444,0.011938343812597285,0.0069926360148467055,0.006845171840572914,0.009177682843787033,0.007235153379386603,-0.0005225668514178382
2018-05-02,0.011804170490766815,0.00980579593239352,0.012588266142889788,0.010845790051513416,0.0069926360148467055,0.006849271970003062,0.008900584239018752,0.0065537046366310825,-0.003472228302120406
2018-05-03,0.011804170490766815,0.009822671636098625,0.012364119285829362,0.010645758370573088,0.0069926360148467055,0.006864684802025317,0.00874210030163358,0.0064289406732057665,0.0012191615210025986
2018-05-04,0.011804170490766815,0.009820913134459987,0.012007572556178337,0.009735193041150166,0.0069926360148467055,0.006862790706332486,0.008490002501477197,0.005861001940088921,0.00729480857061775
2018-05-07,0.011804170490766815,0.009824062112936672,0.012361645486981291,0.011137606608338528,0.0069926360148467055,0.006864663135188604,0.00874035119220201,0.006735716756168744,0.0015851160690690705
2018-05-08,0.011804170490766815,0.009803266008995415,0.012019048866922018,0.010173219124558892,0.0069926360148467055,0.0068466270359637815,0.008498116873176033,0.006134208014210969,-0.0007488288030214508
2018-05-09,0.011804170490766815,0.009800646509137294,0.011660710310804137,0.009618780818256614,0.0069926360148467055,0.00684433851190205,0.008244752154904882,0.005807231445111502,0.002774422673937105
2018-05-10,0.011804170490766815,0.00979138291764765,0.011415484786128695,0.00917398715496076,0.0069926360148467055,0.006834967383998867,0.008071364460749388,0.00552897058683619,0.00826896162240256
2018-05-11,0.011804170490766815,0.009810286516242106,0.012029007776008665,0.011142919289549611,0.0069926360148467055,0.006845583689366082,0.008505158359926336,0.006760725422543268,0.0017552213381179962
2018-05-14,0.011804170490766815,0.00977899831202307,0.011705365645052474,0.010309722941233293,0.0069926360148467055,0.006819229062090236,0.008276325888704859,0.0062394816411539145,-0.0024775252942561554
2018-05-15,0.011804170490766815,0.009741070276747572,0.011436248729343014,0.009939696149803057,0.006959549643477194,0.006789516076331893,0.00808604569036556,0.006007994592068526,-0.010130715011546299
2018-05-16,0.011804170490766815,0.00981260058801111,0.012500653250515286,0.013543739647006604,0.0069926360148467055,0.006844788951755283,0.008838637190858844,0.008262667532690789,0.0002143943652907599
2018-05-17,0.011804170490766815,0.009812383579398327,0.012120448722455206,0.012334671118175568,0.0069926360148467055,0.006846999668916651,0.008569812049124251,0.007506279853843821,-0.0021416119400190945
2018-05-18,0.011804170490766815,0.009818589947006785,0.011814409015294468,0.011555775699447556,0.0069926360148467055,0.0068523615560831625,0.008353425442489997,0.007019006482825037,0.0013913463353708133
2018-05-21,0.011804170490766815,0.009815171402640446,0.011481900537913575,0.01063421107030218,0.0069926360148467055,0.006851949111216233,0.00811832398534547,0.0064424799137142875,0.005035818042853203
2018-05-22,0.011804170490766815,0.009819555489852038,0.011496023742015062,0.010650941023017495,0.0069926360148467055,0.006853481862176801,0.008128309853645621,0.006452946094745226,-0.0016120276962599766
2018-05-23,0.011804170490766815,0.009827136793957341,0.011183597806936963,0.010030659799146033,0.0069926360148467055,0.006860836833147929,0.00790740783886041,0.006064901030326832,0.003284499965921806
2018-05-24,0.011804170490766815,0.009826936529524872,0.011003248605111435,0.009629826961821299,0.0069926360148467055,0.006859296007551661,0.007779891209876952,0.00581414186142941,0.0019121389753227408
2018-05-25,0.011804170490766815,0.009824074071925057,0.010723545760720375,0.009039629206634698,0.0069926360148467055,0.006856061816071976,0.007582126188059238,0.005444916875863127,0.0003048392873478023
2018-05-29,0.011804170490766815,0.009825912899357532,0.010398314398270006,0.008455003085026714,0.0069926360148467055,0.006858314983769916,0.007352170044313788,0.005079177478490915,0.00039352273326952387
2018-05-30,0.011804170490766815,0.009826408374127028,0.010084033468311585,0.007959199793169268,0.0069926360148467055,0.006860579301520516,0.007129956447932839,0.004769005232542772,0.006355338883444862
2018-05-31,0.011804170490766815,0.009823769615308547,0.010426013620018033,0.009236262249827237,0.0069926360148467055,0.006859036565361697,0.007371754890528914,0.005567929598118678,-0.004134540756603311
2018-06-01,0.011804170490766815,0.009841568363579568,0.010379327943009754,0.009646529246235934,0.0069926360148467055,0.006873828398849077,0.0073387455947092105,0.005824590733299427,0.0031547192934311967
2018-06-04,0.011804170490766815,0.009841994262128673,0.010222438772486585,0.009281352973200423,0.0069926360148467055,0.0068738061051385625,0.007227816475275239,0.005596138146084731,0.0008038123213599093
2018-06-05,0.011804170490766815,0.009837885834575668,0.009921600743621346,0.008659715540999034,0.0069926360148467055,0.006873496809661291,0.0070151077362144735,0.005207244644008549,0.0009672828899968122
2018-06-06,0.011804170490766815,0.009837856187704535,0.009635127684354454,0.008138871189523455,0.0069926360148467055,0.006873462248839169,0.006812555806721421,0.00488140682699576,0.002107449075250312
2018-06-07,0.011804170490766815,0.00980799675292631,0.0094184769829321,0.008146045525818036,0.0069926360148467055,0.006848005098895597,0.006659372056349149,0.004805349387138521,0.002248031903941694
2018-06-08,0.011804170490766815,0.009796630171186753,0.009220967115434986,0.007899389779848456,0.0069926360148467055,0.0068372224433303425,0.006519721909637845,0.004653257568264512,0.0008802754128745206
2018-06-11,0.011804170490766815,0.009784467255589235,0.008954120624390908,0.007561034201959606,0.0069926360148467055,0.006826489844884741,0.006331047024195746,0.0044446221883547785,0.0006481139984293894
2018-06-12,0.011804170490766815,0.009785389433781176,0.008689194216495534,0.007261876696326266,0.0069926360148467055,0.0068284910575885874,0.006143729741271499,0.004260156957339249,0.0002238821643021471
2018-06-13,0.011804170490766815,0.009787394661051534,0.008425452276270149,0.007007707743201447,0.0069926360148467055,0.006831171375553755,0.005957249940980321,0.004103432376567373,-0.0029327873224717412
2018-06-14,0.011804170490766815,0.00979507002200349,0.00833797888865739,0.007388233581520387,0.0069926360148467055,0.0068375812718177945,0.005895401530223652,0.004338070603424746,0.004388099060756979
2018-06-15,0.011804170490766815,0.009797398532272314,0.008461859978335191,0.007800280622464054,0.0069926360148467055,0.006837471818493733,0.0059829921532517085,0.004592145300417634,-0.0024637802489022474
2018-06-18,0.011804170490766815,0.009803590092707589,0.008323338932692695,0.007891870073185349,0.0069926360148467055,0.006842718255843252,0.005885050290438903,0.004648620798667699,-0.0019725873086550824
2018-06-19,0.011804170490766815,0.009809457108168065,0.008147685947466862,0.007845557937468191,0.0069926360148467055,0.006847833458922116,0.005760854140302635,0.004620064006165362,-0.0010630668996492567
2018-06-20,0.011804170490766815,0.009812341881138002,0.00792266758623501,0.007633214097149913,0.0069926360148467055,0.006853071014923171,0.005601754002385604,0.004489129448878858,-0.0012038374426964758
2018-06-21,0.011804170490766815,0.009726907151178637,0.0077118820666443695,0.007473553592158567,0.006959549643477194,0.006786995180701357,0.005452717252432434,0.004390680266148399,-0.0013402545474256234
2018-06-22,0.011804170490766815,0.009728189443106638,0.0075158509101883545,0.007361303721700693,0.006959549643477194,0.006788111184637704,0.005314112634313954,0.004321465227596588,0.002790163045472838
2018-06-25,0.011804170490766815,0.00968100991460068,0.007458326426717102,0.007328578684222941,0.006959549643477194,0.006759853327321092,0.005273439716762786,0.004301286453925023,-0.006793322793907164
2018-06-26,0.011804170490766815,0.00970553114352197,0.008202092552525513,0.009392927838496597,0.006959549643477194,0.006785839684345571,0.005799322549373972,0.005574196664998015,0.0012844050324585022
2018-06-27,0.011804170490766815,0.009675155464938528,0.007985833822139488,0.008890201766103369,0.006959549643477194,0.006769230044180889,0.005646415943700461,0.005264207848621108,-0.002380722063163266
2018-06-28,0.011804170490766815,0.00967483038171068,0.007860505939857059,0.008784686698137527,0.006959549643477194,0.006774246318357757,0.005557802360138546,0.0051991455953885445,0.0033278411608408387
2018-06-29,0.011804170490766815,0.009674953040937885,0.007853429225819655,0.008651327802657038,0.006959549643477194,0.006772895544845429,0.005552798740997483,0.005116914399448118,0.0007098717933022858
2018-07-02,0.011804170490766815,0.009675596631760802,0.0076249195810642436,0.008216402414089963,0.006959549643477194,0.006774606514999645,0.005391230077014113,0.004848732552876379,-0.0018457999496599544
2018-07-03,0.011804170490766815,0.00967457282146138,0.007467082886863543,0.008092328926614096,0.006959549643477194,0.006773746240572212,0.005279631007150543,0.004772226885797478,0.0022619533437385985
2018-07-05,0.011804170490766815,0.00962101961002163,0.007353452449124378,0.00785519929475089,0.006959549643477194,0.006741534342400466,0.005199288148830435,0.004626009018959512,0.006641126801417508
2018-07-06,0.011804170490766815,0.009630400127978722,0.008071568756518469,0.008737755097865361,0.006959549643477194,0.006744258489905489,0.0057070351741016125,0.005289231415128581,0.0052729254525463835
2018-07-09,0.011804170490766815,0.009625550507383002,0.008382688358645345,0.009095515630690538,0.006959549643477194,0.006736370889814896,0.005927013540916201,0.005513549466606107,0.0020818001533707835
2018-07-10,0.011804170490766815,0.009621251367303595,0.008213438390249548,0.008756404282878534,0.006959549643477194,0.006734951690874212,0.005807344669599166,0.005300924568676746,0.0013925050181707534
2018-07-11,0.011804170490766815,0.009607831090095232,0.008002660718806615,0.008394297701576152,0.006959549643477194,0.00672293087551561,0.0056583134687104185,0.005073881518110206,-0.004853149409097735
2018-07-12,0.011804170490766815,0.009614095329439543,0.00823699120167213,0.009003680848608314,0.006959549643477194,0.006727875306601957,0.005823997779706058,0.005455968494183377,0.005097827773914544
2018-07-13,0.011804170490766815,0.009618975614317689,0.008497985173502772,0.009267676016711007,0.006959549643477194,0.006729196194514393,0.006008534617884273,0.005621495086064925,0.0006423843683939889
2018-07-16,0.011804170490766815,0.009619595530615197,0.008247229988032038,0.00883196074502793,0.006959549643477194,0.006729913613176779,0.005831237154808814,0.005348298934518745,-0.0022344583172208333
2018-07-17,0.011804170490766815,0.009626151029513136,0.008096729340138172,0.00868712363601081,0.006959549643477194,0.00673556836494245,0.005724825066011115,0.0052574851775629575,-0.0005098580602563075
2018-07-18,0.011804170490766815,0.009628294181096382,0.007855444956618949,0.008340405013558795,0.006959549643477194,0.006737625892685812,0.005554223971571626,0.0050400904717097725,-0.0007659388396777376
2018-07-19,0.011804170490766815,0.009632481018503442,0.007628632368028236,0.008048932156525586,0.006959549643477194,0.006742581686006441,0.005393855217979473,0.004857335200098447,0.0009305880108498197
2018-07-20,0.011804170490766815,0.009622718265129055,0.007415218809948127,0.007734864382253186,0.006959549643477194,0.006733782205190546,0.005242960302835529,0.004660412776598215,-0.0039829291631964915
2018-07-23,0.011804170490766815,0.00964214959018655,0.0075390655924464185,0.00817935113264683,0.006959549643477194,0.006750448111712775,0.005330526668834241,0.004939108699171101,-0.0036477646326631414
2018-07-24,0.011804170490766815,0.009656577379372804,0.007599207860444203,0.008449960460824635,0.006959549643477194,0.006765429442377,0.00537305050147042,0.005108782410044488,0.003159494942937735
2018-07-25,0.011804170490766815,0.009655876313662068,0.0075844912084659395,0.0083344810061788,0.006959549643477194,0.006763341792829848,0.005362645033460607,0.00503637608269675,0.005023985630411731
2018-07-26,0.011804170490766815,0.009649153895635483,0.007891067706930517,0.00868432097805526,0.006959549643477194,0.0067595333758860765,0.005579411180546608,0.00525572789381066,-0.0024175685573718303
2018-07-27,0.011804170490766815,0.009641098994986755,0.007773715091567146,0.008591700966024275,0.006959549643477194,0.006753006811258435,0.005496436541557042,0.005197654577387107,-0.0030347920543918995
2018-07-30,0.011804170490766815,0.009610868370014347,0.007732749079917877,0.008643607104929375,0.006959549643477194,0.006729343110049502,0.00546747135814877,0.005230200045292601,-0.003227136001039111
2018-07-31,0.011804170490766815,0.009623708800346362,0.007719416042215335,0.008734380356996262,0.006959549643477194,0.006740275680971595,0.0054580441801810944,0.005287115431875706,0.005709858201244677
2018-08-01,0.011804170490766815,0.009630602672932477,0.00816091244948361,0.009229071863947579,0.006959549643477194,0.006743573058692705,0.005770205991784906,0.005597290045172209,-0.003645618472033774
2018-08-02,0.011804170490766815,0.00964290675269096,0.008180469455858702,0.009341692450086361,0.006959549643477194,0.006753755076588652,0.0057840338518514705,0.005667903844406607,0.0010148782854915162
2018-08-03,0.011804170490766815,0.00964238517213416,0.00795231561232123,0.008783684397671479,0.006959549643477194,0.006753158208355197,0.0056227167585512,0.005355246221258981,0.0046966390040767084
2018-08-06,0.011804170490766815,0.009641661358979113,0.008161350006756388,0.00894132691392951,0.006959549643477194,0.006752785322610084,0.005770515368415615,0.005454666787131404,0.0005714631970197837
2018-08-07,0.011804170490766815,0.009642096692438635,0.007919420288059378,0.008570126275123859,0.006959549643477194,0.006753269328317106,0.005599457987141461,0.005220561303165031,0.0005897240447555352
2018-08-08,0.011804170490766815,0.009634595476604483,0.007685513109299028,0.008228956400061965,0.006959549643477194,0.006746490626488537,0.005434072975017004,0.0050053953514762215,-0.0002527456183005428
2018-08-09,0.011804170490766815,0.009637481290882521,0.007452773166402616,0.007933668037464798,0.006959549643477194,0.006749930880865305,0.005269513261707798,0.004819165539863097,0.00158664449376088
2018-08-10,0.011804170490766815,0.009632386771996949,0.007282077012230099,0.007684075288606924,0.006959549643477194,0.006744791698279361,0.0051488218589170204,0.00466175462738764,-0.0033065754777793833
2018-08-13,0.011804170490766815,0.009629855910159878,0.007307336362153919,0.007894795904782613,0.006959549643477194,0.006742759711336544,0.0051666815839393416,0.004794650012455472,-0.004182872195457099
2018-08-14,0.011804170490766815,0.009650677280563045,0.007474935547612676,0.008307062725466791,0.006959549643477194,0.006761657849540755,0.005285183262537007,0.005054654747064992,0.002452436278442927
2018-08-15,0.011804170490766815,0.00965077412051623,0.0073807285423868225,0.008107365831374287,0.006959549643477194,0.006761453325113552,0.005218573820346908,0.004928711704002008,-0.00357711457367731
2018-08-16,0.011804170490766815,0.009645174805353235,0.0074405375509141655,0.008326284169858776,0.006959549643477194,0.006756999703820661,0.005260862020533276,0.005066777154926134,0.004643728452501883
2018-08-17,0.011804170490766815,0.00964839748425127,0.007683885609759808,0.008532098777621339,0.006959549643477194,0.006758320007725048,0.005432922244917769,0.005196578462684203,0.004223069236252619
2018-08-20,0.011804170490766815,0.009650906413585224,0.00782883245342574,0.00861296663185296,0.006959549643477194,0.0067585525599152575,0.005535407494084288,0.0052475794744635176,0.003977728756643484
2018-08-21,0.011804170490766815,0.0096290851451318,0.007921546946567548,0.00863192666063787,0.006959549643477194,0.00673813380854852,0.005600961649598603,0.005259537015078181,0.00022891370510627065
2018-08-22,0.011804170490766815,0.009624130728858652,0.007681332380724369,0.008287716180316696,0.006959549643477194,0.006733643315199692,0.005431116974052546,0.0050424534417816465,0.000995253370125548
2018-08-23,0.011804170490766815,0.009602986493768452,0.007468891049227034,0.007977304754942125,0.006959549643477194,0.006715633971292663,0.005280909475626773,0.004846685952803663,-0.0019727884794432772
2018-08-24,0.011804170490766815,0.00959578429857234,0.007328098306361222,0.007883564048374266,0.006959549643477194,0.006716076772436739,0.005181361400149557,0.004787566406164337,0.005917856551260825
2018-08-27,0.011804170490766815,0.0095890620149627,0.007864525992554265,0.008522337507663947,0.006959549643477194,0.006706012009848772,0.005560644754577195,0.005190422312644013,0.0027950793728203417
2018-08-28,0.011804170490766815,0.00958411276677331,0.007789514637860673,0.008346653405371898,0.006959549643477194,0.006700282131190262,0.0055076076743506746,0.005079623441379647,-0.0011426838046611155
2018-08-29,0.011804170490766815,0.009589386066729976,0.0075802330545965925,0.008108254407474404,0.006959549643477194,0.0067053811169806195,0.0053596342886299345,0.004929272103193744,0.003573516774657648
2018-08-30,0.011804170490766815,0.009590566826798467,0.007626200749659721,0.00810581777391187,0.006959549643477194,0.006705530176286646,0.005392135932425732,0.004927735389029563,-0.003054442362437482
2018-08-31,0.011804170490766815,0.009594004840844383,0.007595976310572472,0.007798071918482959,0.006959549643477194,0.006713576022110919,0.005370765621127929,0.004872497434703091,-0.0011946876314193223
2018-09-04,0.011804170490766815,0.00959761761789016,0.007395970632038797,0.007598804950710629,0.006959549643477194,0.006716862841041546,0.005229350801178594,0.004743363327542858,-0.004970541010446517
2018-09-05,0.011804170490766815,0.009582444429222785,0.007709787595854312,0.008186690494167892,0.006959549643477194,0.006705113811549204,0.005451236348430924,0.005124340042426679,-0.0018667127979538956
2018-09-06,0.010412283749343136,0.009291922337355766,0.007550223701312178,0.008028130206112826,0.006897750302353787,0.006488443022496513,0.005338416054614659,0.005021585725150901,7.770772125995635e-05
2018-09-07,0.010412283749343136,0.00927538535312636,0.00732034739911096,0.007730247611476845,0.006897750302353787,0.006481259006487454,0.0051758810899839875,0.0048285441823055185,-0.005486887792589901
2018-09-10,0.010345262509920608,0.009154433306846906,0.007755517149690049,0.0084524849534317,0.006875807640412694,0.006390547416957402,0.005483569613513472,0.005296587006230457,0.0027905795591306017
2018-09-11,0.010345262509920608,0.009153943083943945,0.007685559013084092,0.00825516530253609,0.006875807640412694,0.006389046992829915,0.005434105431472977,0.005168714849452891,-0.0008231672632331709
2018-09-12,0.010345262509920608,0.009157643243384233,0.007466175439492877,0.007983142878312885,0.006875807640412694,0.006394080927391159,0.0052789893928350045,0.004992431879564171,0.0021169007227085147
2018-09-13,0.010345262509920608,0.009153676502097198,0.007338547426376669,0.007756888796505059,0.006875807640412694,0.006389678379350863,0.005188749492509968,0.00484580888844708,0.0036935193037242464
2018-09-14,0.010345262509920608,0.009154314649084852,0.007419756937401018,0.0077682082774228715,0.006875807640412694,0.0063883941377820466,0.005246169004115227,0.004853144429696992,-0.0025004221484652644
2018-09-17,0.010345262509920608,0.009165978461186056,0.007333469253081706,0.0077492579060983455,0.006875807640412694,0.006399054139253047,0.005185158949644168,0.004840863722519557,-0.0011810126555298782
2018-09-18,0.010345262509920608,0.009120672391660875,0.007141840986227885,0.00755315203389049,0.006875807640412694,0.006374404607871597,0.005049667412338772,0.004713778149835106,-0.0005490968798523286
2018-09-19,0.010345262509920608,0.009103688519198565,0.006931337726584956,0.0073231908513455,0.006875807640412694,0.00636737135933621,0.004900830235417613,0.004564752787922702,-0.0017892343404813712
2018-09-20,0.010345262509920608,0.009097883120577835,0.006797084765275579,0.007241434099561603,0.006875807640412694,0.006362589779444871,0.0048059061388098555,0.004511770674208817,0.0071515362584246185
2018-09-21,0.010345262509920608,0.009103806861973556,0.007748267435246871,0.008275366103858768,0.006875807640412694,0.00636135629539737,0.00547844367373925,0.005181805892448564,-0.0011686403361889086
2018-09-24,0.010345262509920608,0.009108423979787004,0.007541682662204144,0.008030398106006283,0.006875807640412694,0.006367281247461538,0.005332377078539089,0.005023055427987976,-0.004362435273262311
2018-09-25,0.010345262509920608,0.009131440449800585,0.007722948468494854,0.008380106057745536,0.006875807640412694,0.006387606698614773,0.005460541796398618,0.005249682172096807,-1.051981186260817e-05
2018-09-26,0.010345262509920608,0.009100897627185476,0.007487678745720288,0.008055956045846616,0.006875807640412694,0.00636276116283492,0.00529419339204522,0.005039618141713349,-0.0007701692450685306
2018-09-27,0.010345262509920608,0.009103209713756511,0.007272827537724477,0.007797209102847386,0.006875807640412694,0.006364901961924321,0.005142281980742419,0.004871938290716565,0.0007131272487352793
2018-09-28,0.010345262509920608,0.009080967521441104,0.00706296768067097,0.007514010632984153,0.006875807640412694,0.0063462122077642055,0.004993899724211546,0.004688412732196917,0.00042362846294159435
2018-10-01,0.010285188035621786,0.008993047978985398,0.006852054814004938,0.007238788009873081,0.006797397722110687,0.006277707752912957,0.0048447729329962,0.0045632681258298505,-0.0017928638186325953
2018-10-02,0.010285188035621786,0.008994684290501832,0.00672141076716376,0.007157326930870182,0.006797397722110687,0.006279093421021567,0.0047524005338876055,0.0045100841757254526,0.0020162180643722443
2018-10-03,0.010285188035621786,0.008981124769561309,0.0066171539137981385,0.006997562777126554,0.006797397722110687,0.006266669747251522,0.004678685306123704,0.004405778059415967,-0.00663000416045495
2018-10-04,0.010285188035621786,0.009016237882329501,0.007445330510893052,0.008283005637621252,0.006797397722110687,0.006294336529414833,0.005264250902176077,0.005245012326766788,-0.0071947953649165175
2018-10-05,0.010285188035621786,0.009065215824208626,0.008301553989063643,0.009485133896868246,0.006875807640412694,0.00633410492062178,0.005869647158370381,0.006029852524582044,-0.005185065292547707
2018-10-08,0.010285188035621786,0.00902972545171551,0.008573840786293032,0.009837090764637348,0.006797397722110687,0.006307001128072461,0.006062168634195838,0.006259636572663044,-0.0011525575879689054
2018-10-09,0.010285188035621786,0.009035430955373888,0.008338551861011545,0.009455275819438839,0.006797397722110687,0.006312824361526216,0.00589580665263264,0.006010358914631673,0.002386547955649776
2018-10-10,0.010285188035621786,0.009034199757824758,0.008198109726305953,0.009130017559663764,0.006797397722110687,0.0063108277006827815,0.0057965064760661655,0.005798005736025907,-0.0168428367707967
2018-10-11,0.010359062371041023,0.009212362270348082,0.012461605402621605,0.014639607015917577,0.006875807640412694,0.006443839469296677,0.008811028252853794,0.009395082208910518,-0.006850787863123886
2018-10-12,0.010359062371041023,0.009256092107325547,0.012697007313378384,0.014735102220733398,0.006875807640412694,0.006479192239468509,0.008977470121252018,0.009457428697200381,0.004134017754911547
2018-10-15,0.010359062371041023,0.009250698968835798,0.012533576702702184,0.014177080949852747,0.006875807640412694,0.0064763113250081335,0.00886191585023119,0.009093110230136455,-0.001271848207383919
2018-10-16,0.010359062371041023,0.009256590706625236,0.012173346639138868,0.013486258625255976,0.006875807640412694,0.006482615791733461,0.008607213734008192,0.008642089196630972,0.013023466268654948
2018-10-17,0.010359062371041023,0.009321643464840998,0.013941802247325191,0.01538195695314379,0.006875807640412694,0.006520507946146377,0.009857607389096114,0.009879744362968618,-0.002672286926480594
2018-10-18,0.010359062371041023,0.009332019104424341,0.013602582009467432,0.014717176308146031,0.006875807640412694,0.006529479608117088,0.009617760354694293,0.009445725306424175,-0.007577047736941701
2018-10-19,0.010359062371041023,0.009382382724309468,0.013876987108211355,0.01497747380441651,0.006897750302353787,0.0065697529937045005,0.009811779584130912,0.009615667188159576,0.0006356734214291059
2018-10-22,0.010359062371041023,0.00938108606491175,0.013459113472081266,0.014182894111010503,0.006897750302353787,0.006568439007940402,0.00951632034793247,0.009096905501163393,-0.004284782452011937
2018-10-23,0.010359062371041023,0.009374575574080963,0.013275556735228072,0.013823339509423405,0.006897750302353787,0.006563332277804315,0.009386535818398666,0.008862161078125068,-0.0010013113004223252
2018-10-24,0.010359062371041023,0.009334937384159085,0.012883770723316583,0.013141740378181528,0.006879010936088083,0.006531853136727835,0.009109521941896138,0.00841716164243285,-0.011511108337928944
2018-10-25,0.011513781954552302,0.009432232660079629,0.0141088071507285,0.014895792566297361,0.006959549643477194,0.006606702322575603,0.009975688878174729,0.009562339501542026,0.00823998464520822
2018-10-26,0.011513781954552302,0.009452207489259287,0.014462438566681828,0.015066528644015484,0.006959549643477194,0.006618244759452387,0.010225725394048193,0.009673808919201693,-0.00798724516102588
2018-10-29,0.011513781954552302,0.009481896888338247,0.014742044032311118,0.01634570854161614,0.006988219784951157,0.006641082404849409,0.010423421563820489,0.010381402864793459,-0.002295664170041312
2018-10-30,0.011513781954552302,0.009480885683737368,0.014352681127841709,0.015441969932472842,0.006988219784951157,0.006640247099393033,0.010148120955186912,0.009797912065779478,0.006575050856655696
2018-10-31,0.011513781954552302,0.009468925836655468,0.014411012459343205,0.015206860100627374,0.006988219784951157,0.006625314556777761,0.010189364357885103,0.009646115492908038,0.001755365189424263
2018-11-01,0.011513781954552302,0.009468958870486996,0.014007754487138833,0.014273716554585824,0.006988219784951157,0.006625569132118081,0.009904239185687485,0.009043639657787235,0.007573150908623672
2018-11-02,0.011513781954552302,0.009468784812744832,0.014250169556422164,0.014460241593051133,0.006988219784951157,0.0066254624783110404,0.010075639736047038,0.00916406789071778,-0.006765475915665698
2018-11-05,0.011513781954552302,0.009511247698808702,0.01434384806711027,0.014667801710577666,0.006988219784951157,0.006660017795129232,0.010141875504047246,0.009298077235448331,0.004631657824864332
2018-11-06,0.011513781954552302,0.009434507553224478,0.014155107164358272,0.01411239233174594,0.006959549643477194,0.006597196957846886,0.010008425489150518,0.008939482107437157,0.002976243313192073
2018-11-07,0.011513781954552302,0.009390395485079143,0.013828281051307442,0.013370509849069538,0.006959549643477194,0.006560235683033739,0.009777341770574786,0.008460492277621565,0.011485080490624789
2018-11-08,0.011513781954552302,0.009413300986644198,0.014919118772083212,0.015162424588916227,0.006959549643477194,0.006566872679090651,0.010548622971230678,0.009617426099790806,-0.0018708437192137995
2018-11-09,0.011513781954552302,0.009418315063765672,0.014503855167708926,0.014315551039936574,0.006959549643477194,0.006571220440182406,0.0102550091684895,0.009070649721357262,-0.003460717589348284
2018-11-12,0.011513781954552302,0.009430454440935519,0.014199614803520862,0.013761064253360147,0.006959549643477194,0.006584808814834217,0.010039894794545706,0.008712650256834136,-0.007673653977737082
2018-11-13,0.011513781954552302,0.009481642716418551,0.01444479386851206,0.014368180428087915,0.006988219784951157,0.00662568250450154,0.010213249639194474,0.009104629417956872,-0.0005634226205717629
2018-11-14,0.011513781954552302,0.009470474350530103,0.014008426908659912,0.013491123592971917,0.006988219784951157,0.006616283182330445,0.009904714624030189,0.008538365469150232,-0.0018918961229098309
2018-11-15,0.011513781954552302,0.00946232024104839,0.013624393607642057,0.012791686430294784,0.006988219784951157,0.006609611717234034,0.009633182332966537,0.008086780082865334,0.0037922931575132273
2018-11-16,0.011513781954552302,0.009460152819923125,0.013384936331458293,0.012283997283650847,0.006988219784951157,0.006608604481251843,0.009463873102121954,0.007758995098546904,0.0047045438128269
2018-11-19,0.011513781954552302,0.009463827555560769,0.01325118598702482,0.011999313226934632,0.006988219784951157,0.006609998206022713,0.009369304382799135,0.007575191368088435,-0.006622993351492013
2018-11-20,0.011513781954552302,0.009487314503001214,0.013390352788115208,0.012550352307812207,0.006988219784951157,0.006628314166610886,0.009467702829600279,0.00793096485207622,-0.010054748299375162
2018-11-21,0.011513781954552302,0.009568674151471482,0.014190537171578066,0.01433473747256912,0.007199211594812065,0.006693046733780465,0.010033476418346747,0.00908303727102453,0.0029127584228894614
2018-11-23,0.011513781954552302,0.009568775463234012,0.013857993640118074,0.013566415654361695,0.007199211594812065,0.006692186266384265,0.009798350176074517,0.008586977119261513,-0.0032950964460494617
2018-11-26,0.011513781954552302,0.009583902969643359,0.013566391533427657,0.013059433510935652,0.007199211594812065,0.006706666936553738,0.009592171732958317,0.008259648605285658,0.007360797011838883
2018-11-27,0.011513781954552302,0.00953878910571061,0.013805708226307584,0.013348907503430887,0.006988219784951157,0.006665528465742267,0.00976138156381213,0.008473875678629136,0.0011300923064296753
2018-11-28,0.011513781954552302,0.00949676771580036,0.01340061265294195,0.012569010072918368,0.006988219784951157,0.00663124077039218,0.009474957108317838,0.007968394896725246,0.010443129499992633
2018-11-29,0.011513781954552302,0.00953286805675349,0.014290373227256355,0.014023482677100156,0.006988219784951157,0.006653096931686287,0.010104065903313897,0.008911093154798037,0.00013694197417025696
2018-11-30,0.011513781954552302,0.00953426608189488,0.013855250641726704,0.0131870741342925,0.006988219784951157,0.006655919337638259,0.009796410728022438,0.00836898540104936,0.003907949170659441
2018-12-03,0.011513781954552302,0.009536044372814516,0.013616495176603719,0.012674143915964498,0.006988219784951157,0.0066562162741785275,0.009627597715512885,0.008036536084410137,0.010038835696549554
2018-12-04,0.011513781954552302,0.009520565335876056,0.014387788933391328,0.013945083561997515,0.006988219784951157,0.0066462117378348505,0.010172944070395514,0.0088602797472239,-0.011403151275055036
2018-12-06,0.011513781954552302,0.009610827802152028,0.01538866738167391,0.015917768704213124,0.007199211594812065,0.006715431588766441,0.010880619205385347,0.010138850991498987,0.0018913635289051212
2018-12-07,0.011513781954552302,0.00960142950621374,0.014958743351824783,0.014975737038718857,0.007199211594812065,0.006706480471681846,0.01057663968980989,0.009528284929575508,-0.010245222842434799
2018-12-10,0.011513781954552302,0.009683707317876879,0.01563398860383559,0.01625832847505107,0.007297028017994613,0.006771068638033098,0.011054074562833633,0.010359580554789184,0.00023401563852489828
2018-12-11,0.011513781954552302,0.009682571495109187,0.01515830089696932,0.015256051729151877,0.007297028017994613,0.006772727421487803,0.01071773765524288,0.009709967396212325,0.00028577294266392
2018-12-12,0.011404230845683774,0.0095789734032539,0.01469742014916428,0.014326475193479429,0.007199211594812065,0.006692409630868184,0.010391870067648405,0.009107473971169972,0.0008174602037740346
2018-12-13,0.011404230845683774,0.00957919101303971,0.01425728924246748,0.013466612886893619,0.007199211594812065,0.006692660747203682,0.01008067373871924,0.008550164953268675,-0.000667465571848802
2018-12-14,0.011404230845683774,0.009582396976389657,0.013828186505471103,0.012700015341311877,0.007199211594812065,0.0066957618986569125,0.009777274921560695,0.008053304325722288,-0.008321616176164816
2018-12-17,0.011404230845683774,0.009635312434347251,0.014220823119656863,0.013697286039966085,0.007297028017994613,0.006741285721421026,0.010054890219824574,0.008699672877282067,-0.009968844954137081
2018-12-18,0.011404230845683774,0.009711925082893546,0.01491198356929332,0.015129402718357539,0.00756206939970848,0.006801227359334981,0.010543577997381775,0.009627881421186603,0.002707330761924709
2018-12-19,0.011404230845683774,0.009706271716530993,0.014539781736987039,0.014305705680730892,0.00756206939970848,0.006794927626176741,0.010280411193887526,0.009094012470807041,-0.004693931737099178
2018-12-20,0.011404230845683774,0.009722771759100976,0.014348357132703363,0.0140099072027556,0.00756206939970848,0.006808253761924867,0.01014506365702201,0.008902294380602959,-0.007968741943839786
2018-12-21,0.011404230845683774,0.009777430995097534,0.014633605996371587,0.014652028819702794,0.007578994280742201,0.006852761387728536,0.010346750014090132,0.009318477489192708,-0.01181459864335852
2018-12-24,0.011514143240983238,0.009880340011057571,0.01570410621372512,0.016638002086372623,0.0076188623811909795,0.006932855504658144,0.011103651501101092,0.010605661265419262,-0.012709273757821438
2018-12-26,0.011823545394503145,0.009988996968328938,0.016860349859085504,0.01855785961836161,0.00768086369404873,0.007016059566282827,0.011921178223966974,0.01184999295372361,0.022360922309980717
2018-12-27,0.011823545394503145,0.010204703982743856,0.020726202461718198,0.026221427223034804,0.00768086369404873,0.007157685985784129,0.01465454486515425,0.01709850490976257,0.004159987650527064
2018-12-28,0.011823545394503145,0.010204503145901595,0.020234136300508198,0.024574345451104807,0.00768086369404873,0.007155098991191664,0.0143066275055031,0.01601396967362515,0.0032692994120801177
2018-12-31,0.011823545394503145,0.010197020390810966,0.01970598129115351,0.022971363725141133,0.00768086369404873,0.0071514548203488295,0.013933193380528204,0.014958472494116646,0.005222857399586323
2019-01-02,0.011823545394503145,0.01019210123242717,0.01933607441668691,0.021737605970226736,0.00768086369404873,0.007148715400525375,0.013671649236210781,0.01414609403127046,-0.00031451111548328435
2019-01-03,0.011823545394503145,0.010182092930354315,0.01874787633832122,0.02023441653823516,0.00768086369404873,0.007145984484487104,0.013255761417642547,0.013156305950698131,-0.005428871444069384
2019-01-04,0.011823545394503145,0.010201179687947698,0.018438114486479702,0.019484131538895163,0.00768086369404873,0.007161262312707142,0.013036743053631622,0.012662274304669962,0.013349845258989535
2019-01-07,0.011823545394503145,0.010266092074431288,0.019427716325073473,0.021144656701715444,0.00768086369404873,0.00719983907315992,0.01373644501635718,0.013755661457793025,0.003981402392698241
2019-01-08,0.011823545394503145,0.010263966579300466,0.018972011271765055,0.019894174068010778,0.00768086369404873,0.007195649769520666,0.013414236924386622,0.012932270353876252,0.005412717093570175
2019-01-09,0.011823545394503145,0.010269465869015875,0.018650851982601767,0.018977849688034783,0.00768086369404873,0.0071977495164396435,0.013187159956447252,0.0123289086418155,0.0030215197105262883
2019-01-10,0.011823545394503145,0.010265808660898464,0.018164457677780094,0.017797651100079786,0.00768086369404873,0.007193016248178306,0.012843252905682402,0.011551796675615423,0.0006439689990028419
2019-01-11,0.011823545394503145,0.01026453983376269,0.017614917792764338,0.016577985958469696,0.00768086369404873,0.007191729793072391,0.012454698518305857,0.010748697615867647,0.0010981347315907053
2019-01-14,0.011823545394503145,0.010264080751182972,0.017089756618765148,0.015458779196831625,0.00768086369404873,0.007192855144179032,0.012083381196668045,0.010011746245142783,-0.0041118003885833865
2019-01-15,0.011823545394503145,0.010265289198646426,0.016733980299963033,0.0149278714923319,0.00768086369404873,0.007193820509167584,0.011831828118602979,0.009662165476003378,0.004798307165728599
2019-01-16,0.011823545394503145,0.01024308728815408,0.01645298324563495,0.01439062785721404,0.00768086369404873,0.0071724407353974656,0.011633148020440623,0.00930841275855746,0.002569103436145981
2019-01-17,0.011823545394503145,0.010243137744640224,0.016018795940474305,0.01354432985325845,0.00768086369404873,0.007172387449279986,0.011326154138898191,0.008751160519351929,0.0038204890366029367
2019-01-18,0.011823545394503145,0.0102433380408806,0.015682642601394552,0.012956402203927892,0.00768086369404873,0.007172457604614847,0.01108847556762039,0.008364034474449323,0.0042087141603283865
2019-01-22,0.011823545394503145,0.010243718808142512,0.015392865381309176,0.012504975870462245,0.00768086369404873,0.007170457662858274,0.010883587417922716,0.008066788901395514,-0.0048649679881063845
2019-01-23,0.011823545394503145,0.010264935957506672,0.015179235202486811,0.012526732378265121,0.00768086369404873,0.007187873774017037,0.01073253934021115,0.008081114662101293,0.001043106440842223
2019-01-24,0.011823545394503145,0.010260628779626073,0.014728813325955254,0.011722958530009655,0.00768086369404873,0.007183675003896058,0.010414066739643324,0.007551862820951126,0.002480649290525938
2019-01-25,0.011823545394503145,0.010257004456773324,0.014349906977851762,0.011100405185815596,0.00768086369404873,0.0071793758050384005,0.010146159481271688,0.007141937187834266,0.005794180414946349
2019-01-28,0.011823545394503145,0.010241514400017679,0.014299164264651323,0.010497434081951711,0.00768086369404873,0.0071624757007742994,0.010110281641684385,0.006680694527030434,-0.0025539737990185503
2019-01-29,0.011823545394503145,0.010250876614650822,0.01393973347149097,0.010128800151487176,0.00768086369404873,0.007173117750388215,0.009856144652816541,0.006439616768289681,0.0025630052779731074
2019-01-30,0.011823545394503145,0.010238055328816904,0.013593757460351685,0.00960034245370284,0.00768086369404873,0.007160910760321649,0.009611520921726758,0.006094018094801857,0.008584944942890228
2019-01-31,0.011823545394503145,0.01025894244545354,0.014058258785449633,0.011363353004520764,0.00768086369404873,0.007171782994358239,0.009939948453067546,0.007246984756584433,0.007230892457038318
2019-02-01,0.011823545394503145,0.010270493578977802,0.014239188085126652,0.012048794755309223,0.00768086369404873,0.007177957006171048,0.01006787524257156,0.007695247239691142,-0.002487080253412888
2019-02-04,0.011823545394503145,0.010281692983671925,0.013877959043231712,0.011470589751454437,0.00768086369404873,0.00718825133037692,0.0098124667946987,0.0073171150198861334,0.002156258095353836
2019-02-05,0.011823545394503145,0.010281472722724172,0.013511166566725458,0.010737574344872648,0.00768086369404873,0.007187750600167548,0.009553124697993333,0.0068377405056668575,0.00465927925125118
2019-02-06,0.011823545394503145,0.010276472375316746,0.013365915445667325,0.01060716953169021,0.00768086369404873,0.007185107285026687,0.009450424308272067,0.006752458882102222,-0.00221440901976947
2019-02-07,0.011823545394503145,0.010280603989495358,0.013020026968606532,0.010150969909413207,0.00768086369404873,0.007188628943555969,0.009205862468504768,0.006454115258827157,-0.0020920237944957783
2019-02-08,0.011823545394503145,0.010290058104594274,0.012679549129359386,0.009727263538083654,0.00768086369404873,0.007198069117061266,0.008965126241979244,0.006177021443193891,0.001827305195448148
2019-02-11,0.011823545394503145,0.01028936398064468,0.012337298791233586,0.009146857502380111,0.00768086369404873,0.007197086404042413,0.008723136762987976,0.005797449801292423,-0.0012694163130616664
2019-02-12,0.011823545394503145,0.010289844128830454,0.011983307321001255,0.00869920761096891,0.00768086369404873,0.0071975060982139676,0.008472845669287467,0.005504697497167949,0.005124629461197106
2019-02-13,0.011823545394503145,0.010293648607747565,0.011979618075849812,0.009071623006174624,0.00768086369404873,0.007197895518868392,0.008470237173655417,0.0057482482432525735,0.000296966178792746
2019-02-14,0.011823545394503145,0.010295449381283886,0.011615903341252707,0.008494139876119973,0.00768086369404873,0.007200550811057458,0.008213071206753582,0.005370588111618101,0.0017336498894227278
2019-02-15,0.011823545394503145,0.010295545259175696,0.011305281878320228,0.008043639477580779,0.00768086369404873,0.00720077483716748,0.007993445051261202,0.005075971644124766,0.0075490500082360905
2019-02-19,0.011823545394503145,0.010309221279519252,0.011774789488633962,0.009700741787372047,0.00768086369404873,0.007208087273293304,0.00832541229671209,0.006159676853640297,0.0033307357731044095
2019-02-20,0.011823545394503145,0.010307170132611648,0.011572779967427917,0.009372236481802588,0.00768086369404873,0.007204656319791878,0.008182580651736597,0.005944842254173741,-0.0005672188356896646
2019-02-21,0.011823545394503145,0.010311034222809526,0.011224881044899434,0.008811737096794947,0.00768086369404873,0.007209347545809129,0.007936597318410139,0.005578289084901083,-0.00534300021933618
2019-02-22,0.011823545394503145,0.010338265074523765,0.011300791552960092,0.009696473374403398,0.00768086369404873,0.007234207194336591,0.007990270148643572,0.006156885413822033,0.005546750054238126
2019-02-25,0.011823545394503145,0.010338504156067461,0.011403319631250774,0.010037862841261881,0.00768086369404873,0.007230519089161557,0.008062763039033118,0.006380145946091083,-0.0009383117613487868
2019-02-26,0.011823545394503145,0.01033921517634731,0.011068850166631457,0.009464742522794448,0.00768086369404873,0.007231155365163762,0.00782627505796948,0.006050710003353429,0.0015406199810241048
2019-02-27,0.011823545394503145,0.010338883159822823,0.010767496853014112,0.008931432705118696,0.00768086369404873,0.007230702583505108,0.007613201984750926,0.00570027640880007,-0.005180551111954345
2019-02-28,0.011823545394503145,0.01033200271018561,0.01084884096097557,0.009639060280819034,0.00768086369404873,0.007225334704964346,0.007670716663662265,0.00616525280101889,-0.0022051699995385586
2019-03-01,0.011823545394503145,0.010341477875917339,0.010593135446720974,0.00932037897867364,0.00768086369404873,0.007234016141553998,0.007489919050697103,0.005955849878877949,-0.001742070417688879
2019-03-04,0.011823545394503145,0.010329333135057099,0.010318289177139292,0.008952691778005919,0.00768086369404873,0.007224071570822876,0.007295587889644113,0.005714245574717941,0.0007162174786647601
2019-03-05,0.011823545394503145,0.010312317089821875,0.01001227414728183,0.008428138246336042,0.00768086369404873,0.00720943401910122,0.0070792187311964575,0.005369565665317706,0.0005813380126842071
2019-03-06,0.011823545394503145,0.010285419092502222,0.009712910677505317,0.007953587983738089,0.00768086369404873,0.007187031223692158,0.00686755258507388,0.005057742502108009,-0.002122220786836282
2019-03-07,0.011823545394503145,0.010278158027939622,0.009494348216115386,0.007831319418690509,0.00768086369404873,0.007181078150916605,0.0067130171171224705,0.004977400810786371,-0.0029731857003420514
2019-03-08,0.011823545394503145,0.010291604003189046,0.009359727763815833,0.007951946983219854,0.00768086369404873,0.007194204993018044,0.006617833184531107,0.005056664213857521,0.0016814957221552129
2019-03-11,0.011823545394503145,0.01028671902313908,0.009125039071178944,0.007589307813589487,0.00768086369404873,0.0071892378471364775,0.006451895599874965,0.004818376930317059,0.006757013536275958
2019-03-12,0.011823545394503145,0.010290255793259708,0.00964862088178822,0.008877215044648501,0.00768086369404873,0.007186948048240038,0.006822096226271637,0.005664650419896195,0.00461351336947965
2019-03-13,0.011823545394503145,0.010239713227232591,0.0097170726902746,0.009032011371929964,0.00768086369404873,0.007155799055798594,0.006870495352952823,0.005766365842329844,0.004132717589906754
2019-03-14,0.011823545394503145,0.010233986250694124,0.009710927424095156,0.009020026638204406,0.00768086369404873,0.007148389972251612,0.006866150317768432,0.0057584907701297575,-0.0034418403962895973
2019-03-15,0.011823545394503145,0.01025057445386992,0.00961720484270904,0.009094219184189935,0.00768086369404873,0.007163379799277178,0.00679988338940383,0.005807242095751484,0.005189234270212618
2019-03-18,0.011823545394503145,0.010254273588453936,0.009781877646919637,0.009403124345902703,0.00768086369404873,0.007163541715049618,0.006916315958362481,0.006010221194592876,0.0011860017536990397
2019-03-19,0.011823545394503145,0.010242508367605948,0.009507931677059569,0.008851866913273972,0.00768086369404873,0.00715297294825857,0.006722621357851001,0.00564799436651338,-0.0003961384057565965
2019-03-20,0.011823545394503145,0.010246092643216628,0.009221045211243444,0.008367553152723155,0.00768086369404873,0.007157113464205866,0.006519777127593519,0.005329755687275967,0.0029337915002119793
2019-03-21,0.011823545394503145,0.010243693595022191,0.009095101311631297,0.00815392706198968,0.00768086369404873,0.007153686254362329,0.006430727986499406,0.0051893837001402866,0.00649583550151186
2019-03-22,0.011823545394503145,0.010252242536765542,0.009563430049231138,0.009177298833601782,0.00768086369404873,0.007156572393631304,0.006761861705253449,0.005861833065601821,-0.005450634345827044
2019-03-25,0.011823545394503145,0.010281733640481152,0.009778481253721544,0.00994472615336851,0.00768086369404873,0.007181128552156193,0.0069139145248826575,0.006366103388987864,0.001213730628625198
2019-03-26,0.011823545394503145,0.010281925347873616,0.009505783673290543,0.009197158702703124,0.00768086369404873,0.007181380591971834,0.006721102603141264,0.0059820963588306155,0.0035654715590155432
2019-03-27,0.011823545394503145,0.01028254144515154,0.009437493243358734,0.00900909714595741,0.00768086369404873,0.00718146894137034,0.006672817579816571,0.005856360989178817,-9.489805917906085e-05
2019-03-28,0.011823545394503145,0.01027592315846086,0.009150148974210438,0.008510630496061522,0.00768086369404873,0.007175650865968323,0.0064696496578706035,0.005523093044531854,0.0018706089185041024
2019-03-29,0.011823545394503145,0.010274596829279812,0.008935208083874824,0.008117903071213012,0.00768086369404873,0.007173971420044391,0.006317674836308509,0.005260520891082682,0.00265424792813177
2019-04-01,0.011823545394503145,0.010274390673880508,0.00879404827594416,0.00787728914531284,0.00768086369404873,0.007174032550028197,0.006217867225999902,0.005099649730384297,0.0013111541179321009
2019-04-02,0.011823545394503145,0.010268786644284463,0.008558819509428047,0.007497549678242648,0.00768086369404873,0.007168611654883132,0.006051547779933876,0.004845761146828608,0.0018536929550491132
2019-04-03,0.011823545394503145,0.01026448770507917,0.008365044036172142,0.007207249538410478,0.00768086369404873,0.00716410053418191,0.005914538051700248,0.0046516704670352856,-0.001456528872049156
2019-04-04,0.011823545394503145,0.010270578284444682,0.00815256992535385,0.0070398165188632214,0.00768086369404873,0.007169763259009903,0.005764307376523668,0.0045397270535647875,0.0017941391130000704
2019-04-05,0.011823545394503145,0.010264142592421812,0.007970054255741085,0.006791887889077736,0.00768086369404873,0.007163396164558101,0.005635258937772086,0.004373965382478057,0.003173816547941455
2019-04-08,0.011823545394503145,0.010264548382813883,0.00793607811859265,0.0068290806430063924,0.00768086369404873,0.007163077148402746,0.0056112359732610525,0.004398831946088988,-0.000822185114486973
2019-04-09,0.011823545394503145,0.010265682545043541,0.007708563965448028,0.006608970332810684,0.00768086369404873,0.007167276764229924,0.005450371175627542,0.00425166922077958,-0.0017411368997052646
2019-04-10,0.011823545394503145,0.010271951649417698,0.007539298980676124,0.006573150060451092,0.00768086369404873,0.007172914677529589,0.005330691686921347,0.00422772027946431,0.003699366471509391
2019-04-11,0.011823545394503145,0.010263395722505307,0.007607520969091273,0.006787181303423128,0.00768086369404873,0.007163486797974627,0.005378928318396236,0.004370818624058525,-0.0034326067930326993
2019-04-12,0.011823545394503145,0.010278180686946164,0.007630723787176763,0.0072031120954312786,0.00768086369404873,0.007178385725006621,0.005395333964305556,0.004648904229578758,0.0016477380955336467
2019-04-15,0.011823545394503145,0.010278064835950113,0.00745760549014026,0.0069211017168557465,0.00768086369404873,0.007179109311980408,0.005272929975654651,0.0044603559701182505,-0.00015842207837795112
2019-04-16,0.011823545394503145,0.01026222527673337,0.007230980319903894,0.006628110623252631,0.00768086369404873,0.007165773670280177,0.00511269373696422,0.00426446615565349,-0.00469783241338041
2019-04-17,0.011823545394503145,0.010286616064474244,0.007504409508097007,0.007575536693357685,0.00768086369404873,0.007187583840713138,0.005306022944918243,0.00489790219225656,-0.001672265213274926
2019-04-18,0.011823545394503145,0.010288089363285196,0.007337931907074179,0.007403125760800739,0.00768086369404873,0.007188851768261288,0.0051883142871099255,0.00478263061462961,0.00313917940195404
2019-04-22,0.011823545394503145,0.010287459369038849,0.0073358301306707735,0.007347766260308662,0.00768086369404873,0.007188716196264097,0.0051868282176450965,0.004745618014188777,-0.0023600783078913225
2019-04-23,0.011823545394503145,0.010292336561071029,0.0072383827432341095,0.007354337315589316,0.00768086369404873,0.007192860342822944,0.005117927650171615,0.004750011331350522,0.005546686750806241
2019-04-24,0.011823545394503145,0.01029694725172414,0.007696790752949943,0.008170052131294412,0.00768086369404873,0.0071933787053777825,0.005442046878348345,0.0052973199727939365,0.0018970396796602284
2019-04-25,0.011823545394503145,0.010293666470930763,0.007540206829114355,0.007802245437990349,0.00768086369404873,0.0071897698182656735,0.0053313335848133225,0.005051466542753307,-0.0008846811636986418
2019-04-26,0.011823545394503145,0.010293147958695481,0.007327863026096759,0.007473175367372622,0.00768086369404873,0.007189311009139027,0.005181195044291661,0.004831505875756419,0.004745203122017627
2019-04-29,0.011823545394503145,0.0102894458256166,0.0076017948000961675,0.007902032012029252,0.00768086369404873,0.007183094463562912,0.005374879607562729,0.005118166991511008,-0.0023050323680872233
2019-04-30,0.011823545394503145,0.010300097082086573,0.007486341390123558,0.007820822499568492,0.00768086369404873,0.0071931579248182215,0.005293247809388236,0.005063884028329857,0.003060561528753647
2019-05-01,0.011823545394503145,0.010285012639702851,0.0074648639535935535,0.007696867419330051,0.00768086369404873,0.007178811944394842,0.0052780621014516865,0.00498102859855553,-0.002917491820364415
2019-05-02,0.011823545394503145,0.010291293584601695,0.007425942803948033,0.0078104472746764395,0.00768086369404873,0.007184050946186867,0.005250542745952908,0.005056948905414502,-0.0027215005657292065
2019-05-03,0.011823545394503145,0.01030230404079667,0.00736484636060918,0.007850316511818929,0.00768086369404873,0.007195825842456323,0.005207344259801657,0.005083598743177192,0.00728134077807454
2019-05-06,0.011823545394503145,0.010298872280505073,0.008258459208907406,0.009291067047849221,0.00768086369404873,0.007187157568683845,0.005839176820621823,0.006046641198805103,-0.0021426391119151456
2019-05-07,0.011823545394503145,0.010300463216673782,0.008099428889192208,0.008991507889991037,0.00768086369404873,0.007188497730692487,0.005726733793034366,0.005846406543481324,-0.007609781146226802
2019-05-08,0.011823545394503145,0.010349789114318993,0.008970422070849611,0.010778429850579849,0.00768086369404873,0.00722859521430607,0.006342573027521113,0.007040840742813601,-0.0020816630603232686
2019-05-09,0.011823545394503145,0.01035341445815695,0.008777667821244515,0.010293701338882523,0.00768086369404873,0.007231694584069744,0.006206285359579802,0.006716833133901603,5.543894124476753e-05
2019-05-10,0.011823545394503145,0.010355873061663311,0.008510323333283562,0.009638918893910364,0.00768086369404873,0.007234590662888681,0.00601725836341339,0.0062791561884912705,0.003601491436621496
2019-05-13,0.011823545394503145,0.010356762401959185,0.008502461041464654,0.00939537185190078,0.00768086369404873,0.007234550756248661,0.006011699298340281,0.006116361772988867,-0.009104480804593917
2019-05-14,0.011823545394503145,0.010421717119210076,0.009740141628024591,0.011860991904203366,0.00781920920326229,0.007286485395325617,0.006886806338232115,0.007764458879624249,0.003935270507787148
2019-05-15,0.011823545394503145,0.010415441465692886,0.009706017111370558,0.011415878547126992,0.00781920920326229,0.007278783073198483,0.006862678461394479,0.007466931271817341,0.005162868032390078
2019-05-16,0.011823545394503145,0.010419588713898557,0.009859496530488425,0.011329039039695534,0.00781920920326229,0.007279777972621573,0.006971196702374459,0.007408885044943996,0.003189502393584143
2019-05-17,0.011823545394503145,0.010414725631291763,0.009730384342992556,0.010803670271032963,0.00781920920326229,0.0072776957903607385,0.006879907410581081,0.007057712224646411,-0.0034782140684266436
2019-05-20,0.011823545394503145,0.010431407359743025,0.009639913583186997,0.010614537574663215,0.00781920920326229,0.00729277976887508,0.0068159396957522805,0.0069312900496782785,-0.005118931683285522
2019-05-21,0.011823545394503145,0.010451134438224706,0.009790856955608161,0.010953516876401248,0.00781920920326229,0.007308750255146884,0.006922664814708793,0.007157874354864313,0.00441809934828632
2019-05-22,0.011823545394503145,0.010452150798318391,0.009820769247009415,0.010811147581933038,0.00781920920326229,0.007309158674464594,0.006943814420728945,0.007088522146466555,0.00028965536302684165
2019-05-23,0.011823545394503145,0.010454041446927888,0.00952301956513049,0.01006744714076282,0.00781920920326229,0.007311446235447325,0.0067332893098342025,0.006589818367824102,-0.00142342837890922
2019-05-24,0.011823545394503145,0.010458956567193329,0.009268470510168346,0.009537208523432471,0.00781920920326229,0.00731593602672968,0.00655330937606605,0.006234255849091814,0.002657166686009238
2019-05-28,0.011823545394503145,0.010456629036520495,0.009112789090007224,0.009110229937080628,0.00781920920326229,0.007312772970098552,0.006443234201386271,0.005947936489003738,-0.0039081148189424875
2019-05-29,0.011823545394503145,0.010475259439037302,0.009111521205683341,0.009319652161763252,0.00781920920326229,0.007328957124404686,0.006442337738672348,0.006088368911790253,-0.003711520252863099
2019-05-30,0.011823545394503145,0.01049061217346119,0.009083594252241124,0.009427773117660344,0.00781920920326229,0.007344605427491372,0.0064225918738463166,0.0061608716646075964,0.005145485574113229
2019-05-31,0.011823545394503145,0.0104795095783654,0.009282139277181741,0.009669653846200901,0.00781920920326229,0.007338279874838555,0.00656297393279414,0.006323069811369696,-0.0006146071294444668
2019-06-03,0.011823545394503145,0.010469567783688495,0.009006180153210943,0.00908956675630741,0.00781920920326229,0.007329829009026187,0.006367855923566536,0.005934080363929828,0.003258113300327481
2019-06-04,0.011823545394503145,0.010468947919036334,0.008927011695513052,0.008839566269166613,0.00781920920326229,0.007327900910342912,0.0063118795469301655,0.005766437344378313,0.00599131914336224
2019-06-05,0.011823545394503145,0.010472300762954315,0.009304081710214632,0.009521308735868558,0.00781920920326229,0.007326473857039653,0.006578488418379479,0.006223593916277497,0.00408127163910651
2019-06-06,0.011823545394503145,0.010466223219565031,0.009315613978175664,0.009415687003774011,0.00781920920326229,0.007318807608687698,0.006586642354854049,0.006152767069893718,0.0044909904082142795
2019-06-07,0.011823545394503145,0.01046096689190303,0.009387383672589462,0.009445609415629328,0.00781920920326229,0.007311490542822072,0.006637387406133366,0.006172832164698371,0.00880100122671228
2019-06-10,0.011823545394503145,0.01048014194959273,0.010391686218535874,0.011320804111933192,0.00781920920326229,0.007320003925112168,0.007347483563157023,0.007430282919017588,-0.0020348130778521825
2019-06-11,0.011823545394503145,0.010489221079581746,0.010141616204800015,0.010742207001679398,0.00781920920326229,0.007329432424625706,0.007170670553514247,0.0070422926083743165,0.0007399693259795615
2019-06-12,0.011823545394503145,0.010489487595558712,0.009841698783912348,0.010006278142518915,0.00781920920326229,0.0073313216373008605,0.0069586127340291,0.0065488002254763455,-0.00036163829026812926
2019-06-13,0.011823545394503145,0.010482936082960772,0.009544106015801778,0.009370828221833015,0.00781920920326229,0.007325617008433072,0.006748198569645787,0.0061226860818764575,0.0038127290141186433
2019-06-14,0.011823545394503145,0.010483612131183852,0.009504993054962312,0.009215678754117301,0.00781920920326229,0.007324617667575881,0.006720543593270368,0.0060186473836037445,-0.0003941123300065464
2019-06-17,0.011823545394503145,0.010487185297408965,0.00921816876573051,0.008667356606783905,0.00781920920326229,0.007328874087932587,0.006517743325217068,0.00565095857820485,0.0017558184606487283
2019-06-18,0.011823545394503145,0.010480996817290915,0.00899317610927888,0.008215828890695345,0.00781920920326229,0.0073227302749948,0.006358661361968344,0.005348177289248182,0.007430601154070992
2019-06-19,0.011823545394503145,0.010492571358509327,0.009692949490543945,0.009725983447863308,0.00781920920326229,0.00732684067996139,0.006853438947497124,0.006360842795817928,0.00309872881259099
2019-06-20,0.011823545394503145,0.01049187939980887,0.009562113432938982,0.009152334759584614,0.00781920920326229,0.007325059863563838,0.006760930786405231,0.006070039558165522,0.008512736660033271
2019-06-21,0.011823545394503145,0.010510609922920402,0.01046321631188561,0.010863158601076294,0.00781920920326229,0.007334111931724786,0.007398059203539698,0.007235013285850844,-0.005049967965210411
2019-06-24,0.011823545394503145,0.010537356674873299,0.010544717495334267,0.011128359996152783,0.00781920920326229,0.007356788262935286,0.007455684943306427,0.007415600351752513,0.0031030027889429436
2019-06-25,0.011823545394503145,0.010494518118239624,0.010375266241344513,0.010576660882006355,0.00781920920326229,0.007320604069403455,0.007335873752200092,0.007039924634603594,-0.00487465574253233
2019-06-26,0.011823545394503145,0.010519444482844692,0.010435675059767495,0.010830736339531459,0.00781920920326229,0.007343295906000216,0.007378586050387165,0.007212935569854706,-0.005110313679320644
2019-06-27,0.011823545394503145,0.010486865234736622,0.010528490482027374,0.011122854197221043,0.00768086369404873,0.007318189214511421,0.007444211568240613,0.007411851215839256,0.00496734638807318
2019-06-28,0.011823545394503145,0.010487291026270546,0.010592937376160325,0.010998032393735093,0.00768086369404873,0.007315497916292735,0.007489779004110042,0.007326854667289496,0.003036651142912828
2019-07-01,0.011823545394503145,0.010482682342395484,0.01041498770351909,0.010449805465477595,0.00768086369404873,0.00731000797315439,0.007363958971893475,0.006953543311239682,0.0014187063342925414
2019-07-02,0.011823545394503145,0.010480251340435292,0.010130015346010652,0.009768142504266835,0.00768086369404873,0.007307431851763689,0.007162468119618457,0.0064893696063336795,0.007519299523542556
2019-07-03,0.011823545394503145,0.010434400639031166,0.010715383576559469,0.010838893893283937,0.0076188623811909795,0.007265624206439548,0.0075763550828987745,0.007218490399974171,0.007373681091321327
2019-07-05,0.011823545394503145,0.010444785955650253,0.011206486573866957,0.011609237972809716,0.0076188623811909795,0.00726885426182415,0.007923591433636308,0.00774305090244121,-0.006669795673174561
2019-07-08,0.011823545394503145,0.010483756230082745,0.011510668512069153,0.012349256249709735,0.0076188623811909795,0.007300530858042163,0.008138664497251653,0.008246961258193448,-0.0026504562889626106
2019-07-09,0.011823545394503145,0.010494564918282441,0.011261742639151062,0.011759937645095433,0.0076188623811909795,0.0073099988767775965,0.007962660456978786,0.00784566880776019,0.00064379604718523
2019-07-10,0.011823545394503145,0.010483117508464665,0.010924825929745812,0.010924653725583645,0.0076188623811909795,0.007305899546832771,0.007724442141640084,0.007276887967915911,0.0027651969338781672
2019-07-11,0.011823545394503145,0.010477701709480352,0.010708574834019997,0.01034100603708298,0.0076188623811909795,0.007299894280588845,0.0075715409340838015,0.006879457088805236,-0.005242257641057757
2019-07-12,0.011823545394503145,0.010503836672445538,0.010803550473565012,0.01077019286790844,0.0076188623811909795,0.007324203784881389,0.007638693842262705,0.007171708909275681,0.002749891018864803
2019-07-15,0.011823545394503145,0.010503780982314848,0.010590993963484766,0.010201237313445834,0.0076188623811909795,0.007323627796411423,0.007488404906356336,0.006784282537784592,0.0018737947787572764
2019-07-16,0.011823545394503145,0.010503339612302607,0.010323715819918373,0.00958202522852713,0.0076188623811909795,0.007324213786449114,0.007299424819261108,0.006362634327547717,-0.0036746703321874352
2019-07-17,0.011823545394503145,0.010520819777686288,0.010225900257152847,0.00961007412884979,0.0076188623811909795,0.0073407486542328565,0.007230263931939598,0.00638173403329993,0.0016904981013701526
2019-07-18,0.011823545394503145,0.010520290361860033,0.009961066979445897,0.009034949764551797,0.0076188623811909795,0.007340040907500031,0.007043012497089885,0.005990107053180982,0.003203853127877477
2019-07-19,0.011823545394503145,0.010520139810561343,0.0098286603487545,0.00870050282624939,0.0076188623811909795,0.007338828618209343,0.006949393855976307,0.005848510892466351,-0.006319680848173703
2019-07-22,0.011823545394503145,0.010549460370974395,0.010186998755077555,0.009957307117125815,0.0076188623811909795,0.00736227440507698,0.007202758468334424,0.006715401638184776,0.001552808863067956
2019-07-23,0.011823545394503145,0.010535587084502395,0.009916219118102513,0.009320073582422378,0.0076188623811909795,0.007349801876994693,0.007011302636232512,0.006275864744409031,0.002416227737150123
2019-07-24,0.011823545394503145,0.010535552167887752,0.00971222151179171,0.008852654200838639,0.0076188623811909795,0.00734989584088569,0.0068670653076824606,0.005953458512025939,0.003846342098852107
2019-07-25,0.011823545394503145,0.010527095692335944,0.009668067992969787,0.008749224262353219,0.0076188623811909795,0.00734047314447113,0.006835846384499335,0.005882116890140871,-0.005654549417540733
2019-07-26,0.011823545394503145,0.010558913452770553,0.009911892762172246,0.009682938722180175,0.0076188623811909795,0.0073673918766993295,0.007008243668860181,0.006526153857744648,0.0042079770931911405
2019-07-29,0.011823545394503145,0.010558979892199082,0.009904575157349771,0.009555394421069115,0.0076188623811909795,0.007365281877527387,0.007003069726920046,0.00643817916263504,0.0005141440534346176
2019-07-30,0.011823545394503145,0.010559430608380244,0.009607310167210678,0.008915619617002749,0.0076188623811909795,0.007367595255994448,0.00679288731927064,0.005996889408124258,-0.00027310561468333336
2019-07-31,0.011823545394503145,0.010558197431740642,0.00931593277365661,0.008365651572485165,0.0076188623811909795,0.0073664675127014705,0.006586867760481875,0.005617544579582429,-0.004330320819071821
2019-08-01,0.011823545394503145,0.010580336118464,0.009363136946011964,0.00882854684510092,0.0076188623811909795,0.007386029972056734,0.006620243660523462,0.005936830271858013,0.004597881114769997
2019-08-02,0.011823545394503145,0.010572922536580983,0.00944843088581378,0.00895224293863078,0.0076188623811909795,0.007376846105937052,0.006680551083934005,0.0060221506352121056,-0.0010235523637036616
2019-08-05,0.011823545394503145,0.010577528950660537,0.009179142921291843,0.008469778648890293,0.0076188623811909795,0.007381230128194774,0.006490149944843442,0.005689367057886807,-0.009911328861304336
2019-08-06,0.011823545394503145,0.010638979092991897,0.010540366689248296,0.011823830498483002,0.00768086369404873,0.0074288563470960405,0.007452608688353104,0.0080028509711571,0.010604220769916071
2019-08-07,0.011823545394503145,0.010672595496174157,0.011872121078887889,0.01390664187091114,0.00768086369404873,0.0074477778377957,0.00839423098932148,0.009439486664512301,0.0032175646760209233
2019-08-08,0.011823545394503145,0.010649801396916233,0.011655560640039862,0.013057947792214537,0.00768086369404873,0.00742715074216641,0.008241111059465655,0.008854093180332631,0.01172233304593584
2019-08-09,0.011823545394503145,0.010690603830644598,0.013127104671537037,0.015381269760627276,0.00768086369404873,0.007449371768196684,0.009281572189306303,0.010456622968273462,-0.00446977303871694
2019-08-12,0.011823545394503145,0.010712344182416466,0.012979562276208991,0.014804664212186685,0.00768086369404873,0.007469770712730037,0.009177251744891039,0.010058904709749315,0.001296445245422195
2019-08-13,0.011823545394503145,0.010701371124208143,0.012605818646416245,0.01368579808332572,0.00768086369404873,0.00745981223889623,0.008912994807278873,0.009287157907284953,0.0056852514676466355
2019-08-14,0.011823545394503145,0.01070604478121371,0.012643879404155864,0.013394302857676798,0.00768086369404873,0.007461838863497692,0.008939905819217853,0.009086096759283986,-0.00864973343994935
2019-08-15,0.011823545394503145,0.01073732011081275,0.01321249469545001,0.014610086399463738,0.00781920920326229,0.0074859557036501614,0.00934194754937434,0.00992469311738275,0.00639664212389277
2019-08-16,0.011823545394503145,0.010737206161964418,0.01331848843037147,0.014551664011465858,0.00781920920326229,0.007481195563261632,0.009416890846232545,0.009850640466059893,0.0050921526182909245
2019-08-19,0.011823545394503145,0.010740660424411038,0.013234766235938191,0.01399280670679834,0.00781920920326229,0.007482098212007997,0.009357694731710466,0.009465752554854975,0.0006933762667350354
2019-08-20,0.011823545394503145,0.010742077475436106,0.012837663645696934,0.012930583935253794,0.00781920920326229,0.0074843175963649295,0.009076921747102796,0.008734194247645748,-0.0002254859089251831
2019-08-21,0.011823545394503145,0.010745429221916326,0.012447239899464387,0.011984440312589727,0.00781920920326229,0.007488005386611136,0.008800871066031134,0.008082580249607953,0.002059889173767993
2019-08-22,0.011823545394503145,0.010731716577045488,0.012124997356650903,0.011183693830379657,0.00781920920326229,0.0074754121531012165,0.008573028179238735,0.007531102012912311,-0.002101548684017707
2019-08-23,0.011823545394503145,0.010741119156475822,0.01181646001903078,0.010628803604047768,0.00781920920326229,0.007485367816557247,0.00835487561293622,0.007148946249039877,-0.006031429623206831
2019-08-26,0.011823545394503145,0.010774399806298464,0.01196091484823027,0.011371018355090808,0.00781920920326229,0.007512815457261466,0.00845701298129408,0.007660113380270967,0.004819589132435765
2019-08-27,0.011823545394503145,0.010775765043161896,0.01191730954023846,0.01116720200401246,0.00781920920326229,0.007511364411297796,0.008426181672784715,0.007519744006942969,0.0036457261641071985
2019-08-28,0.011823545394503145,0.010776462599655905,0.011739540181772357,0.010701698659239199,0.00781920920326229,0.007511000686766034,0.008300489132431364,0.0071991494499204466,0.0032501642087089614
2019-08-29,0.011823545394503145,0.01077119041601061,0.011531605705555248,0.010212889945154562,0.00781920920326229,0.007508776449154737,0.008153468224169748,0.006862504364723381,0.0048978505509936765
2019-08-30,0.011823545394503145,0.010768254938182502,0.011523401884578887,0.01020612594476826,0.00781920920326229,0.007503211037163271,0.008147667679531343,0.0068578459627335895,0.0001201845069316865
2019-09-03,0.011823545394503145,0.010770781921320239,0.011172562544045531,0.009509984496777167,0.00781920920326229,0.007506128732620974,0.007899605311820546,0.006378409753199095,0.000247860032200875
2019-09-04,0.011823545394503145,0.010769966810229884,0.010833122044235845,0.008880393473636299,0.00781920920326229,0.0075053443467431044,0.0076596025403191485,0.005944807164870717,0.00786100484426786
2019-09-05,0.011823545394503145,0.010779644617591937,0.011418447844501908,0.010384277446156545,0.00781920920326229,0.007510818621297599,0.00807345950309728,0.006980539821567824,-0.0028837028595955494
2019-09-06,0.011823545394503145,0.010787155253649988,0.011191886759406893,0.010097216845177136,0.00781920920326229,0.007517146493056969,0.007913268576063962,0.0067828397035279864,0.002142893833745363
2019-09-09,0.011823545394503145,0.010786192943846166,0.010919428221340616,0.009502215107331844,0.00781920920326229,0.007515795061544921,0.007720625670188593,0.006373058934573351,-0.0056887483346436
2019-09-10,0.011823545394503145,0.010813119183880733,0.011071956256255337,0.010340496009568014,0.00781920920326229,0.007537694471473183,0.007828471231138803,0.006950387320137901,-0.007070421706481
2019-09-11,0.011823545394503145,0.010844853070632756,0.011465846625491872,0.011618780102010475,0.00781920920326229,0.007562784309793102,0.008106973001957191,0.007830748174612835,0.0035815348213673053
2019-09-12,0.011823545394503145,0.010845491629357554,0.011302341787600452,0.011085264746980713,0.00781920920326229,0.0075626317451127105,0.007991366248285107,0.007463313394968465,0.0007406968825363629
2019-09-13,0.011823545394503145,0.010844944444386623,0.010966152577682672,0.010297191341808004,0.00781920920326229,0.007562064884668829,0.007753662314386913,0.0069205631718618245,-0.008005784098362324
2019-09-16,0.011823545394503145,0.010887119933848976,0.011569479180452532,0.01202777560850324,0.007845376627876736,0.007595278303051316,0.008180246817021316,0.008153251332810398,0.0034006065438363592
2019-09-17,0.011823545394503145,0.010883944533413913,0.011383176488759314,0.011426519960485392,0.007845376627876736,0.007590854422358988,0.008048520749066515,0.0077381307177156545,0.0042567612486142485
2019-09-18,0.011823545394503145,0.010880059865489183,0.01129981953320756,0.01108667234999132,0.007845376627876736,0.007585065469310937,0.007989582878165558,0.00750349217490634,0.0004192391065103827
2019-09-19,0.011823545394503145,0.010870749368192493,0.010958185905149522,0.010308729117196476,0.007845376627876736,0.007576834203865908,0.007748029446509709,0.0069663824207256975,0.0019712495058252346
2019-09-20,0.011823545394503145,0.01086984425664264,0.010683571892737581,0.009692998496437339,0.007845376627876736,0.00757562366606239,0.007553862503823325,0.006541267954250672,0.0030271174393719405
2019-09-23,0.011823545394503145,0.010869951850759198,0.01050075616685265,0.00931211153852412,0.007845376627876736,0.007575167504141866,0.007424601909076903,0.006278294909803184,0.0003034683174611086
2019-09-24,0.011823545394503145,0.010864758484175792,0.01018232935693893,0.008722175078472956,0.007845376627876736,0.007570456316543091,0.007199456951588067,0.0058709893202913074,0.0004019121045852889
2019-09-25,0.011823545394503145,0.01084184230460296,0.009874790800220483,0.008196220258510637,0.007845376627876736,0.00755124447752576,0.006982010577341772,0.005507858114630978,-0.003974163897265114
2019-09-26,0.011823545394503145,0.010860359463974846,0.009838156558204187,0.008598030692264776,0.007845376627876736,0.007567090016766479,0.0069561081890861165,0.005785277204100476,0.0022780385024956046
2019-09-27,0.011823545394503145,0.01086036998576658,0.009626372805353847,0.00822562526822153,0.007845376627876736,0.007567144238685056,0.006806365634289189,0.005528160004115584,-0.002825193514108382
2019-09-30,0.011823545394503145,0.010871540817298552,0.009470945212775925,0.008243641647734862,0.007845376627876736,0.007576866404421085,0.006696469929423666,0.005540598923517023,0.0015794930354047889
2019-10-01,0.011823545394503145,0.010871361701302292,0.009226427809016124,0.007825835579275426,0.007845376627876736,0.007576627103804793,0.006523582915011475,0.00525213608295831,-0.00523249241846604
2019-10-02,0.011823545394503145,0.010898885677297765,0.009429192959521656,0.008836952101986267,0.007845376627876736,0.007599796734815974,0.006666948830724273,0.005950233995591513,-0.007632061865020236
2019-10-03,0.011823545394503145,0.010946622677538632,0.01012369202814855,0.010779532288968819,0.007845376627876736,0.007638608168534883,0.007157997192275256,0.007291435670369166,0.008098335880222197
2019-10-04,0.011823545394503145,0.010955534444417792,0.010845990158074295,0.011938168813759944,0.007845376627876736,0.007639446263647587,0.007668700991997588,0.008091384757630384,0.009016246094994252
2019-10-07,0.011823545394503145,0.010975510021259,0.011703598631191638,0.013244466781339927,0.007845376627876736,0.007649092120770317,0.008275076514443038,0.008993282673411325,-0.005403888653805277
2019-10-08,0.011823545394503145,0.011004910385848348,0.011757468274299139,0.013241377101780617,0.007845376627876736,0.007674833008783322,0.00831316526240576,0.00899114948816253,-0.00598946768627846
2019-10-09,0.011823545394503145,0.011038823562946136,0.011899263202608142,0.01343650164273904,0.007845376627876736,0.007703555198097996,0.008413421937133974,0.009125867922375618,0.0031142954864064156
2019-10-10,0.011823545394503145,0.011038428370399589,0.011672457393090706,0.012624978393469141,0.007845376627876736,0.0077022242174323765,0.008253057976712865,0.008565573758801116,-0.0017707254783963728
2019-10-11,0.011823545394503145,0.011045444155116055,0.011361761106453804,0.011849698082385942,0.007845376627876736,0.007710674007153712,0.008033378916819137,0.008030302546516137,0.0016224526238278862
2019-10-14,0.011823545394503145,0.011040337572611464,0.011054365624006529,0.010668235793804916,0.007845376627876736,0.00770556515059606,0.00781603370381209,0.007271912320935078,0.0017643873542358746
2019-10-15,0.011823545394503145,0.01103732710048294,0.010764660394144542,0.009878674322011349,0.007845376627876736,0.007702309195593456,0.007611196455091594,0.006722715083157938,0.0009298906140394641
2019-10-16,0.011823545394503145,0.01102990358226259,0.010450168294583702,0.009146783234353034,0.007845376627876736,0.007695472198600829,0.007388833550393384,0.006213631777987818,0.0004576579044145435
2019-10-17,0.011823545394503145,0.011030457520171332,0.010135169848862527,0.00851813482514899,0.007845376627876736,0.007696049468871188,0.0071661126316046675,0.005776361239591892,0.0014894977360275122
2019-10-18,0.011823545394503145,0.011019405049884346,0.009863000490255746,0.008039669004153233,0.007845376627876736,0.007685922310477754,0.006973674191229967,0.005443553577808791,-0.0011353287589695225
2019-10-21,0.011823545394503145,0.011018220172874533,0.00958439349025717,0.007727852096244948,0.007845376627876736,0.0076848907831814145,0.00677668399060029,0.005226662315211556,0.0012827339557687561
2019-10-22,0.011823545394503145,0.01100946226398941,0.009321118420335308,0.007364547818738987,0.007845376627876736,0.0076767845092083255,0.006590534292836183,0.004973957854815772,0.0002067065962707669
2019-10-23,0.011823545394503145,0.010991473033737566,0.009037927192154743,0.007034143414558135,0.007845376627876736,0.0076615554460806945,0.006390302795220763,0.00474413764118082,0.0024633210537788664
2019-10-24,0.011823545394503145,0.010981206437398945,0.008874312747643881,0.006985208335436593,0.007845376627876736,0.007651586055991906,0.006274618543747282,0.004710099746420191,0.0006904631349330282
2019-10-25,0.011823545394503145,0.010975316165069637,0.008612956804570393,0.006720465861206834,0.007845376627876736,0.00765077376676671,0.006089825772345027,0.004525952164802527,-0.00034298785752713275
2019-10-28,0.011823545394503145,0.010978815992004317,0.008352858370384086,0.006544184054402627,0.007845376627876736,0.007654456440802111,0.005905922127662419,0.004403335389762438,-0.0014920014906130595
2019-10-29,0.011823545394503145,0.010984874291469738,0.008142902628950174,0.006599918098557655,0.007845376627876736,0.007660051097659048,0.005757472075694485,0.004442102457550786,0.0003801466248909868
2019-10-30,0.011823545394503145,0.010986868993622034,0.007897808321038306,0.006404721845074038,0.007845376627876736,0.007662888924692861,0.00558417715887977,0.00430632931376487,0.006943392538643022
2019-10-31,0.011823545394503145,0.010996449142442528,0.008619021221258641,0.008514912434528173,0.007845376627876736,0.00766717214547934,0.006094113642571281,0.005774119833328778,0.003564875875847861
2019-11-01,0.011823545394503145,0.01099634073222816,0.008599816676854562,0.008452221372884854,0.007845376627876736,0.007665750826210976,0.00608053499215984,0.005730513655573402,0.0037421008314342144
2019-11-04,0.011823545394503145,0.0109966888355798,0.00860618992298131,0.008456341907789662,0.007845376627876736,0.0076658038702856705,0.0060850412214834984,0.005733379786291184,-0.002814483645602872
2019-11-05,0.011823545394503145,0.011009047661472385,0.008496744962595226,0.008474889676933073,0.007845376627876736,0.007676813300488206,0.006007657721770743,0.005746281104230811,-0.007322908636644421
2019-11-06,0.011823545394503145,0.011053831931024171,0.009234487632730652,0.01062644321642866,0.007845376627876736,0.0077134670010422434,0.006529281645806369,0.007242842553887696,0.0025090512202280315
2019-11-07,0.011823545394503145,0.011042796391791168,0.00906660898114033,0.009944511348897504,0.007845376627876736,0.007702810970993247,0.006410582369555642,0.00676850950778608,-0.006270603622063819
2019-11-08,0.011823545394503145,0.011047890417340707,0.009488892896394535,0.011039649494839201,0.007845376627876736,0.007706785718276326,0.006709159911358384,0.00753025747323494,-0.001211681631466033
2019-11-11,0.011823545394503145,0.01105358427000499,0.009225696652807987,0.010421350499198843,0.007845376627876736,0.007712246100063329,0.006523065948071903,0.007064891388231513,-0.0007160415885045347
2019-11-12,0.011823545394503145,0.011057384486344864,0.008953946378761736,0.009538964556067142,0.007845376627876736,0.007715950258869243,0.006330923823122372,0.006452852915470447,0.0017790543663189883
2019-11-13,0.011823545394503145,0.011053848584481787,0.0087401656931414,0.008829740161463184,0.007845376627876736,0.007712199814600431,0.0061797693289735705,0.005960922350736246,0.003041236148312321
2019-11-14,0.011823545394503145,0.011054009751875277,0.00864929947166919,0.008532281045942792,0.007845376627876736,0.00771194769977191,0.006115522001381792,0.00575459945519485,0.004598994434414671
2019-11-15,0.011823545394503145,0.011055696864515279,0.00878576666975739,0.00886795035188499,0.007845376627876736,0.007711298203420887,0.006212011683015426,0.005987425613590447,0.003491652002596024
2019-11-18,0.011823545394503145,0.011051187510005816,0.00874740557484517,0.008696309368584045,0.007845376627876736,0.007705609756847696,0.006184888316469821,0.005868372396457501,0.0017390727779829085
2019-11-19,0.011823545394503145,0.01104782248574363,0.008538625980984406,0.00815547508054724,0.007845376627876736,0.007705276475226155,0.006037269864377002,0.005493240183344425,0.002475224863959469
2019-11-20,0.011823545394503145,0.011047455090111674,0.008397802166138993,0.00787052729550898,0.007845376627876736,0.007704496968486816,0.005937699819331557,0.005295595367570841,0.0009840393743430263
2019-11-21,0.011823545394503145,0.011047166535620562,0.008161257713472347,0.007431138138156025,0.007845376627876736,0.00770418040491887,0.005770450112077692,0.004990827288583054,-0.004607025430346012
2019-11-22,0.011823545394503145,0.011064277068739598,0.008336768231398013,0.008653299057819405,0.007845376627876736,0.0077182297505071105,0.005894545530136004,0.005838539685365185,0.000997804865497598
2019-11-25,0.011823545394503145,0.01106303842178219,0.008102770632419211,0.00804958417363789,0.007845376627876736,0.007719486731067122,0.005729096586032185,0.005419792380318387,0.004611296183078307
2019-11-26,0.011823545394503145,0.011044189011295363,0.008283738699452701,0.008530934129351166,0.007845376627876736,0.007701002248662457,0.005857050786151616,0.0057536652100608566,0.004411105389434888
2019-11-27,0.011823545394503145,0.011045852773331798,0.008415541413325138,0.008787043251695542,0.007845376627876736,0.007700755548708749,0.005950242425447829,0.005931307020109993,0.0011169796480341111
2019-11-29,0.011823545394503145,0.011046269590230211,0.00818395894101886,0.008163159509535693,0.007845376627876736,0.007702423299010909,0.005786501106377728,0.005498570238994951,-0.0026614334881026602
2019-12-02,0.011823545394503145,0.011051166343741058,0.00807827790498188,0.008252032704953028,0.007845376627876736,0.00770654639368923,0.005711778904524282,0.005560214256803722,-0.009476870938570237
2019-12-03,0.011823545394503145,0.01111055636182301,0.009513461273490587,0.012451197954542881,0.007857146495708558,0.007753093214674913,0.006726531081261945,0.008472829429603139,0.004840536696841701
2019-12-04,0.011823545394503145,0.011111577875003208,0.0096272471757686,0.011898755849242692,0.007857146495708558,0.0077513356423481155,0.006806983861409928,0.008089645829446478,0.0006654298140013396
2019-12-05,0.011823545394503145,0.011104103319823887,0.009341661365979623,0.010671573137310826,0.007857146495708558,0.007744552016524184,0.006605059265231057,0.007238450228863958,-0.0008190606083953832
2019-12-06,0.011823545394503145,0.011108953699572599,0.009069094571836375,0.009754330635521691,0.007857146495708558,0.007750361752053711,0.00641233981646078,0.006602234631464338,0.0021161751007898856
2019-12-09,0.011823545394503145,0.011107057975589533,0.00887511687554816,0.009051969512899646,0.007857146495708558,0.007748038459706217,0.006275187105618292,0.0061150645533796025,-0.0009664621977187206
2019-12-10,0.011823545394503145,0.011112023292157781,0.008622350962154818,0.008570260390785837,0.007857146495708558,0.007752890240303161,0.006096467949272786,0.005768745311921619,-0.0006773252237027849
2019-12-11,0.011823545394503145,0.011116056247439247,0.008368584627068467,0.008104458361168916,0.007857146495708558,0.007758262074774712,0.005917041440742944,0.005446551792139313,0.0036929238261534277
2019-12-12,0.011823545394503145,0.011110617561698692,0.00838209754661682,0.008249649910127247,0.007857146495708558,0.0077515843062684435,0.0059265958048936515,0.005546980242912707,-0.0025272759464556533
2019-12-13,0.011823545394503145,0.011118673873029838,0.00825336125940119,0.00830832700260144,0.007857146495708558,0.007761846327892297,0.005835572294906265,0.005587566968072321,0.004873680680887559
2019-12-16,0.011823545394503145,0.011121379489214453,0.008470167685751822,0.008876530713800387,0.007857146495708558,0.007762138807466816,0.005988866151215806,0.005980591347582038,0.001831574319129004
2019-12-17,0.011823545394503145,0.011071214213540282,0.008278189511627497,0.00835810526564162,0.007857146495708558,0.007720999781562779,0.005853127210566565,0.005621998406232335,-0.0018673046846604425
2019-12-18,0.011823545394503145,0.01105645310312511,0.008096229777044196,0.008186322514706645,0.007857146495708558,0.0077089654229378305,0.005724471847914979,0.005503176920617203,-0.0013423675470879638
2019-12-19,0.011823545394503145,0.01106334261150494,0.007886768565248134,0.007929345765715617,0.007857146495708558,0.007716196359372571,0.005576371455117769,0.005325427065538799,0.003264729664386623
2019-12-20,0.011823545394503145,0.011063411282145415,0.007869561540886149,0.007977938161738633,0.007857146495708558,0.007715372049034401,0.0055642051592913015,0.005359038243923289,0.0028712256192442442
2019-12-23,0.011823545394503145,0.011063097719798663,0.007803276092481023,0.007896261683167758,0.007857146495708558,0.007714387939942221,0.005517337766224292,0.0053025429295172595,0.00013682289633050188
2019-12-24,0.011823545394503145,0.011062659002581899,0.007565958598403061,0.007510504491436372,0.007857146495708558,0.007716923535989017,0.0053495414769293755,0.005035716124388289,0.0019755633221319457
2019-12-26,0.011823545394503145,0.011062465021245218,0.007421348571222921,0.0073419852984712,0.007857146495708558,0.007716601425159043,0.005247294375214686,0.004919152029601121,0.004509493960433453
2019-12-27,0.011823545394503145,0.011060857496218445,0.007640357066839865,0.008053199491073746,0.007857146495708558,0.007712661113160857,0.005402145213461414,0.0054110962236232005,0.0006828853888428688
2019-12-30,0.011823545394503145,0.011061612834099035,0.007417814857694038,0.007623903984322994,0.007857146495708558,0.007713499355868745,0.00524479584884232,0.005114154129015958,-0.003735775727957513
2019-12-31,0.011823545394503145,0.011078909685468761,0.007500283270406642,0.008363252000556374,0.007857146495708558,0.00773019735005815,0.00530310547195283,0.005625558383501939,-0.000597828248390053
2020-01-02,0.011823545394503145,0.011082926330664083,0.007279769666855796,0.007934572668827742,0.007857146495708558,0.007734280753851542,0.005147190441083985,0.00532904249485035,0.007696856276075026
2020-01-03,0.011823545394503145,0.011095894237661962,0.008309747264547404,0.010238559317106705,0.007857146495708558,0.007740294141141418,0.005875440246775799,0.0069227014326418744,0.0022990554307273803
2020-01-06,0.011823545394503145,0.011094902717884166,0.008162420616447567,0.009496054082488591,0.007857146495708558,0.007738840720010599,0.005771272347306535,0.006409113342020752,0.0013805133157647424
2020-01-07,0.011823545394503145,0.011070743757120291,0.007952763578154843,0.008788202837878565,0.007857146495708558,0.007718168808252665,0.005623033494596738,0.005919495286533203,-0.003594076813249014
2020-01-08,0.011823545394503145,0.011078517297182086,0.00797785146981262,0.009102714934154248,0.007857146495708558,0.0077245714885709055,0.005640771989362004,0.006137042125898655,-6.723976571398492e-06
2020-01-09,0.011823545394503145,0.011078802216403501,0.007734814924148929,0.00840830379052101,0.007857146495708558,0.0077276095063168165,0.0054689320216265245,0.00563389484513011,0.003375589672470947
2020-01-10,0.011823545394503145,0.011077194437417403,0.007741944482079959,0.008343383138609493,0.007857146495708558,0.00772714410266126,0.005473973004255251,0.005589119337918442,0.002510287842731384
2020-01-13,0.011823545394503145,0.011074635976907495,0.007641180530302399,0.008060541074330317,0.007857146495708558,0.007723950315583715,0.005402727446616707,0.005394044326870247,0.0028201202533729933
2020-01-14,0.011823545394503145,0.011073843204019357,0.007580689592260807,0.00792286919563,0.007857146495708558,0.00772397005798378,0.005359957085422798,0.005299092597087998,0.0005696418987239271
2020-01-15,0.011823545394503145,0.011048419727297979,0.00735691581877941,0.007507147944071326,0.007857146495708558,0.00770267886761454,0.00520173693828369,0.005012371355862955,0.0043796467073242695
2020-01-16,0.011823545394503145,0.011049895817801357,0.0075567975820818745,0.00807474679499546,0.007857146495708558,0.007702199935543687,0.005343064143470089,0.005403841954117675,0.0034390778309900567
2020-01-17,0.011823545394503145,0.011046942080908034,0.007584151242822545,0.00811760113320445,0.007857146495708558,0.007701116485298441,0.00536240465938422,0.005433398415321162,-0.0007404600122577593
2020-01-21,0.011823545394503145,0.011050192346078111,0.0073652035554124815,0.007754754029320374,0.007857146495708558,0.007706393649831704,0.005207596815824896,0.005183144256770237,0.0026318248875609627
2020-01-22,0.011823545394503145,0.01104476852488543,0.00729661427933991,0.007645436788108309,0.007857146495708558,0.007700483636923841,0.005159100492133642,0.005107748604106094,0.0006679297301385499
2020-01-23,0.011823545394503145,0.011045773780773564,0.007084561362083467,0.0072937904381932175,0.007857146495708558,0.007701624768888311,0.005009167623560101,0.00486521955960359,0.0033834761585757375
2020-01-24,0.011823545394503145,0.011044861510039791,0.007134202284168516,0.007532849556461488,0.007857146495708558,0.007701418013200665,0.005044266437305004,0.005030097652458,-0.0013205538422318532
2020-01-27,0.011823545394503145,0.011003786994845745,0.006957678324450311,0.007420532869001165,0.007857146495708558,0.007668719720076683,0.004919454461148584,0.004952633294025114,-0.0036171297750324355
2020-01-28,0.011823545394503145,0.010970609115597819,0.0070535922164045904,0.008152913072115584,0.007825392985963579,0.007642780416562874,0.004987270764469545,0.005457752914680294,0.002290103178443082
2020-01-29,0.011823545394503145,0.010969051478814846,0.00696210871434924,0.007868010069111827,0.007825392985963579,0.007642855427171903,0.004922586986157151,0.005261256482651129,0.0027925627671951947
2020-01-30,0.011823545394503145,0.010931851902624527,0.0069350522383141875,0.0077716322617653625,0.007825392985963579,0.0076112022278575445,0.004903456595885176,0.005194785104425168,0.0013327517752798614
2020-01-31,0.011514143240983238,0.010773561508378207,0.006766536621600823,0.007429509898246866,0.00768086369404873,0.007489315745326007,0.004784306950880675,0.004958824714257277,-0.006854815502024193
2020-02-03,0.011404230845683774,0.010551313804284262,0.007635225172139294,0.010057704249426808,0.007634141470656077,0.007324003079098831,0.00539851668665957,0.006771479573073411,0.0026459883399042594
2020-02-04,0.011404230845683774,0.010541524001555426,0.007554618889874871,0.009416587981891475,0.007634141470656077,0.007319603739525893,0.0053415236903767704,0.006329304314271776,0.0034553974156772086
2020-02-05,0.011404230845683774,0.010497711151070562,0.007584519594902381,0.009125271400017966,0.007634141470656077,0.007282513226057401,0.005362665104204737,0.006128384463215233,0.0024842882512795986
2020-02-06,0.010355309183788927,0.010229840771287068,0.007488489347582851,0.008655677664638005,0.007616782775555138,0.007079553098057231,0.00529476653135449,0.005804507590972528,0.0038464312556218743
2020-02-07,0.010355309183788927,0.01022112051892327,0.007583994585941195,0.008126450007984313,0.007616782775555138,0.007075159795344111,0.005362293894505781,0.0054417884126186315,0.0009073734611167113
2020-02-10,0.010355309183788927,0.010199249985155298,0.007371112592046721,0.007761993516431037,0.007616782775555138,0.007064583208661543,0.0052117748239586216,0.005189396413101366,0.005396822122837142
2020-02-11,0.010355309183788927,0.010203222539817175,0.00778015501440876,0.008276262287895315,0.007616782775555138,0.007066165164942705,0.0055009899149202944,0.005545535833107232,0.0002724282580154669
2020-02-12,0.010355309183788927,0.01020288268796721,0.007544737414254687,0.0078930914219526,0.007616782775555138,0.007068591891365338,0.00533453695327057,0.005280183827440166,0.0019163993511024159
2020-02-13,0.010355309183788927,0.010188380694835372,0.007395959566403016,0.00762037334507928,0.007616782775555138,0.0070618055548779335,0.00522934297717628,0.0050913221599384936,0.0011940057956095318
2020-02-14,0.010355309183788927,0.01018918321076829,0.007202855879383083,0.0073329143120472425,0.007616782775555138,0.007063087689609454,0.005092808238104464,0.004892252142507758,0.0032340870004889614
2020-02-18,0.010355309183788927,0.010141209821489023,0.007222502930162294,0.0073432885853834265,0.007616782775555138,0.007023005964741242,0.005106699764429352,0.004899436494142431,0.0015591104112441798
2020-02-19,0.010355309183788927,0.010079214915579308,0.007058611609060982,0.0071164905134085054,0.007610091019563048,0.006973228289044717,0.0049908197462482755,0.0047423751707771885,0.0014622842384954147
2020-02-20,0.010355309183788927,0.01007910501998582,0.006894119606855821,0.006915045245739466,0.007610091019563048,0.006974397641010825,0.004874515014075223,0.004602871073364652,0.0017134029997323387
2020-02-21,0.010355309183788927,0.010039238521053253,0.006755029987857543,0.006763538090168536,0.007610091019563048,0.006951829266185907,0.0047761711391829335,0.00449794992414119,1.0938479990607586e-05
2020-02-24,0.010355309183788927,0.010034924162917343,0.006549247527826794,0.006597484495994025,0.007610091019563048,0.006952411742232328,0.004630671822626879,0.004382955131533394,-0.013254489745843392
2020-02-25,0.011404230845683774,0.010078308060792907,0.009867384048828528,0.012346711321082815,0.007610091019563048,0.006984826544144722,0.006976773603960906,0.008364387449773079,-0.016667392071954956
2020-02-26,0.011514143240983238,0.010247795052390499,0.013480706369147426,0.017551617348574883,0.007616782775555138,0.007112517207404231,0.00953158769270579,0.011968868835135258,-0.0035769151324765106
2020-02-27,0.011514143240983238,0.0102335946648611,0.013228006981911546,0.01648158690083546,0.007616782775555138,0.007101305436742119,0.009352915573947657,0.011227855489212102,-0.02297233485742875
2020-02-28,0.011823545394503145,0.010555080036173019,0.018325989928558845,0.023716966703457455,0.007634141470656077,0.007342422107239823,0.012957464933697605,0.016238472717808396,-0.0015752254853724115
2020-03-02,0.011823545394503145,0.010558890759523095,0.01779036581807992,0.021810013080225576,0.007634141470656077,0.007349149677309286,0.012578749750712702,0.014917876572290616,0.021224392926464823
2020-03-03,0.011823545394503145,0.010731135607548957,0.021066148925762352,0.025598965762036116,0.007634141470656077,0.0074605109440712206,0.014894905380703928,0.017541787424757017,-0.004691485915639428
2020-03-04,0.011823545394503145,0.010751746458308346,0.02059860756299398,0.023808572690298457,0.007634141470656077,0.0074775231386601335,0.014564328378493342,0.016301911341409295,0.020569141400180988
2020-03-05,0.011823545394503145,0.010907646792257288,0.023156585313120405,0.02675027078500325,0.007634141470656077,0.007577943389293639,0.016372956841547853,0.018339084725080914,-0.008466811217247761
2020-03-06,0.011823545394503145,0.010958785662858132,0.022963699839504748,0.02548667873741712,0.00768086369404873,0.007622735708083826,0.016236576391141753,0.017464026848885122,0.005815954103805276
2020-03-09,0.011823545394503145,0.010963638076389282,0.022509446107135424,0.025363652290807913,0.00768086369404873,0.007623800694732639,0.01591539446148216,0.01653685809476932,-0.03840824730595609
2020-03-10,0.012714725917701654,0.01173120197672155,0.030907768130736195,0.044501582158327994,0.007825392985963579,0.008188165047687107,0.021853461848124287,0.029179468105264866,0.011122071190459673
2020-03-11,0.012714725917701654,0.011762261807815548,0.030629070427719375,0.04020757513492445,0.007825392985963579,0.008204113720141367,0.021656407515560517,0.02634282607788688,-0.042000040926009015
2020-03-12,0.01328861876910449,0.012618710836803925,0.03813984243319902,0.05488294496626236,0.00796966710469909,0.008833600003791723,0.026966929089859634,0.03603744711693027,-0.06152107261468527
2020-03-13,0.016669146518943374,0.014253560790319286,0.05095447741362001,0.07801588793389311,0.007988172107892702,0.01002542376206058,0.036027568326498,0.051319182307690926,0.03914310927852555
2020-03-16,0.016669146518943374,0.014694435258389713,0.054204224949579105,0.07798635673104912,0.007988172107892702,0.010309631782001701,0.038325315400719574,0.051299673850753215,-0.05353158869007036
2020-03-17,0.01690413175166299,0.015810562913923614,0.06076447700147974,0.08665025308158673,0.008021575702252442,0.011129378372079734,0.042963768016381625,0.05702308612624173,0.013596209283862395
2020-03-18,0.01690413175166299,0.01584566432264748,0.059420601892307884,0.07660604928274785,0.008021575702252442,0.011146654512601235,0.042013575711886963,0.05038783600390899,-0.0544093156732386
2020-03-19,0.02312669398191395,0.01687936832338475,0.06542349140691692,0.08625773593334393,0.008021575702252442,0.011903637474533364,0.04625794290239782,0.05676378737961567,0.009034914662846782
2020-03-20,0.02312669398191395,0.016830953444424,0.06363902503808078,0.07563869269569957,0.007988172107892702,0.011858051164672546,0.0449962287745556,0.04974879551437876,0.0005987770682831604
2020-03-23,0.02312669398191395,0.01680124018673561,0.061701267395506514,0.06593386936099219,0.007988172107892702,0.011844456780173604,0.04362612943468135,0.04333774178543325,0.0007430379924800879
2020-03-24,0.02312669398191395,0.016783677203442,0.05982309663086979,0.05748717938503277,0.007988172107892702,0.011828926517864555,0.04229816123666597,0.0377578171026256,0.05298000824614583
2020-03-25,0.02312669398191395,0.01755129660165143,0.06538736441486302,0.07212916676287094,0.007988172107892702,0.01234140987408075,0.04623239916726956,0.04743038552972443,0.012573428934207098
2020-03-26,0.02312669398191395,0.017571652249119135,0.06379899156851884,0.06398052971513718,0.007988172107892702,0.01235277784062837,0.045109333753702525,0.04204735606808898,0.03764082176140937
2020-03-27,0.02312669398191395,0.017867721923048585,0.06546874967395228,0.06675240422846553,0.00796966710469909,0.012534435452629283,0.04628994294225142,0.04387846991961984,-0.007301233320533098
2020-03-30,0.02312669398191395,0.017903657627162218,0.06361051478754293,0.058729049874662084,0.00796966710469909,0.012566198840736894,0.04497607048717056,0.03857820281793605,0.015170123621290001
2020-03-31,0.02312669398191395,0.017942153007740002,0.06227557268048902,0.05319907349874898,0.00796966710469909,0.01258756258966474,0.04403219429777512,0.03492507339527178,-0.014870450058529971
2020-04-01,0.02312669398191395,0.018042136220793734,0.06097012515141496,0.04888204891800843,0.007988172107892702,0.012667571325944666,0.043109172368444096,0.032073225857014595,-0.023857476880663923
2020-04-02,0.024002984584916776,0.018234415719614063,0.06065587405104215,0.04906020021530297,0.008021575702252442,0.012813649255846866,0.042886979863191704,0.03219091347475329,0.015067692671797084
2020-04-03,0.024002984584916776,0.01827218034804981,0.05943154413528584,0.04512533639648922,0.008021575702252442,0.012833461903817685,0.04202131246882263,0.029591523203703157,-0.0083093463908273
2020-04-06,0.024002984584916776,0.018311105019324352,0.057815239030610255,0.04362456192349639,0.008309959880094175,0.012869963736770348,0.040878497439586325,0.02820611434745823,0.04156582488222639
2020-04-07,0.024002984584916776,0.018717550099793846,0.060852767662020225,0.05911837460032678,0.008309959880094175,0.013132742655700087,0.04302619428325104,0.03830658531772533,-0.0017861035733001682
2020-04-08,0.024002984584916776,0.01872042924410865,0.059007725449202464,0.05129510741262993,0.008309959880094175,0.01313535338072194,0.04172164976112829,0.03320656992641106,0.017989236222229556
2020-04-09,0.024002984584916776,0.018774175863827194,0.05812123882920284,0.04844185619313641,0.008309959880094175,0.013163285667488806,0.041094855828706846,0.03134652542255114,0.017115589189215564
2020-04-13,0.024002984584916776,0.018823258325298835,0.05718842909178111,0.04579133944013028,0.008309959880094175,0.013190481609260363,0.040435308949680254,0.02961864423033953,-0.009838091459380926
2020-04-14,0.024002984584916776,0.01887440075162563,0.055728931777880485,0.04138144900539196,0.00832887592821896,0.013236398726899582,0.03940336549999942,0.026743821147913766,0.01709587450720639
2020-04-15,0.024002984584916776,0.018914004890776017,0.05490241088500625,0.04025476446630996,0.00832887592821896,0.01325337924934256,0.03881897057627982,0.026009331534736484,-0.008150180259427221
2020-04-16,0.024002984584916776,0.01892336200899879,0.05343208292113684,0.03626850270365625,0.00832887592821896,0.01326085295583162,0.03777936927194957,0.023410673473394383,0.004166613935980345
2020-04-17,0.024002984584916776,0.018885626624483686,0.05185870692102307,0.03172676601091124,0.00832887592821896,0.013227268674206467,0.036666907438866,0.02044989935171755,0.010652991593161965
2020-04-20,0.024002984584916776,0.018891022025329718,0.0506440172600867,0.029704611769821632,0.00832887592821896,0.013224262473852675,0.035808056225465505,0.019131649890752313,-0.009128372949715925
2020-04-21,0.024002984584916776,0.01890962761422637,0.0493759554175535,0.028013584149229834,0.008475957328382836,0.01323907540052338,0.03491146799626548,0.018029263038144422,-0.012814011918397573
2020-04-22,0.024002984584916776,0.018978625327153307,0.04842544271569779,0.028572543375452845,0.008672470808181568,0.01329417965638859,0.03423940416498857,0.018393650523380458,0.010998982325837115
2020-04-23,0.024002984584916776,0.018988631924897744,0.04736670957565893,0.027356913908899463,0.008672470808181568,0.013299274952118714,0.033490822637350676,0.017601177399196824,0.0014138654444017075
2020-04-24,0.024002984584916776,0.018990277615113987,0.045930795476594864,0.02383487464326187,0.008672470808181568,0.013302498679940196,0.032475553794632954,0.015305147616165343,0.007433032844600273
2020-04-27,0.024002984584916776,0.018975634541827373,0.04473253980475364,0.0220935316255357,0.008672470808181568,0.013285453632879932,0.031628322299362355,0.014169959979224156,0.004264223740504026
2020-04-28,0.024002984584916776,0.018969849668782943,0.043437824244426666,0.01971016923791955,0.008672470808181568,0.013278558873034078,0.030712888451725796,0.012616237657297382,0.002743326380621136
2020-04-29,0.024002984584916776,0.01895454326495175,0.04214353620140903,0.017424250561214872,0.008672470808181568,0.013264094775144715,0.029797756881923394,0.011126039233188749,0.013472553413732845
2020-04-30,0.024002984584916776,0.018976934161539477,0.04157465169495532,0.020802459792061065,0.008672470808181568,0.013272747185011346,0.02939552480210485,0.013328305710740528,-0.01227205808846752
2020-05-01,0.024002984584916776,0.01904834331076272,0.04091023770411644,0.023116576317276337,0.009105675411850016,0.013334701381040715,0.028925748215884176,0.01483688641145504,-0.012954344041996402
2020-05-04,0.024002984584916776,0.019126885734246892,0.040345018645450315,0.02515762583057936,0.009145797849158633,0.013398753670314902,0.028526107805675795,0.016167453766824175,-0.0004829480778902327
2020-05-05,0.024002984584916776,0.019126200186310376,0.03911691492912389,0.022235812690820513,0.009145797849158633,0.013398113173510607,0.027657772130425605,0.014234053774626275,0.0028720662499739486
2020-05-06,0.024002984584916776,0.019126134661265583,0.03796055239497944,0.019722476927433823,0.009145797849158633,0.013398009635178723,0.02684016134676647,0.01259793815431103,-0.011282109648532056
2020-05-07,0.024002984584916776,0.019185985872411562,0.03736140828324271,0.021669289082298784,0.009494931964610764,0.013451782490183754,0.02641653409124988,0.013865261773699676,0.014307388584117975
2020-05-08,0.024002984584916776,0.01921387785294884,0.03712939092975689,0.02409194115242784,0.009494931964610764,0.013464149413521975,0.02625248528769156,0.015442344689667145,0.006192132376507043
2020-05-11,0.024002984584916776,0.019203413040298753,0.03617079630576148,0.02200332900417101,0.009494931964610764,0.013451670742975527,0.02557470710083929,0.014082712996073398,-0.004424522712255873
2020-05-12,0.024002984584916776,0.01916767105311886,0.0351594032952428,0.020149303234414887,0.009145797849158633,0.013423056014955002,0.024859597602303555,0.012875790878243223,-0.010318996100295408
2020-05-13,0.024002984584916776,0.019220659113780673,0.03459174292372574,0.021373496464068657,0.009494931964610764,0.013466692865189986,0.024458231052018626,0.013672708542209372,-0.007204113032239801
2020-05-14,0.024002984584916776,0.019245004080804807,0.03378824872281169,0.020668437599293443,0.009494931964610764,0.013486872150743949,0.02389011724352261,0.013213733725272833,0.00800436926295066
2020-05-15,0.024002984584916776,0.019247389951174337,0.03307493594270032,0.019857257558778086,0.009494931964610764,0.013484684573087114,0.02338576657154894,0.012685676808043929,0.0013311342761716419
2020-05-18,0.024002984584916776,0.019249155080142823,0.03207631011347864,0.01754262633635439,0.009494931964610764,0.0134881031590274,0.022679684159931997,0.01117891262896193,0.01479953133463713
2020-05-19,0.024002984584916776,0.01927201094774733,0.03222230698009809,0.021727408062653074,0.009494931964610764,0.013494648091866401,0.022782911832053717,0.013903095704597279,-0.004742578939383712
2020-05-20,0.024002984584916776,0.019293231835308417,0.031357358318632955,0.02001739233060442,0.009494931964610764,0.01351435540674109,0.022171346399895667,0.012789920341819794,0.010906146246520821
2020-05-21,0.024002984584916776,0.019304725334125493,0.03103078529748599,0.02081309603935206,0.009494931964610764,0.013517212414870692,0.021940441630969153,0.013307902573239019,-0.00454679292668232
2020-05-22,0.024002984584916776,0.019321266018838087,0.030196820518929034,0.019199713517291484,0.009494931964610764,0.013531750104828788,0.02135078347791895,0.012257632894057766,0.004225857136707767
2020-05-26,0.024002984584916776,0.019317521200753106,0.029375768674936013,0.017383129785220955,0.009494931964610764,0.013526856982250644,0.020770255467221527,0.011075084560107258,0.006083810046870752
2020-05-27,0.024002984584916776,0.01931720457908845,0.028691081926960064,0.01645278372259089,0.009494931964610764,0.013526792200188138,0.020286144946477423,0.010469453689953738,0.008784603897329836
2020-05-28,0.024002984584916776,0.01930456917052761,0.028263853352768865,0.016990775629737838,0.009494931964610764,0.01351028906084872,0.019984071263673023,0.010819672302090237,-8.704275328083057e-05
2020-05-29,0.024002984584916776,0.01930916432609292,0.027402867407260736,0.01508741403596989,0.009494931964610764,0.01351543740637442,0.019375307685780704,0.009580633857630427,0.0033123719871157925
2020-06-01,0.024002984584916776,0.01930633061439624,0.0266350297478176,0.013725284845600753,0.009494931964610764,0.01351196407419845,0.018832404978434882,0.008693923503321342,0.004599097958461296
2020-06-02,0.024002984584916776,0.019303659064888488,0.025956262592927437,0.012965467604600892,0.009494931964610764,0.013507947293151652,0.018352479929806056,0.008199302420577674,0.0033164237976366587
2020-06-03,0.024002984584916776,0.019302719083552716,0.0252363890274234,0.011980624171646952,0.009494931964610764,0.013506574347006575,0.017843490428115984,0.007633338050271603,0.00508357834302855
2020-06-04,0.024002984584916776,0.019301989999652887,0.024638472181897107,0.011758194448869766,0.009494931964610764,0.013504397521466129,0.017420730916112733,0.007487197116694194,-0.005765252783397733
2020-06-05,0.024002984584916776,0.019325928712300364,0.024112733792437543,0.012613205606072502,0.009494931964610764,0.013525217046066238,0.01704900547196061,0.008048957151156295,0.011595251580406609
2020-06-08,0.024002984584916776,0.019337794822754682,0.02429395401634096,0.016167913908031194,0.009494931964610764,0.013527193187425606,0.01717713796060975,0.010384474110658999,0.010850401350434136
2020-06-09,0.024002984584916776,0.01934574224611369,0.024351865683254384,0.01796911928848546,0.009494931964610764,0.013526586453040505,0.017218084637771962,0.01156790334204783,-0.0015693347423618392
2020-06-10,0.024002984584916776,0.01934095249500416,0.023626939477667166,0.016117284427087486,0.009494931964610764,0.013522401004349704,0.01670552264657624,0.010351209493326068,0.0008869163249333625
2020-06-11,0.024002984584916776,0.01934390194514154,0.02291274229298102,0.01434616843787433,0.009494931964610764,0.013526537739722911,0.0162005466527886,0.009187549615024807,-0.02988652172085745
2020-06-12,0.029971738976708396,0.019646743026021093,0.027991601198559167,0.03506199491826676,0.009841753329477095,0.013756729508269366,0.01979157428233406,0.022798276562271805,0.007349922214025308
2020-06-15,0.029971738976708396,0.01963925827560551,0.027460142500005467,0.03159981139003304,0.009841753329477095,0.013745975402074265,0.01941580427061499,0.020523550294958875,0.00554626320391608
2020-06-16,0.029971738976708396,0.01963229893189787,0.026810527580880036,0.028247868807584342,0.009841753329477095,0.013737182416789319,0.018956491427609596,0.018321254611716842,0.006254470044545202
2020-06-17,0.029971738976708396,0.019625526795040097,0.026236966353469508,0.025547793257818772,0.009841753329477095,0.013728024387845494,0.018550952653416625,0.016547249066749526,-0.0013090266225200932
2020-06-18,0.029971738976708396,0.01962543353819354,0.025448617104983272,0.02260157851336954,0.009841753329477095,0.013727940154026973,0.017993547144487015,0.014611524974225075,0.00150329924246404
2020-06-19,0.029971738976708396,0.019626869042267753,0.02468821599493836,0.01996174477849495,0.009841753329477095,0.013729709096103935,0.017455902479322313,0.012877099549030617,-0.002883467930234929
2020-06-22,0.029971738976708396,0.01960778508005643,0.02399244305303402,0.018061914980062436,0.009841753329477095,0.013713924951323727,0.01696395342054369,0.011628872032876098,0.004345447911059574
2020-06-23,0.029971738976708396,0.01960545845060839,0.02339296102704857,0.016478620398890042,0.009841753329477095,0.0137104864582251,0.01654008724139757,0.01058861470875774,0.000770979026436769
2020-06-24,0.029971738976708396,0.019596903157518927,0.02268457186483765,0.014655295735395939,0.009841753329477095,0.013702590847514844,0.016039217833275984,0.009390652650401617,-0.01274310585778188
2020-06-25,0.029971738976708396,0.01967417363939354,0.02316125230905896,0.019345966190822288,0.009914204665945971,0.013766641091206845,0.016376256659808984,0.012472520266388586,0.007790972999824841
2020-06-26,0.029971738976708396,0.019674293476230117,0.022890322656844778,0.01871068654831152,0.009914204665945971,0.013762577062124687,0.01618469475882849,0.012055128386921804,-0.00921256889077422
2020-06-29,0.029971738976708396,0.019712877572182357,0.02280543292238452,0.019635392737182136,0.009914204665945971,0.013794174233079184,0.016124673130431456,0.012662679500321017,0.0077295802376928895
2020-06-30,0.029971738976708396,0.019715142875983558,0.02254513208112503,0.018914639532385594,0.009914204665945971,0.01379257248666157,0.015940626373013148,0.012189129720585022,0.005116151408602165
2020-07-01,0.029971738976708396,0.019713792760024794,0.02205187936721354,0.018297500352027072,0.009914204665945971,0.013792511352547082,0.015591870056499016,0.011451317238362863,0.004453928254867623
2020-07-02,0.029971738976708396,0.019713512422257315,0.02153020576896763,0.016878369973579947,0.009914204665945971,0.013792792982466193,0.015223018639333645,0.010542275511643313,0.0035411361161070245
2020-07-06,0.029971738976708396,0.01971240463528979,0.02097161340767746,0.01546137443091051,0.009914204665945971,0.01379115470403832,0.014828063662174717,0.009634601280702221,0.007130416441569876
2020-07-07,0.029971738976708396,0.01971248737311368,0.020734739431695834,0.015477490806030357,0.009914204665945971,0.013787851408032273,0.014660580964134796,0.0096449248265088,-0.002729139915105828
2020-07-08,0.029971738976708396,0.019703335155025557,0.02016313933857571,0.014429632163599809,0.009914204665945971,0.013780135855333112,0.014256428817834628,0.008973705857385335,0.003182812208149266
2020-07-09,0.029971738976708396,0.019703440090640272,0.01963284241935596,0.01329536175099903,0.009914204665945971,0.013781332042687475,0.01388148024686932,0.008247134747290587,0.00046554248952431767
2020-07-10,0.029971738976708396,0.019703789801089635,0.019036595454713763,0.012069082685203555,0.009914204665945971,0.013781682917101534,0.013459901430865765,0.007461626342748817,0.0036957900705553385
2020-07-13,0.029971738976708396,0.019692606410302318,0.01857642776199895,0.011430476202924707,0.009914204665945971,0.013770301170840044,0.013134538011742594,0.007052558967290126,-0.004179754587887108
2020-07-14,0.029971738976708396,0.01970558580930699,0.018167319812528497,0.011657982460108159,0.009914204665945971,0.013781628469978973,0.012845276589575197,0.007198290947952713,0.008392960265127924
2020-07-15,0.029971738976708396,0.019703412198117394,0.01825162534919867,0.013325106570514954,0.009914204665945971,0.013774725484175694,0.012904885158573588,0.008266188163737991,0.004469102300271211
2020-07-16,0.029971738976708396,0.019700433645588322,0.01787791888877387,0.01270384959424631,0.009914204665945971,0.013770546299582557,0.012640654501712619,0.007868234231512406,-0.0026788152438952384
2020-07-17,0.029971738976708396,0.01969511838275227,0.017400372025580764,0.012098855554920462,0.009914204665945971,0.01376602405175428,0.012303003070158625,0.007480697727103557,0.003241587947394198
2020-07-20,0.029971738976708396,0.019678554438226657,0.016971111516318433,0.011336778991453543,0.009914204665945971,0.01375027603189133,0.011999492699484466,0.006992540045703968,0.0037453081184548047
2020-07-21,0.029971738976708396,0.01967829125262316,0.016591937054554633,0.010839792370461936,0.009914204665945971,0.013749746722226949,0.011731395870270257,0.006674189045003747,0.0026836295548333003
2020-07-22,0.029971738976708396,0.019678836704705365,0.016159002987015877,0.01015635771059637,0.009914204665945971,0.013751503582103603,0.011425288095432163,0.00623640641929179,0.00648692696596056
2020-07-23,0.029971738976708396,0.019668047852624666,0.016096912680806007,0.011115938363686222,0.009914204665945971,0.013738658208566047,0.01138138689453806,0.006851077817395453,-0.0015983991962694737
2020-07-24,0.029971738976708396,0.01966295020763535,0.015633092030365694,0.010480282345121382,0.009914204665945971,0.013734212327146616,0.011053440636953394,0.006443900398398789,-0.003022401323730828
2020-07-27,0.029971738976708396,0.019662134750256494,0.01525438240244877,0.010416424448942854,0.009914204665945971,0.013733515802325525,0.010785672470381391,0.006402995423712583,0.006037250880823642
2020-07-28,0.029971738976708396,0.019662409375191016,0.015184521873442337,0.011063307555711617,0.009914204665945971,0.01373351816025501,0.01073627730218697,0.006817364494584174,0.001721749420086771
2020-07-29,0.029971738976708396,0.019647233972472537,0.014754596242693633,0.010196156471197808,0.009914204665945971,0.013719643633043026,0.010432296654689024,0.006261900013543515,0.008149489588731584
2020-07-30,0.029971738976708396,0.019648208987937982,0.015040007170933529,0.012028738417117251,0.009914204665945971,0.013716152910317208,0.01063409760016479,0.007336116800812691,-0.0023126023419690507
2020-07-31,0.029971738976708396,0.019659983999496207,0.0146412539601287,0.011448671446501947,0.009914204665945971,0.013728585137715032,0.010352157537644565,0.0069670066409083,0.0015635689003779543
2020-08-03,0.029971738976708396,0.01965825438538077,0.014223156522491261,0.010475166792785248,0.009914204665945971,0.013726780940347764,0.01005654006168964,0.006347542895162039,0.0020066234741691336
2020-08-04,0.029971738976708396,0.019655957415501104,0.013837187662765007,0.00969716082716225,0.009914204665945971,0.013724326708579173,0.009783639226051372,0.005852479530197367,0.008580059169197907
2020-08-05,0.029971738976708396,0.01965513964283736,0.014278805183851473,0.012088218249980263,0.009914204665945971,0.01371857342989802,0.01009588667166777,0.0073739652075162565,0.0006168002161005549
2020-08-06,0.029971738976708396,0.019656823557447856,0.013848276272180703,0.010998655249226854,0.009914204665945971,0.013720332272456266,0.009791479471965917,0.0066806508252003636,0.005947052289629417
2020-08-07,0.029971738976708396,0.019641797609040244,0.013847474806594321,0.011395865015953348,0.009914204665945971,0.013704286489136595,0.00979091279249749,0.006933404675943636,-0.002280004838972016
2020-08-10,0.029971738976708396,0.019634061354414496,0.013488343252370845,0.01092186517607458,0.009914204665945971,0.013697701664500538,0.00953698738172428,0.006631787508348793,-4.695445343494404e-06
2020-08-11,0.029971738976708396,0.019638191777252127,0.013077434252604018,0.010045023783390221,0.009914204665945971,0.013702061710290208,0.00924645251969633,0.006073832853007528,-0.013318678928680508
2020-08-12,0.029971738976708396,0.01970487614761648,0.014776947592511724,0.017675796507561327,0.009973140121398983,0.013754918666877863,0.010448100266533063,0.010929471741436537,0.005605895899332592
2020-08-13,0.029971738976708396,0.019705272895234778,0.014678595415009469,0.01660152326056846,0.009973140121398983,0.0137546354627157,0.01037855996360229,0.01024588658650531,-0.003240118508606627
2020-08-14,0.029971738976708396,0.019720633108792067,0.01435069535244375,0.015514813364520588,0.009973140121398983,0.01376986858515712,0.010146716904699841,0.009554387701343077,-0.002192390646574827
2020-08-17,0.029971738976708396,0.019731965444668573,0.013969490714716997,0.014318084781254818,0.009973140121398983,0.013781496182140546,0.009877184631400391,0.008792881356200157,0.005763413935555996
2020-08-18,0.029971738976708396,0.019728017083058873,0.013936422245237036,0.013911547761409267,0.009973140121398983,0.013775461858037082,0.009853803436967347,0.008534192356474705,0.0033725705057187976
2020-08-19,0.029971738976708396,0.01972527975986699,0.013647849706347581,0.012834432151878038,0.009973140121398983,0.01377213357168338,0.009649767061957604,0.007848798539881657,-0.008898161648842273
2020-08-20,0.029971738976708396,0.019761386480800093,0.014170318224697819,0.015584350944589105,0.009973140121398983,0.013801720494430392,0.010019180530581972,0.009598636087475507,0.005275385289408219
2020-08-21,0.029971738976708396,0.01976095377200953,0.0140636668091187,0.014763173470456603,0.009973140121398983,0.01380179096467949,0.009943772217967871,0.00907610168344727,0.0020668724899750575
2020-08-24,0.029971738976708396,0.019761691738387634,0.01368600325429242,0.01335302753407654,0.009973140121398983,0.013802739397328328,0.009676743681584629,0.008178792892509463,0.004962472213249858
2020-08-25,0.029971738976708396,0.019753790739413413,0.01356704555428222,0.012829857326854403,0.009973140121398983,0.013793576002435958,0.009592634161035705,0.00784588747188167,-0.0004554430555014587
2020-08-26,0.029971738976708396,0.019759763003915246,0.013156298734685492,0.011714289819322947,0.009973140121398983,0.013800159251222547,0.009302213969149735,0.007136025814610787,0.0037058559618671555
2020-08-27,0.029971738976708396,0.019745287374940558,0.012929126691838322,0.01137264304141927,0.009973140121398983,0.013785963395124164,0.009141591061978895,0.006793069314890209,-0.004932402184537698
2020-08-28,0.029971738976708396,0.01976004938092002,0.012846493843160452,0.012085593525693107,0.009973140121398983,0.013798590827734145,0.009083165173757355,0.007239916486137527,0.0054641360977454095
2020-08-31,0.029971738976708396,0.019737213434387068,0.012838433135438289,0.012044736113937981,0.009973140121398983,0.013776330986505594,0.009077465817921305,0.007214308790694468,-0.0009989528085546985
2020-09-01,0.029971738976708396,0.019734532259442578,0.012460332154398372,0.011207406953450105,0.009973140121398983,0.013773926837377421,0.008810127997573247,0.006689506332431198,0.007498874829891599
2020-09-02,0.029971738976708396,0.0197322187124801,0.01281420885182917,0.01239051972635496,0.009973140121398983,0.013767943032611966,0.009060337940702518,0.00743103131558283,0.01052425853395239
2020-09-03,0.029971738976708396,0.019716184250413084,0.013795542865847162,0.015152761108144196,0.009973140121398983,0.013747224999919322,0.009754194104787117,0.009162287237250342,-0.01718408772300004
2020-09-04,0.029971738976708396,0.019839279140813387,0.016576598366060413,0.02349394755075992,0.01006427202652814,0.01384596273436475,0.011720550588838393,0.014390189663778072,-0.009068996277691765
2020-09-08,0.029971738976708396,0.019880048765332784,0.016882038441280525,0.023524627973639824,0.01006427202652814,0.013879620226309774,0.01193651322329575,0.014409418853573094,-0.011723961297129559
2020-09-09,0.029971738976708396,0.019947212996987762,0.01767866889468731,0.02493979529885368,0.010248911505327828,0.013935218216259999,0.012499773991492939,0.015296385802978462,0.01091968703116789
2020-09-10,0.029971738976708396,0.019958422360272995,0.018234635452234842,0.024699976175032654,0.010248911505327828,0.01393891008817729,0.012892872383547837,0.015146077332117987,-0.00813756549013488
2020-09-11,0.029971738976708396,0.01998725287449962,0.01827715361229215,0.02407267437810963,0.010248911505327828,0.013962597576201836,0.012922935019734783,0.014752911131019302,0.0012775868533988046
2020-09-14,0.029971738976708396,0.01998164502110298,0.017735306321268705,0.02153856165797503,0.010248911505327828,0.013957192047225859,0.01253981971190009,0.013164636593598462,0.00902201784579093
2020-09-15,0.029971738976708396,0.019980885195330932,0.017947124565224168,0.021128200798926265,0.010248911505327828,0.013951047170277727,0.012689586653771708,0.012907439785262853,0.0029011023664448857
2020-09-16,0.029971738976708396,0.01997137769578485,0.01747873684808502,0.019062047863190292,0.010248911505327828,0.013941576823936654,0.012358411233297029,0.011612462623365944,-0.0016713084297218742
2020-09-17,0.029971738976708396,0.019979086503270436,0.016973004473106675,0.01734374906969964,0.010248911505327828,0.01395219660098019,0.01200083112219998,0.010535505706770225,-0.004961586219908609
2020-09-18,0.029971738976708396,0.01999398047509773,0.016697050458089783,0.01679813926536179,0.010248911505327828,0.013964949700166021,0.011805716725278794,0.01019354058710067,-0.008469550012742945
2020-09-21,0.029971738976708396,0.0200173364825777,0.016892506617873396,0.018073813144336797,0.010248911505327828,0.013983869984720138,0.011943914789685922,0.010993078951724501,-0.010477959634515834
2020-09-22,0.029971738976708396,0.020070283760316474,0.017432295301524365,0.020209665697862686,0.010326944277006426,0.014027439359274408,0.012325574550892844,0.012331740882386472,0.0045165725892852724
2020-09-23,0.029971738976708396,0.020063352217940734,0.01709607549536806,0.018535092106334607,0.010326944277006426,0.014019440924854238,0.012087848983801063,0.011282189070689584,-0.014882719995226489
2020-09-24,0.029971738976708396,0.02015706284874013,0.01861885651751785,0.023577646550045225,0.010518167135216628,0.014094836884874663,0.013164537434090842,0.014442648652013368,0.0030291613531697407
2020-09-25,0.029971738976708396,0.02015347239087036,0.018133990807384384,0.02152482821293072,0.010518167135216628,0.014090771676439746,0.012821711182352261,0.01325776067997737,0.00857813200113582
2020-09-28,0.029971738976708396,0.020148160318671185,0.018248423735753642,0.020945016271033103,0.010518167135216628,0.014080939471439718,0.012902621444902078,0.012891196604957736,0.010348094924962492
2020-09-29,0.029971738976708396,0.020155962824542895,0.018649289703858724,0.021304077527517923,0.010518167135216628,0.014081574685030506,0.013186055340974443,0.013118199444754347,-0.0018173068473632983
2020-09-30,0.029971738976708396,0.02013423099761775,0.018110788132500107,0.01931921150275786,0.010518167135216628,0.014063389388723835,0.012805305637693937,0.01186334329946207,-0.0006228872489985601
2020-10-01,0.029971738976708396,0.020105588402692103,0.01756264766912274,0.017426216257214137,0.010518167135216628,0.014039287098640215,0.012417740717018925,0.0106665689644453,0.006536942178069017
2020-10-02,0.029971738976708396,0.020082524320761158,0.01743029937433771,0.016776229362879348,0.010518167135216628,0.014016111716862987,0.012324163322542719,0.010255639441474576,-0.003484640041158826
2020-10-05,0.029971738976708396,0.020090781502448012,0.01701556117201179,0.015836735045720706,0.010518167135216628,0.01402331633874444,0.012030921007434367,0.009661679847906439,0.0038107353103686518
2020-10-06,0.029971738976708396,0.02008977961503824,0.01663949994113255,0.014613513481724998,0.010518167135216628,0.014021773530311596,0.011765025400646589,0.008888344480437696,-0.006964564761390823
2020-10-07,0.029971738976708396,0.02000507520152021,0.01661357486702625,0.015676744122612173,0.010326944277006426,0.013956095333774413,0.011746694972661774,0.009560531664326643,0.005733405033327644
2020-10-08,0.029971738976708396,0.01997187457368229,0.016435455078234743,0.015039182049085255,0.010326944277006426,0.01392524771891705,0.011620754659136508,0.009157457262331551,0.007886613481797911
2020-10-09,0.029971738976708396,0.019974891345334884,0.01655637313775281,0.015466928380837767,0.010326944277006426,0.013925182123824287,0.011706250259765124,0.009427883631834631,0.005718781725386446
2020-10-12,0.029971738976708396,0.019966563413715624,0.0163794465266893,0.014861066020931004,0.010326944277006426,0.013915198072447642,0.011581153587354497,0.009044850169602745,0.008151969036178208
2020-10-13,0.029971738976708396,0.0199509642012577,0.01654593028265143,0.015467589668679964,0.010326944277006426,0.013907022757515625,0.011698866597037418,0.009428301705952597,-0.004869772591708843
2020-10-14,0.029971738976708396,0.019960498368853653,0.016280117404835776,0.01528182139473854,0.010326944277006426,0.01391505141824879,0.011510922531988352,0.009310856771509772,-0.002905946010006155
2020-10-15,0.029971738976708396,0.01993661236267559,0.015870782624577542,0.01440540483420428,0.010326944277006426,0.013895425960545845,0.011221500728199553,0.008756775693440395,-0.001309998890040476
2020-10-16,0.029971738976708396,0.019941548209810523,0.015405391161125619,0.013265757509261851,0.010326944277006426,0.013900055824873593,0.010892443820953139,0.00803627696388872,-0.0016693387858195963
2020-10-19,0.029971738976708396,0.019931280777461684,0.014966341877249286,0.012372307444301607,0.010326944277006426,0.013891263828117261,0.010582012257792282,0.007471427099695656,-0.009094622901169979
2020-10-20,0.029971738976708396,0.019971833101168554,0.015408104243421492,0.015517111560003315,0.010326944277006426,0.013924678317923189,0.010894362116709496,0.009459610040559771,0.0004423181011574023
2020-10-21,0.029971738976708396,0.019908844402854797,0.014940837476426636,0.01402615534331852,0.010248911505327828,0.013873138488941136,0.010563979268545713,0.008517009609331777,-0.0018180396155872524
2020-10-22,0.029971738976708396,0.019915580221647886,0.01452267787738723,0.013051628613098309,0.010248911505327828,0.01388379399218317,0.010268317841121352,0.00790090210337744,-0.0018401328745168753
2020-10-23,0.029971738976708396,0.019885164145155638,0.014119248979224144,0.011916606618825125,0.010248911505327828,0.013858686639277522,0.009983071815036717,0.007238815147894702,0.00433720721879004
2020-10-26,0.029971738976708396,0.019873042977068947,0.013910438813919287,0.011391492985173706,0.010248911505327828,0.013846230172641562,0.009835431747281314,0.006904028022685848,-0.00788301029288092
2020-10-27,0.029971738976708396,0.019912166748991555,0.014215083462574017,0.014064383330468212,0.010248911505327828,0.013882363654688626,0.010050831972184347,0.008608133986336497,-0.0014898371627345979
2020-10-28,0.029971738976708396,0.019919572198746342,0.01380815777815112,0.012928874891302717,0.010248911505327828,0.013889501045678564,0.00976311352930156,0.00788418857407367,-0.020377351630914368
2020-10-29,0.029971738976708396,0.020078871644568362,0.017721688997208825,0.025959042788804506,0.010326944277006426,0.014018510334421913,0.012530191528119322,0.016191595146360666,0.002551372785842188
2020-10-30,0.029971738976708396,0.020046923131696457,0.017243215763627896,0.023045250513500343,0.010326944277006426,0.013990462343154864,0.01219188510265435,0.014333901731467542,-0.00785342877221641
2020-11-02,0.029971738976708396,0.02008646609879231,0.017306528596667967,0.02259037018861449,0.010326944277006426,0.014025736268926826,0.012236650696063922,0.014043891976390997,0.011393495021580335
2020-11-03,0.029971738976708396,0.02009861894324479,0.01799157076178021,0.023018759954225924,0.010326944277006426,0.01402939738648338,0.012721012515924652,0.014317012628583299,0.010436004044911285
2020-11-04,0.029971738976708396,0.020095036575903155,0.01842930940928982,0.02285792313972272,0.010326944277006426,0.01402747910468222,0.013030517388367633,0.0142144708332373,0.016663713110924086
2020-11-05,0.029971738976708396,0.020123478120247253,0.020234311287305955,0.02651623486941497,0.010326944277006426,0.014036729565417884,0.014306751230622704,0.01654683394212301,0.01349762362364977
2020-11-06,0.029971738976708396,0.02012800714969944,0.021071780778613273,0.027154871831611745,0.010326944277006426,0.014029996078303825,0.014898887404928106,0.016953998066084608,-0.004046294829711183
2020-11-09,0.029971738976708396,0.020108366585325572,0.020559550665463108,0.024648465825910768,0.010326944277006426,0.014013983897690423,0.014536713041905895,0.015356034487382608,0.0007516634850140316
2020-11-10,0.029971738976708396,0.020105323272658113,0.01993782532579382,0.021838520758675286,0.010326944277006426,0.014011061612856911,0.014097119638299262,0.01356454904353096,0.0003722334205056854
2020-11-11,0.029971738976708396,0.020099071448268793,0.019331602561182926,0.01939697080022139,0.010326944277006426,0.0140053146999863,0.013668487392779278,0.012007934552376498,0.0048462660775311925
2020-11-12,0.029971738976708396,0.020098950270306656,0.018945039642111416,0.017759157428890754,0.010326944277006426,0.014004611506370272,0.013395166525090096,0.010963743742848999,-0.0009309966936575713
2020-11-13,0.029971738976708396,0.020106731552746025,0.018375557204106035,0.01597527137213981,0.010326944277006426,0.014013415111256746,0.012992511675361517,0.009826424034566102,0.010028346589736038
2020-11-16,0.029971738976708396,0.020082045250733538,0.018709814387435027,0.017311412552349054,0.010326944277006426,0.013986204676024693,0.013228849562084482,0.0106782832054753,0.006428747889957577
2020-11-17,0.029971738976708396,0.020027105992701487,0.018506046339427352,0.016531684962245743,0.010326944277006426,0.013937702104786304,0.013084774543656537,0.010181166502331388,-0.0005667167819560116
2020-11-18,0.029971738976708396,0.02003330821990844,0.017945183578323545,0.014872744264207649,0.010326944277006426,0.013944126011009993,0.012688214271171934,0.009123505928321571,-0.00698985528930789
2020-11-19,0.029971738976708396,0.02005205230303755,0.017848605607123338,0.015875671334701285,0.010326944277006426,0.013959543819890237,0.012619928427947487,0.009762923854666232,0.00413328031111988
2020-11-20,0.029971738976708396,0.020050081840549457,0.017464414363204794,0.014799112144034083,0.010326944277006426,0.013960041572513763,0.012348284462720247,0.008903247177116791,-1.6512035959470855e-05
2020-11-23,0.029971738976708396,0.020052483280078616,0.016932380560306503,0.013326217024324355,0.010326944277006426,0.013962411306252646,0.01197210782115977,0.007978478835709037,-0.0008851923294760475
2020-11-24,0.029971738976708396,0.020051169070468458,0.016424299533487455,0.012198144952426618,0.010326944277006426,0.013968119261634666,0.011612867086326374,0.007270210252999041,0.003952439619648741
2020-11-25,0.029971738976708396,0.020046182274362664,0.016082436487203953,0.011499503832231854,0.010326944277006426,0.01396235785801941,0.011371151443590896,0.006831563141391332,-0.0016551160210753538
2020-11-27,0.029971738976708396,0.020056116004719574,0.015620998723377938,0.010865768863423515,0.010326944277006426,0.013972640897165173,0.011044890015577024,0.006433667847860533,0.0032534229871980617
2020-11-30,0.029971738976708396,0.020048617558353448,0.015258167702539393,0.010212362489080883,0.010326944277006426,0.013971314609173101,0.010788348882044769,0.00602342171357694,-0.006036826239370342
2020-12-01,0.029971738976708396,0.02001143451290917,0.015188041640624594,0.01213417087307747,0.010248911505327828,0.013941880100601154,0.010738765967738827,0.007230043643400623,0.005695452603703089
2020-12-02,0.029971738976708396,0.020009962551356654,0.01507876429962578,0.012113523252236002,0.010248911505327828,0.013938610559092316,0.01066150098398844,0.007217079878483441,-0.0015609107970172456
2020-12-03,0.029971738976708396,0.019962455835417413,0.014646437485496731,0.011342886700981256,0.009986352511444991,0.013899932675866415,0.010355822570117627,0.006733229890934775,0.004105811054436237
2020-12-04,0.029971738976708396,0.019957620652220738,0.014391697733757584,0.010852446025377072,0.009986352511444991,0.013894245486358195,0.010175707803425818,0.006425303003223477,0.0011392182035827151
2020-12-07,0.029971738976708396,0.01995590094203348,0.013968361576008817,0.009916805448553502,0.009986352511444991,0.013892529531640326,0.009876386269332446,0.005837853990184824,0.0016942559741519926
2020-12-08,0.029971738976708396,0.019954383021552863,0.01357719813740596,0.009158347787243795,0.009986352511444991,0.01389094257227112,0.009599812585793394,0.005361650610805302,0.002934167909800878
2020-12-09,0.029971738976708396,0.019947908161438935,0.013269342918481898,0.008739844739538065,0.009986352511444991,0.013884254328302214,0.00938214231426018,0.0050988903068827866,-0.006770785142951552
2020-12-10,0.029971738976708396,0.01993806201924741,0.013431193355501615,0.011754965809553987,0.009986352511444991,0.013876383954419525,0.00949657931713763,0.00699195687608406,0.0020391962595323943
2020-12-11,0.029971738976708396,0.019884248918917644,0.013073767683281818,0.010733099082375264,0.009931712223253881,0.01383129977056331,0.009243860057100607,0.006350370122358462,0.00037987315030840724
2020-12-14,0.029971738976708396,0.019887965773120467,0.012677336262186334,0.009842135459658731,0.009931712223253881,0.013835291425966746,0.00896356162533864,0.005790971872877817,-0.0035495379389011705
2020-12-15,0.029971738976708396,0.019882735513413696,0.01245644821765065,0.010342052922653272,0.009931712223253881,0.01383092285867647,0.008807381844464493,0.00610484883323148,0.008870182231234947
2020-12-16,0.029971738976708396,0.019846035461522193,0.013092052185358142,0.012752985198113647,0.009931712223253881,0.01379510814914926,0.00925678818788141,0.007618570897884187,0.0008853202785145231
2020-12-17,0.029971738976708396,0.01977867110038041,0.012703236932799506,0.011527240855021876,0.009841753329477095,0.013740037126217372,0.008981874798735426,0.006848978040943836,0.004165012988688854
2020-12-18,0.029971738976708396,0.019699382240780612,0.01254283903315347,0.011021201187079041,0.009494931964610764,0.013674089110151293,0.008868464818253912,0.006531257207907026,-0.005193960030043754
2020-12-21,0.029971738976708396,0.019641686661941944,0.012515722696257883,0.012003242395218033,0.009494931964610764,0.013649439402700471,0.00884929210311958,0.007075669776334305,-0.0024026396279241418
2020-12-22,0.029971738976708396,0.0196545620969661,0.01221143656178719,0.011559569554104138,0.009494931964610764,0.013662388021351321,0.008634145367113245,0.006798927475279196,0.0005314372484104823
2020-12-23,0.029971738976708396,0.019658436886864004,0.011843299344513268,0.01061105780475701,0.009494931964610764,0.013666731798547216,0.008373852466036062,0.006207290350425867,-0.0006191719826763251
2020-12-24,0.029971738976708396,0.019665433958132247,0.011487924171090215,0.009945736372858343,0.009494931964610764,0.01367510190393926,0.008122583019425707,0.005792294058242069,0.004058865623729679
2020-12-28,0.029971738976708396,0.019659202937163105,0.011375566679248513,0.009716733207225865,0.009494931964610764,0.01366813390925633,0.008043140202625492,0.005649452628401724,0.0046182803253342905
2020-12-29,0.029971738976708396,0.019632675260386007,0.011338649211183752,0.009732844264512366,0.009494931964610764,0.01364349086327766,0.0080170375582524,0.0056595019500025314,-0.0009891933876114754
2020-12-30,0.029971738976708396,0.019620368634799677,0.011007670119313636,0.00929468682436124,0.009494931964610764,0.013643190541453007,0.0077830174592884264,0.005386199897284114,0.0026712811173172034
2020-12-31,0.029971738976708396,0.019621216955980965,0.010780340744802533,0.008825880371072929,0.009494931964610764,0.01364455793986822,0.007622283310131407,0.005093780428229467,0.003043169582238125
2021-01-04,0.029971738976708396,0.019621610347842756,0.010594807050283829,0.008520807435971407,0.009494931964610764,0.013646224387981283,0.0074911009647237485,0.00490349024540541,-0.006309890398963248
2021-01-05,0.029971738976708396,0.019652231040620735,0.010883166952199767,0.011075806144050758,0.009494931964610764,0.013673342070118713,0.007694986993905589,0.006497178558378348,0.002005073080431519
2021-01-06,0.029971738976708396,0.019649918106674432,0.010613301830693103,0.010226038255130703,0.009494931964610764,0.013670909240937834,0.00750417777364615,0.00596713322057479,-0.004073839064928663
2021-01-07,0.029971738976708396,0.019666424723313734,0.010548585056403763,0.010864570610804578,0.009494931964610764,0.013685610528482287,0.007458419517925986,0.00636541974395918,0.0029778455342136857
2021-01-08,0.029971738976708396,0.019647259378465492,0.010367049103418737,0.010190532207884693,0.009494931964610764,0.013667905827794318,0.00733006379175901,0.005944986214254631,-0.00020476192932911141
2021-01-11,0.029971738976708396,0.01965317671291662,0.010051904252487552,0.00952538531755392,0.009494931964610764,0.013675020960845,0.007107239356577335,0.005530098792911354,-0.00601942913147846
2021-01-12,0.029971738976708396,0.019681626772873783,0.01033169171804899,0.011521563307453846,0.009494931964610764,0.013700168642338337,0.0073050642101341315,0.006775220961880577,0.0011800969698809172
2021-01-13,0.029971738976708396,0.01968443025331193,0.01003949342114266,0.010563006265826952,0.009494931964610764,0.013703697838923874,0.0070984642283263445,0.006177318055030555,0.005109052893675891
2021-01-14,0.029971738976708396,0.019684507524828997,0.01015971236933069,0.010593686321700595,0.009494931964610764,0.013703224972844135,0.0071834655194754175,0.006196454834369256,-0.002873558607126969
2021-01-15,0.029971738976708396,0.01967565355404807,0.009985381361826803,0.01059818464391368,0.009494931964610764,0.013695797986442743,0.007060204079007877,0.006199260676703466,-0.0033811496130325084
2021-01-19,0.029971738976708396,0.019688971952991487,0.00987104620558044,0.010816533309394758,0.009494931964610764,0.013707806950027143,0.006979362946631047,0.006335456329260964,0.005398371233362321
2021-01-20,0.029971738976708396,0.019688108291511984,0.01005257377118193,0.010912878502036944,0.009494931964610764,0.013705486824901168,0.007107712742464738,0.006395551939892563,0.010048148237667554
2021-01-21,0.029971738976708396,0.019695820596311583,0.01130379547892642,0.013785591078709225,0.009494931964610764,0.013708447475542312,0.007992394086587654,0.008300548034228441,-0.00220106944100803
2021-01-22,0.029971738976708396,0.01969453041022947,0.011030973989774095,0.012941728420572595,0.009494931964610764,0.013707328480457713,0.007799494554686165,0.0077697760313918274,-0.0014751409647842388
2021-01-25,0.029971738976708396,0.01970302542245195,0.010727909122468852,0.012054634808579094,0.009494931964610764,0.013715700830418428,0.007585211320544268,0.007211812660692322,0.00583769081273885
2021-01-26,0.029971738976708396,0.01969907290516429,0.010920098455301015,0.012116081542244472,0.009494931964610764,0.013714515781244578,0.0077210995618077136,0.0072504613739407045,-0.0005852295514985338
2021-01-27,0.029971738976708396,0.019703910098217144,0.010592679057656994,0.01118902046123675,0.009494931964610764,0.01372251534103168,0.007489596358972634,0.006667359299244236,-0.013704507115289432
2021-01-28,0.029971738976708396,0.01977870396586476,0.012901867061955835,0.01856217646822281,0.009841753329477095,0.01378197084627419,0.009122317030961478,0.011304920569814383,0.003052424403310672
2021-01-29,0.029971738976708396,0.019777819291337668,0.012629177969828386,0.016787539261601238,0.009841753329477095,0.013780820276962936,0.008929511110909272,0.010188710798728151,-0.013074879368707036
2021-02-01,0.029971738976708396,0.019859119379921936,0.014333072643660365,0.021211455877117057,0.009931712223253881,0.013848694132586251,0.010134256697530262,0.012971262034712968,0.011416011363490798
2021-02-02,0.029971738976708396,0.019860148690506296,0.01534370111996882,0.021952361825836562,0.009931712223253881,0.013841435957188805,0.010848825629075716,0.013437276415754273,0.004113685838629434
2021-02-03,0.029971738976708396,0.019848783237136177,0.015059825775371894,0.01988845168364859,0.009931712223253881,0.013829764092319006,0.010648110424194817,0.01213912000454056,-0.0025069665000072134
2021-02-04,0.029971738976708396,0.019859815513118252,0.014670761329970198,0.018187399634230526,0.009931712223253881,0.013840103922351566,0.010373020842246245,0.011069193761812122,0.0023875181043090947
2021-02-05,0.029971738976708396,0.019852243647067412,0.014288747685637147,0.016385604750561146,0.009931712223253881,0.01383260763554685,0.010102916557569886,0.009935902378570087,0.0010221724365145238
2021-02-08,0.029971738976708396,0.019855292157815826,0.013865694518676615,0.014751530624520734,0.009931712223253881,0.013837166693889836,0.009803795113252259,0.008908103851998085,0.006453893334144411
2021-02-09,0.029971738976708396,0.01985169114812852,0.013937261174448783,0.014513785719642989,0.009931712223253881,0.01383101329143579,0.009854396605242864,0.00875856726792313,0.0011769952059899503
2021-02-10,0.029971738976708396,0.01985258256037823,0.013529310614207498,0.013130724364307133,0.009931712223253881,0.013831969707552924,0.009565953519787975,0.007888650536166672,0.0023841379885558567
2021-02-11,0.029971738976708396,0.01985126436647394,0.013187320441672718,0.012024581887025609,0.009931712223253881,0.013834063753626655,0.009324147991924898,0.00719291000015837,-0.00097566467825273
2021-02-12,0.029971738976708396,0.019858756602165146,0.012797663737818123,0.011179136916023518,0.009931712223253881,0.013841884254386752,0.009048639651253604,0.006661142755547969,-0.0014779091032910525
2021-02-16,0.029971738976708396,0.01986139646372055,0.012436343107211966,0.010584546631190808,0.009931712223253881,0.013844284345221343,0.008793166445213869,0.006287157873879282,-0.006399297565058992
2021-02-17,0.029971738976708396,0.019867161228752712,0.012596833905651922,0.012435859249044678,0.009931712223253881,0.013848979221650702,0.008906642110161504,0.007451594878622178,0.00015262442688356286
2021-02-18,0.029971738976708396,0.019871744619639906,0.012213393260267774,0.011374841905515427,0.009931712223253881,0.013855380301410501,0.008635528858648864,0.006784237110104562,-0.0038479508201111567
2021-02-19,0.029971738976708396,0.01988225889263151,0.012042628556724529,0.011727034885492371,0.009931712223253881,0.013864519194549205,0.00851478898774963,0.006974606643500353,-0.0034127413287361246
2021-02-22,0.029971738976708396,0.019896325949749036,0.011836607817361056,0.011696184685381354,0.009931712223253881,0.013877367498419207,0.008369121194832395,0.006955348032917137,-0.0032793705890461927
2021-02-23,0.029971738976708396,0.019887623836984693,0.011627167602398063,0.011616493847151944,0.009931712223253881,0.013870100748201284,0.00822103564793051,0.006905600063212324,0.00010717704183198522
2021-02-24,0.029971738976708396,0.01988091732911283,0.011273122674146199,0.010689867117022724,0.009931712223253881,0.013864004099300482,0.007970706756522143,0.006327142118455423,0.003448871179389557
2021-02-25,0.029971738976708396,0.019871055679648305,0.011104984142648096,0.010228826251016638,0.009931712223253881,0.013853990049458592,0.00785182373113671,0.006039331781102398,-0.02003534446801759
2021-02-26,0.029971738976708396,0.02002519316955968,0.015692876654676634,0.024503266199248114,0.010326944277006426,0.013975131755152834,0.011095711596181418,0.014950323582362314,0.002568615266366225
2021-03-01,0.029971738976708396,0.02002220552687303,0.015285051056235063,0.021885471692902145,0.010326944277006426,0.013971855000620228,0.010807356865469938,0.013316133696942517,0.007882671949955155
2021-03-02,0.029971738976708396,0.020013955284408726,0.015485199220099902,0.02092826357327033,0.010326944277006426,0.01396015984735877,0.010948872430246118,0.01271858494987624,-0.0036243667286241735
2021-03-03,0.029971738976708396,0.02001660731468064,0.015154846122863136,0.01932448610613216,0.010326944277006426,0.013962416497758867,0.010715294943307032,0.011717407466728523,-0.01083685792045719
2021-03-04,0.029971738976708396,0.020075876102820103,0.01593809138827969,0.021464984527926396,0.010495904548812895,0.014011657135582384,0.011269091660465753,0.013053639497995106,-0.009956107556558447
2021-03-05,0.029971738976708396,0.020128625130502363,0.01646111582831328,0.022490781902867577,0.010495904548812895,0.014058745631019828,0.011638898195753696,0.013694005917343653,0.009747159067004919
2021-03-08,0.029971738976708396,0.020136041270684944,0.016898530740444645,0.02221660728824004,0.010495904548812895,0.014060981481090412,0.011948174169794587,0.013522849097747217,-0.004845723108033063
2021-03-09,0.029971738976708396,0.020158455157175473,0.01661479259083197,0.020773834747242547,0.010495904548812895,0.014082089705876112,0.011747555969179455,0.012622180887257847,0.014002388178735512
2021-03-10,0.029971738976708396,0.02016620032096245,0.01797648037038863,0.023347639270734778,0.010495904548812895,0.014077345521992695,0.012710342793958503,0.014228909493778516,0.0050227081654942605
2021-03-11,0.029971738976708396,0.02016614344474765,0.017662286412632427,0.02127099720658421,0.010495904548812895,0.014077402873740473,0.012488190691623161,0.012932540566177278,0.0035011831591028166
2021-03-12,0.029971738976708396,0.020163594374617892,0.01724005254688732,0.01919192852614482,0.010495904548812895,0.014074244097296164,0.012189648537527254,0.011634656794005393,-0.003920746525514539
2021-03-15,0.029971738976708396,0.020175751496009888,0.016863505799136785,0.017954233185799487,0.010495904548812895,0.014084904878430997,0.011923409644081617,0.010862010506636249,0.006152169483083947
2021-03-16,0.029971738976708396,0.02017590093539587,0.016721402668155624,0.01705995452340009,0.010495904548812895,0.014083124918395466,0.01182293505341366,0.010303746234441807,-0.0018561451849414823
2021-03-17,0.029971738976708396,0.02018517440174217,0.01624646781972321,0.01561525382609754,0.010495904548812895,0.014094575118355069,0.011487130457408519,0.009401874349056033,0.0005084333296077717
2021-03-18,0.029971738976708396,0.02016367125584304,0.015754199235380965,0.014085109811040077,0.010495904548812895,0.014075879862720252,0.011139069973667043,0.00844666343903968,-0.01136312693597432
2021-03-19,0.029971738976708396,0.020226071611816804,0.01659006771406492,0.01908363332461533,0.010859120506860925,0.014127368965161292,0.011730074145553666,0.011264656288456399,0.0004505481284546198
2021-03-22,0.029971738976708396,0.020229999208414576,0.016086716282481,0.017287672985319573,0.010859120506860925,0.014131970996708086,0.01137417749006598,0.010169159262279358,0.00720765983228241
2021-03-23,0.029971738976708396,0.020226663859693777,0.016128375188781907,0.01705995093895506,0.010859120506860925,0.0141253342150827,0.011403632587426313,0.010030253731277994,-0.0026986243183621202
2021-03-24,0.029971738976708396,0.020238205945127975,0.015712471737469667,0.015984728453985523,0.010859120506860925,0.014136172170016026,0.01110956637833253,0.009374391233097938,-0.0011368071847065345
2021-03-25,0.029971738976708396,0.020245450868047455,0.01524757355821957,0.014726565392259326,0.010859120506860925,0.014143515870599815,0.010780858249666285,0.00860693893339553,0.0012853395309083916
2021-03-26,0.029971738976708396,0.020245492898060574,0.014801204280470008,0.01345941676164653,0.010859120506860925,0.014143560712648495,0.010465251055377345,0.007834005630700797,0.009133277819429941
2021-03-29,0.029971738976708396,0.02024950615485749,0.015264916390445107,0.015103222043444173,0.010859120506860925,0.01414213325184123,0.010793120568989248,0.008836691357340819,-0.004911602807213022
2021-03-30,0.029971738976708396,0.020263207888755533,0.015062202802959217,0.015139613568270786,0.010859120506860925,0.014153845417945848,0.01064979111111701,0.00885888940167026,-0.0011993800581576067
2021-03-31,0.029971738976708396,0.0202696484551873,0.01461933174792377,0.014006391756522994,0.010859120506860925,0.014160153125149073,0.010336657349277016,0.00816764856655501,0.00042521719308865637
2021-04-01,0.029971738976708396,0.02027340669231049,0.014176038955873549,0.012840003474789793,0.010859120506860925,0.014164420784070417,0.010023225396583405,0.007456176900923734,0.013684377905678979
2021-04-05,0.029971738976708396,0.02028837979808096,0.015802185629083254,0.017991446534580045,0.010859120506860925,0.014166508300258736,0.011172998946460106,0.010598445930502349,0.006237390430330948
2021-04-06,0.029971738976708396,0.020279174800898993,0.01572766748041184,0.017265851588445392,0.010859120506860925,0.014155325315012863,0.011120310589536522,0.01015584868138309,0.0017956578713167473
2021-04-07,0.029971738976708396,0.02028088407648785,0.015282832050926756,0.015704345477490007,0.010859120506860925,0.014157649232742646,0.010805787908836099,0.009203363671842355,-0.0016266643119259292
2021-04-08,0.029971738976708396,0.020274317652615496,0.014846220477652425,0.014573625179073077,0.010859120506860925,0.01415194832915319,0.010497079938767188,0.008513648705842891,0.005648211234111433
2021-04-09,0.029971738976708396,0.020272583180558877,0.01474939850655832,0.014223562177205598,0.010859120506860925,0.014148378118693692,0.010428621574435762,0.008300117833735321,0.0012589916943417602
2021-04-12,0.029971738976708396,0.0202696864910581,0.01431805718658172,0.013020189910395085,0.010859120506860925,0.014145499551403764,0.010123639958171653,0.007566086735814878,-0.0005561968165232688
2021-04-13,0.029971738976708396,0.020254382526606753,0.01388548910429676,0.012078046976286177,0.010859120506860925,0.014132252270786782,0.009817790954680198,0.006991399890026993,0.005220877968457183
2021-04-14,0.029971738976708396,0.020244614194723454,0.013787287754712949,0.012029333461755158,0.010859120506860925,0.014121306895309164,0.009748357295236182,0.006961685698050855,-0.003204307309514154
2021-04-15,0.029971738976708396,0.020259552747416434,0.013491403584753,0.011955121691109858,0.010859120506860925,0.014135585856916683,0.009539151202051684,0.006916418120437678,0.013516497827612195
2021-04-16,0.029971738976708396,0.0202682619430233,0.015179614201991983,0.01734453138145353,0.010859120506860925,0.01413244177055734,0.010732807313336602,0.010203841656158041,0.0005548213764233645
2021-04-19,0.029971738976708396,0.02027209610576241,0.014720577489950676,0.015702091114411287,0.010859120506860925,0.01413807742449535,0.010408243558650372,0.009091349672747237,-0.003082141870851829
2021-04-20,0.029971738976708396,0.020285289697512587,0.014379788836991437,0.015001849693850804,0.010859120506860925,0.014150323269033246,0.010167287570038812,0.008667907044001078,-0.002164092841916832
2021-04-21,0.029971738976708396,0.020289292969494603,0.0139961551214209,0.01416294772797067,0.010859120506860925,0.01415390339560372,0.009896037807473858,0.008160615068316073,0.007066326181308825
2021-04-22,0.029971738976708396,0.02029095886936548,0.014154601125852562,0.014469570970631897,0.010859120506860925,0.014153721349494728,0.010008067692588456,0.008346033051449972,-0.0038657629955345606
2021-04-23,0.029971738976708396,0.020297104271703614,0.013899069400038598,0.014240647531694108,0.010859120506860925,0.014158980900462668,0.009827392957439672,0.008207600876603988,0.004857194457475034
2021-04-26,0.029971738976708396,0.020296580638110327,0.01375695594720688,0.013698290243094253,0.010859120506860925,0.014157558030451625,0.009726911068665738,0.007879632279972643,0.0010435356488289861
2021-04-27,0.029971738976708396,0.020285377331770955,0.013351112652900282,0.01263864250965435,0.010859120506860925,0.01414731595350446,0.009439957934070863,0.007238853244888496,-0.003293511128859372
2021-04-28,0.029971738976708396,0.02028760925146034,0.013079729188854786,0.012539548757887022,0.010859120506860925,0.014149229177688133,0.009248075163608628,0.007178930313298573,0.00041353183260911525
2021-04-29,0.029971738976708396,0.020290009665585078,0.01268345716026781,0.011653509728984828,0.010859120506860925,0.014154950194136555,0.008967889430961292,0.006643134108512897,0.002145605914544191
2021-04-30,0.029971738976708396,0.020279977595762375,0.012357699635042244,0.010935982866988816,0.010859120506860925,0.014145344530549291,0.008737561261708045,0.00620923880937966,-0.0031275225909272453
2021-05-03,0.029971738976708396,0.020257000465081464,0.012113056150767623,0.01111028245944316,0.010859120506860925,0.014126472338618691,0.00856458510156043,0.006314639426154338,0.003249683905249912
2021-05-04,0.029971738976708396,0.020246085004519344,0.01188914137014201,0.010658015411081783,0.010859120506860925,0.01411563092502383,0.008406265254752505,0.006041149252293843,-0.0032936698049230613
2021-05-05,0.029971738976708396,0.020256769020019747,0.011678748224678761,0.010958359126886025,0.010859120506860925,0.014125147317038999,0.008257505934505256,0.006222769945976519,0.0007375158662427331
2021-05-06,0.029971738976708396,0.02026027348235266,0.011330763075861016,0.01028443941347785,0.010859120506860925,0.014129303141469526,0.008011461634533949,0.005815244303204626,0.006739341450615943
2021-05-07,0.029971738976708396,0.0202132528481252,0.01163748686244666,0.011341932801607522,0.010859120506860925,0.014086774244870578,0.008228331922278726,0.006454720585245885,0.004780858103602393
2021-05-10,0.029971738976708396,0.020213165317055255,0.01160719975646025,0.011289612133957112,0.010859120506860925,0.014086216932709207,0.008206917302097662,0.0064230817812603825,-0.007261341508654851
2021-05-11,0.029971738976708396,0.02024921177167072,0.011990190349462195,0.013587826579134304,0.010859120506860925,0.014118982967882741,0.008477712342262186,0.007812833854637146,-0.007823364895968776
2021-05-12,0.029971738976708396,0.020288255742312952,0.012450417546957276,0.015541550221098623,0.010859120506860925,0.014153041514761808,0.00880311783447973,0.00899426907184368,-0.016771748993932543
2021-05-13,0.029971738976708396,0.020388830394513405,0.015396471618304519,0.023444943037313624,0.011286160512904169,0.014231941802483135,0.01088613722230392,0.013773525670850464,0.007725848582588535
2021-05-14,0.029971738976708396,0.02036753027534871,0.015563097582975772,0.022341801669184636,0.011286160512904169,0.014209355814135695,0.01100395078122696,0.01310644562233622,0.012721380706211606
2021-05-17,0.029971738976708396,0.020384770696698324,0.016739980998491128,0.024592268402728754,0.011286160512904169,0.014216680897723774,0.011836070936647658,0.014472901233018108,-0.0005740472932454054
2021-05-18,0.029971738976708396,0.020386859322760707,0.016233309859363793,0.022023393112377568,0.011286160512904169,0.014218663705621262,0.011477827068580915,0.012918497899220387,-0.003784470369789028
2021-05-19,0.029971738976708396,0.02039555836933158,0.015885834800374844,0.02043319171067589,0.011286160512904169,0.014226197717007321,0.011232143429675963,0.011956281333278423,-0.002904296081640956
2021-05-20,0.029971738976708396,0.020408921362925093,0.015490548775581455,0.01884645342656903,0.011286160512904169,0.014238904491678552,0.010952654854979151,0.010996160268645893,0.009671909322599337
2021-05-21,0.029971738976708396,0.02039724658956126,0.015997977517613754,0.01950236160085765,0.011286160512904169,0.014222693369349101,0.011311434389228893,0.01139304440568784,0.000715350408729154
2021-05-24,0.029971738976708396,0.02038342034269726,0.015515970226431577,0.01752208637159599,0.011286160512904169,0.014210323797970954,0.010970629194113806,0.010194797675002613,0.007223856388523455
2021-05-25,0.029971738976708396,0.02038513914277485,0.01559632979000405,0.017243000750123066,0.011286160512904169,0.014210321381752338,0.01102744774695252,0.01002592547553776,0.0027934709413294455
2021-05-26,0.029971738976708396,0.020379011798419982,0.015204758114100003,0.015686955603691943,0.011286160512904169,0.01420399225275675,0.01075058541758667,0.009084376552459583,0.0004852299015016382
2021-05-27,0.029971738976708396,0.02038288196891812,0.014744152819053469,0.014238242348316197,0.011286160512904169,0.014208353282447234,0.010424912589973682,0.008207773191318936,-0.0010019412526477535
2021-05-28,0.029971738976708396,0.020390364412514787,0.014306383729040955,0.013178388909997518,0.011286160512904169,0.014217741069281996,0.010115386193036504,0.007566465408085009,0.0014563140623337746
2021-06-01,0.029971738976708396,0.020392789083283437,0.013895356334658113,0.012092327556493327,0.011286160512904169,0.014220993384022731,0.009824767619618811,0.006909299451085598,0.0014723402807878317
2021-06-02,0.029971738976708396,0.020395237320435085,0.013498147343775767,0.01117505622506138,0.011286160512904169,0.014224493022765931,0.009543919404009638,0.0063542668183492815,0.0033157667469237316
2021-06-03,0.029971738976708396,0.020390966724073638,0.01322263155462689,0.010690776924212107,0.011286160512904169,0.014224687235151145,0.009349114856452116,0.006061233769000113,-0.005429289299084396
2021-06-04,0.029971738976708396,0.020405426886035076,0.013187848575009454,0.012251972471854158,0.011286160512904169,0.014236900147157519,0.00932452141072616,0.007005899153528455,0.009745863367744079
2021-06-07,0.029971738976708396,0.020408660334601716,0.013940089477571615,0.014844092360891467,0.011286160512904169,0.014233909889150994,0.009856396368348641,0.008574367584929864,0.0006011835384403644
2021-06-08,0.029971738976708396,0.020406461892913813,0.013519759151405962,0.013511423920047415,0.011286160512904169,0.014231791362548218,0.009559200119573367,0.0077679818973584724,0.0026640988161030776
2021-06-09,0.029971738976708396,0.020407241252599222,0.013195510006820354,0.012496446471071803,0.011286160512904169,0.014233015385137868,0.009329938456922227,0.007153828171662621,0.0017255232980324386
2021-06-10,0.029971738976708396,0.02040299597987523,0.012831251213407523,0.011530919135878502,0.011286160512904169,0.014228771870519748,0.009072387811045116,0.006569596265063479,0.005079877764276075
2021-06-11,0.029971738976708396,0.020401036152413562,0.012772698803475533,0.011578970967240724,0.011286160512904169,0.014225438627035458,0.009030988093952894,0.006598671996043909,-0.0011113905113338874
2021-06-14,0.029971738976708396,0.020407182851372576,0.012399774487724788,0.010987172323870727,0.011286160512904169,0.01423478935943304,0.008767310455631533,0.006240579959561463,-0.001425263395340126
2021-06-15,0.029971738976708396,0.02041581548132569,0.012049429794430334,0.010492428580973599,0.011286160512904169,0.01424354366580438,0.008519597830241756,0.0059091888893178,-0.0024204965235467783
2021-06-16,0.029971738976708396,0.020424152782231753,0.011763497201295816,0.010511355478564332,0.011286160512904169,0.014255844281282844,0.008317428039502757,0.0059205816951778565,-0.005444814760318106
2021-06-17,0.029971738976708396,0.020426138081633568,0.011819625132937375,0.012141490015917267,0.011286160512904169,0.01425747933277398,0.008357113519462183,0.006901820496772383,0.0004659024693626553
2021-06-18,0.029971738976708396,0.020429842246503307,0.011462626662073804,0.011197253502856077,0.011286160512904169,0.014261643433303611,0.008104696313863393,0.00633344930821854,-0.0040790585336730415
2021-06-21,0.029971738976708396,0.020426159510551118,0.01135390332355809,0.011819660524404092,0.011286160512904169,0.014258573406026334,0.008027823039798319,0.006708099317732181,0.0053029826791707105
2021-06-22,0.029971738976708396,0.02040242752777162,0.011415249864966753,0.011893439699156181,0.011286160512904169,0.014235692545572626,0.008071198358796374,0.006752509755863214,0.0019447412141902713
2021-06-23,0.029971738976708396,0.020404095223856097,0.011122838071584092,0.011019659946205627,0.011286160512904169,0.014238642616842807,0.00786444742344576,0.006226549120101815,-0.0021361832668077676
2021-06-24,0.029971738976708396,0.020414939037083874,0.01085247594775923,0.010817832502869655,0.011286160512904169,0.014249340500670995,0.007673286795697006,0.0061050616513745656,0.0035333337610008457
2021-06-25,0.029971738976708396,0.020412716820567438,0.010712774190099278,0.010447717208735724,0.011286160512904169,0.01424653033035126,0.007574510105700369,0.005882275446097598,-0.00047492489341935927
2021-06-28,0.029971738976708396,0.02041678134066877,0.010389945108187023,0.009905910750575949,0.011286160512904169,0.014254087917385801,0.007346252504077601,0.005556141923054667,0.0029554374515285975
2021-06-29,0.029971738976708396,0.020415254030572958,0.010213234022341896,0.00955993911568454,0.011286160512904169,0.014255596640021016,0.007221308219640033,0.005347888687123721,-0.0005811193635408719
2021-06-30,0.029971738976708396,0.020389747537436276,0.009907633216653213,0.009206673188541906,0.011286160512904169,0.0142339948649545,0.007005231940057998,0.00513524474452221,0.0008630507251995766
2021-07-01,0.029971738976708396,0.020379962621066602,0.00961838808224459,0.008751323091987239,0.011286160512904169,0.014225017864976281,0.0068007200036795026,0.0048611525313882005,0.003248445072809147
2021-07-02,0.029971738976708396,0.020376518535411958,0.009507317862241375,0.00872506053144916,0.011286160512904169,0.01422105666745432,0.006722187357613441,0.004845344116291961,0.006168235135844947
2021-07-06,0.029971738976708396,0.020376434396282225,0.0098650985140376,0.010081540424716711,0.011286160512904169,0.014219003363853193,0.006975157607388625,0.005661859977012447,0.003360045017699842
2021-07-07,0.029971738976708396,0.020352161051581778,0.009754329510785953,0.00980809801135687,0.011286160512904169,0.014196800777906155,0.006896837937839034,0.005497264785730862,0.005346133945865405
2021-07-08,0.029971738976708396,0.02035150508763178,0.009935734343702108,0.010390923118896429,0.011286160512904169,0.014194815858122045,0.00702510095503361,0.005848088964322876,-0.003716036387415645
2021-07-09,0.029971738976708396,0.02036724336615694,0.00986304390415398,0.011033061034645275,0.011286160512904169,0.014209218708380112,0.006973704887201435,0.006234615735254904,0.0037281166078352752
2021-07-12,0.029971738976708396,0.020350014419317025,0.009795713583209574,0.010678853958779305,0.011286160512904169,0.014192699678895696,0.006926098712800337,0.006021405280120687,0.002203725273046431
2021-07-13,0.029971738976708396,0.020349326408173277,0.009579957485508984,0.010044407878910595,0.011286160512904169,0.01419191252217872,0.006773547495589957,0.005639508512202608,-0.005451917838293974
2021-07-14,0.029971738976708396,0.020374608663867245,0.009793908673754645,0.011830181180292809,0.011286160512904169,0.014214859789355121,0.006924822544306198,0.006685423025324032,0.006006078696256511
2021-07-15,0.029971738976708396,0.0203447342543773,0.010093502775628609,0.012232005097639958,0.011286160512904169,0.014186515404588153,0.007136651759781479,0.0069265147330365194,0.0011681643721802133
2021-07-16,0.029971738976708396,0.02034536782270839,0.009808627694586609,0.01124646935638748,0.011286160512904169,0.014187188731737637,0.006935229687223554,0.0063351997699080875,-0.005475121625987979
2021-07-19,0.029971738976708396,0.02037009632085466,0.010008524074816937,0.012687768449838195,0.011286160512904169,0.014209296593947051,0.007076567227367627,0.007199969746913435,-0.0028468394183536316
2021-07-20,0.029971738976708396,0.02038401408932744,0.009838290556918289,0.01240626925847306,0.011286160512904169,0.014223058689335356,0.006956202933416212,0.007031072083444409,0.005798829037879017
2021-07-21,0.029971738976708396,0.020357643962776575,0.010094721439663657,0.01256952619003057,0.011286160512904169,0.014197703142981872,0.007137513421092091,0.007129025168678746,0.0005803596289114869
2021-07-22,0.029971738976708396,0.020361666041363035,0.009792781324403355,0.011540434473590077,0.011286160512904169,0.014202672361706598,0.006924025447410243,0.006511576906894302,0.0031135582067229215
2021-07-23,0.029971738976708396,0.02035800731420465,0.009658804576136763,0.010912745589147238,0.011286160512904169,0.014198562468115135,0.0068292966483460334,0.00613496770438202,0.003322892225605401
2021-07-26,0.029971738976708396,0.020352398266312806,0.00955407337424299,0.010454352229375187,0.011286160512904169,0.01419248970203931,0.00675524603054624,0.005859934703257722,4.1856892171909884e-05
2021-07-27,0.029971738976708396,0.020337285394286343,0.009263048518503438,0.009822464570380522,0.011286160512904169,0.014179242461321274,0.0065494757350380494,0.00548080626362864,0.001708105598449083
2021-07-28,0.029971738976708396,0.020339378918335396,0.009033449861943228,0.009269989118478846,0.011286160512904169,0.014182415792140399,0.006387137080875264,0.005149324625981048,0.000443486038075791
2021-07-29,0.029971738976708396,0.02033571087416364,0.008761899797648201,0.00881099477716054,0.011286160512904169,0.014178962760755233,0.0061951365150361,0.004873931039881502,0.0018178170361503156
2021-07-30,0.029971738976708396,0.020283546417434965,0.008557899140754879,0.008457830459120136,0.011286160512904169,0.014135207659513184,0.006050897029559401,0.004662034771730998,-0.0017014503503786197
2021-08-02,0.029971738976708396,0.020284239168935726,0.008353646140681228,0.008662399888252084,0.011286160512904169,0.014142907265908505,0.0059064791238214705,0.004784775083807995,0.001999630464967761
2021-08-03,0.029971738976708396,0.02028545893482381,0.008178922566486984,0.008360970497168172,0.011286160512904169,0.014144483284139609,0.005782940117495591,0.004603919431583662,0.0041788153433653715
2021-08-04,0.029971738976708396,0.020272111599836315,0.008279577255060204,0.00875797286193718,0.011286160512904169,0.014139465683521774,0.0058541084201457665,0.004842118239459414,-0.001936207433333104
2021-08-05,0.029971738976708396,0.02026196711124197,0.008102816446238123,0.008982429900219581,0.011286160512904169,0.014130808586338637,0.00572912897887723,0.004976790986230832,0.0022663196327180725
2021-08-06,0.029971738976708396,0.020260586764376906,0.007961412698085875,0.008659656489306404,0.011286160512904169,0.014129264364935543,0.005629148889653189,0.004783129062483239,-0.007398081398979473
2021-08-09,0.029971738976708396,0.020297005787746316,0.008795063832507121,0.012485971182646462,0.011286160512904169,0.014162680001397041,0.006218585279354949,0.00707889271376875,-0.003757828657829598
2021-08-10,0.029971738976708396,0.02026985469538204,0.008791890031010826,0.012641218294927483,0.011286160512904169,0.014140616584632738,0.006216341230233724,0.00717203996011578,-0.0015823776078746077
2021-08-11,0.029971738976708396,0.02027852299760581,0.008571612869315074,0.011940725927632054,0.011286160512904169,0.014151420386042645,0.006060593376530107,0.006709229291688181,0.003460478624630947
2021-08-12,0.029971738976708396,0.02027870551863575,0.008541230123676014,0.01130291791896717,0.011286160512904169,0.014152505422930664,0.006039111133947726,0.006328563057270828,0.0008622073746097915
2021-08-13,0.029971738976708396,0.020278380459552183,0.008295592079458968,0.010435599231703068,0.011286160512904169,0.01415217667181025,0.005865431766190116,0.00581091678404239,0.008051069819174184
2021-08-16,0.029971738976708396,0.020275860727031726,0.009259356763435716,0.012519767446519257,0.011286160512904169,0.01414554591740925,0.006546865464759594,0.00705482161974236,0.001530215869767304
2021-08-17,0.029971738976708396,0.020276605752565145,0.009019527877950205,0.011468613472825065,0.011286160512904169,0.014146383022036454,0.006377293486062634,0.006427455986945412,-0.003934163824601478
2021-08-18,0.029971738976708396,0.02028375221472153,0.009027545236615829,0.011963685146829349,0.011286160512904169,0.014152509671325546,0.006382962191773795,0.0067229321605739014,-0.0045891389107382
2021-08-19,0.029971738976708396,0.020276414595264514,0.009134840559491911,0.01269051367390258,0.011286160512904169,0.014146476551438346,0.006458825781633681,0.007156728968875584,0.0020303281343932
2021-08-20,0.029971738976708396,0.020277975192472878,0.008931804884623648,0.011653204777385155,0.011286160512904169,0.014149214183542747,0.006315268590581464,0.006537626564703077,0.0043277318502152
2021-08-23,0.029971738976708396,0.020277793029150268,0.009004007875619524,0.01134918398074041,0.011286160512904169,0.014148685802590466,0.006366320005952984,0.00635617626889137,0.005280763369911923
2021-08-24,0.029971738976708396,0.02027754075209372,0.009233793564063154,0.011511213556262239,0.011286160512904169,0.014147317717378458,0.006528790901761668,0.006452881213859448,-0.0019749705016871674
2021-08-25,0.029971738976708396,0.0202883662965002,0.009022954913818675,0.01113549532121684,0.011286160512904169,0.014158998692653609,0.0063797165855658715,0.006228639367106762,-0.0023751755481428386
2021-08-26,0.029971738976708396,0.020295633173627946,0.008852160823742287,0.010984635703035865,0.011286160512904169,0.014165598778743663,0.00625895593680011,0.006138601045231811,-0.0019017177850679358
2021-08-27,0.029971738976708396,0.020301552871537346,0.008650632523801344,0.010689820306735017,0.011286160512904169,0.014171043745315672,0.006116464541256829,0.00596264485585591,0.009081567200080465
2021-08-30,0.029971738976708396,0.020304073265725486,0.009855158624933746,0.013450452518399585,0.011286160512904169,0.014172110682510237,0.006968129568793705,0.007610287178230313,0.0030235471231999326
2021-08-31,0.029971738976708396,0.020290532541955623,0.009709025795784221,0.012446345505515962,0.011286160512904169,0.014159075649056479,0.0068648057638178986,0.007011000825042959,-0.002011696914295635
2021-09-01,0.029971738976708396,0.02030006887816573,0.009482792978376986,0.011900627652038438,0.011286160512904169,0.014168252495231914,0.006704846939774367,0.006685297231617624,0.003228770011430693
2021-09-02,0.029971738976708396,0.020273589837851054,0.009376197871231009,0.011209745587181486,0.011286160512904169,0.014144305680989832,0.006629478440264538,0.006272954535253389,0.003206431080657224
2021-09-03,0.029971738976708396,0.020239226001297246,0.009272364723198683,0.010639283810776081,0.011286160512904169,0.014113987466726279,0.006556062795061786,0.005932482899035072,-0.0012850677920342112
2021-09-07,0.029971738976708396,0.020247739384112954,0.00901966599183337,0.010217666737601208,0.011286160512904169,0.014122858191608023,0.0063773911400395785,0.00568084701263799,-0.006973071041279866
2021-09-08,0.029971738976708396,0.020278241008770587,0.009605305742913744,0.01312699118957568,0.011286160512904169,0.014148943922615889,0.006791470083004494,0.0074172340896045096,0.001014061679183631
2021-09-09,0.029971738976708396,0.020240791004206973,0.009330599896068612,0.011933287235630299,0.011286160512904169,0.014117180091129448,0.006597238208412526,0.006682025345783482,0.0001562663615947697
2021-09-10,0.029971738976708396,0.020245396146888722,0.009046790480350753,0.011021902121005423,0.011286160512904169,0.014122337008594875,0.006396569618810908,0.006138839906069862,-0.00798915382537533
2021-09-13,0.029971738976708396,0.020285832275946634,0.009882262661560805,0.014371286210911837,0.011286160512904169,0.01415810231945649,0.006987293586973671,0.008135072498034515,0.004643409433318758
2021-09-14,0.029971738976708396,0.020281534602226,0.009939859219318982,0.013654698606361837,0.011286160512904169,0.014152588724562595,0.007028017464939479,0.0077079863553877435,0.0015290795242300142
2021-09-15,0.029971738976708396,0.020282164426885532,0.009676360943597572,0.012449965676854198,0.011286160512904169,0.014153293108456012,0.006841709948616488,0.006989965646522611,0.0023149612949969873
2021-09-16,0.029971738976708396,0.020282838413367057,0.00947386926501074,0.011497950322905612,0.011286160512904169,0.014154186899863008,0.00669853739232442,0.006422564588122042,-0.004348062847461786
2021-09-17,0.029971738976708396,0.0202985440946995,0.009513562424620006,0.012201735556548889,0.011286160512904169,0.014168016959726594,0.006726602600575092,0.00684202051895302,-0.007702026456161159
2021-09-20,0.029971738976708396,0.020332680074877738,0.010214685793822837,0.01489671942090827,0.011286160512904169,0.014196900974267736,0.007222334700508426,0.008448230640110955,-0.004696553704050489
2021-09-21,0.029971738976708396,0.020335975250909615,0.010258743933434759,0.014974293510123938,0.011286160512904169,0.014199654084115968,0.007253486185437259,0.008494464789741913,0.001065568857100041
2021-09-22,0.029971738976708396,0.02033773345652804,0.009964738299293376,0.013569476833367355,0.011286160512904169,0.01420160760668038,0.007045608318563626,0.007657194186968102,0.006792589209426181
2021-09-23,0.029971738976708396,0.020325296995210157,0.010407703863873316,0.013932073078252321,0.011286160512904169,0.0141871793751715,0.007358808903757416,0.007873301513668753,-0.0021854095772815933
2021-09-24,0.029971738976708396,0.02033463314357139,0.01016719819225113,0.01318821797165108,0.011286160512904169,0.014195986362580881,0.007188758400698729,0.007429963942450328,-0.004408430885588644
2021-09-27,0.029971738976708396,0.0203306640569479,0.010172520566532648,0.01350949260021722,0.011286160512904169,0.01419269719289069,0.007192521606854884,0.007621443589842154,-0.00344602899898101
2021-09-28,0.029971738976708396,0.020308929277522106,0.010056210847032785,0.013309853836908657,0.011286160512904169,0.014174876966661944,0.007110284351582847,0.007502458906318681,-0.016563110889524703
2021-09-29,0.029971738976708396,0.020419958949782067,0.013569841223035584,0.02335026819566981,0.011381168654032074,0.014267829886440613,0.009594610849879209,0.013486544888033872,0.0012637421852714106
2021-09-30,0.029971738976708396,0.020417172235864072,0.013176142739133074,0.02083802365571698,0.011381168654032074,0.014270401658788807,0.009316244752358503,0.011989247386456738,-0.0051811283692060894
2021-10-01,0.029971738976708396,0.02041605219378925,0.013111473467399729,0.019945402396411564,0.011381168654032074,0.01426947921507438,0.009270520083511733,0.011457245202689337,0.009162034501085724
2021-10-04,0.029971738976708396,0.020393620586773336,0.013742397583786398,0.020087876098266476,0.011381168654032074,0.014244741713881398,0.00971661751921775,0.011542159515143893,-0.006483509166189039
2021-10-05,0.029971738976708396,0.020424076494702688,0.01382649305389233,0.01992315862912307,0.011381168654032074,0.014271898962646959,0.009776077559806464,0.011443987919547881,0.0007965537687655071
2021-10-06,0.029971738976708396,0.02041752772655027,0.013412964836321099,0.01785208113223999,0.011381168654032074,0.014265764481522255,0.009483690769288617,0.010209625932751052,0.003910676410731983
2021-10-07,0.029971738976708396,0.020415529936861847,0.013193905444761822,0.017063272845597253,0.011381168654032074,0.014263011284384366,0.009328803944861028,0.009638168014524972,0.0008396537824037155
2021-10-08,0.029971738976708396,0.020417037372994076,0.012800910966235552,0.015706106238949424,0.011381168654032074,0.014264618917124855,0.009050935617174929,0.008838274682331124,-0.003743637436407154
2021-10-11,0.029971738976708396,0.020431179494592076,0.012592947480942538,0.015314323490499004,0.011381168654032074,0.014277356343583686,0.008903894197929443,0.008607363896124763,-0.00391379251081293
2021-10-12,0.029971738976708396,0.020445110871191788,0.012411336613036129,0.01504246273844797,0.011381168654032074,0.014289767777088312,0.008775485502865802,0.008447133308527305,0.005958235509540577
2021-10-13,0.029971738976708396,0.020443443955105032,0.012503052438561311,0.01481605660077704,0.011381168654032074,0.014285970979868737,0.008840333546422548,0.008313692978501758,0.007854223390184668
2021-10-14,0.029971738976708396,0.0204383314676579,0.012921994644539539,0.01542779449838038,0.011381168654032074,0.014277089268797989,0.00913654831923268,0.008674241980331251,0.010297740805924008
2021-10-15,0.029971738976708396,0.0204444031295214,0.013834487028731341,0.01720698747729051,0.011381168654032074,0.014276100441804584,0.009781729731888908,0.009722871230082326,0.0004660507515767079
2021-10-18,0.029971738976708396,0.020443847627713,0.013415661681334136,0.015843945264951306,0.011381168654032074,0.014275555724362201,0.009485597584408798,0.008919514905362642,0.002171436563254414
2021-10-19,0.029971738976708396,0.02044417499387273,0.013065689763104854,0.014665161117400302,0.011381168654032074,0.01427595820269652,0.00923814853112912,0.008224757478305988,-8.140539274705785e-05
2021-10-20,0.029971738976708396,0.020445840524390867,0.012667741151105454,0.01361458762233156,0.011381168654032074,0.014277588054309905,0.008956777363432457,0.0076055654575409685,0.0023462942344221974
2021-10-21,0.029971738976708396,0.02044100060784312,0.012354389747301983,0.012708355676698913,0.011381168654032074,0.014272590343104989,0.008735220992260333,0.007071446148104765,0.0002618976185086664
2021-10-22,0.029971738976708396,0.020436379568057182,0.011978954941672598,0.011858308065185957,0.011381168654032074,0.014268295422955957,0.00846976830196657,0.006570441029672052,0.004570863134376535
2021-10-25,0.029971738976708396,0.020431996213989098,0.011902512935040493,0.011669447498597557,0.011381168654032074,0.014262740847749865,0.008415719673529129,0.006459129487530923,0.0025007818951645056
2021-10-26,0.029971738976708396,0.020431500765708595,0.011627568765183293,0.011022689219538995,0.011381168654032074,0.014264993428865738,0.008221319291692324,0.006077940006131932,0.002574385390101808
2021-10-27,0.029971738976708396,0.020432230319399405,0.01136839306771609,0.010471706725876766,0.011381168654032074,0.01426608958314194,0.008038068071720602,0.005753199314254358,0.0027030967978105996
2021-10-28,0.029971738976708396,0.02043291254238471,0.0111291749521536,0.01001716604316818,0.011381168654032074,0.014267180695749528,0.007868927940355815,0.005485299957220013,0.005190877015864116
2021-10-29,0.029971738976708396,0.020419235537901353,0.011188230380177017,0.010387704757997869,0.011381168654032074,0.014252820038310281,0.007910683318414026,0.005703689833496166,-0.0008271501965368524
2021-11-01,0.029971738976708396,0.020390467997943813,0.010857627312845205,0.009975126205741485,0.011381168654032074,0.014228674020821123,0.007676929089113209,0.005460522317187162,0.0005145443564022249
2021-11-02,0.029971738976708396,0.02039356190040313,0.01053094281011403,0.009449735159672946,0.011381168654032074,0.014232030142524037,0.007445945496683911,0.005150864834836781,0.002999122465642512
2021-11-03,0.029971738976708396,0.02036410030079364,0.010352170044977549,0.009203152160073112,0.011381168654032074,0.014205768142048126,0.0073195434936059655,0.005005532569626217,-0.0003396204826975222
2021-11-04,0.029971738976708396,0.020361710782029443,0.01003866685914205,0.00857583459061776,0.011381168654032074,0.014203567689581375,0.0070978798043372345,0.004595982514554216,0.005160646697949988
2021-11-05,0.029971738976708396,0.02035467670378521,0.010167409001405866,0.009181711599868497,0.011381168654032074,0.014195151111885027,0.007188907454160006,0.004954401809892947,0.007839520342538498
2021-11-08,0.029971738976708396,0.020355467854513722,0.010822657328403804,0.011131248671866163,0.011381168654032074,0.014192159719958075,0.007652203420873849,0.006107691492309276,4.394315841309561e-05
2021-11-09,0.029971738976708396,0.020360130546362522,0.010492985465139961,0.010458835910125298,0.011381168654032074,0.014197212584832215,0.007419107603157009,0.0057099115723582405,0.0030291357468063993
2021-11-10,0.029971738976708396,0.020360730491773962,0.01031872291631954,0.010002274986261868,0.011381168654032074,0.014198556546218887,0.007295894566677132,0.005439823349646674,-0.009292950853725824
2021-11-11,0.029971738976708396,0.020409767948671092,0.011319426072697253,0.014437353857081899,0.011381168654032074,0.014240719073381758,0.008003445760820151,0.008063487590705807,0.0007680054291932749
2021-11-12,0.029971738976708396,0.020411407202783362,0.010983313199552858,0.013277305210182411,0.011381168654032074,0.01424244705514252,0.007765795801144802,0.007377236400724947,0.0023615567484119417
2021-11-15,0.029971738976708396,0.020411530829335826,0.010733410020937011,0.012319591570687643,0.011381168654032074,0.014242601063027951,0.007589100752945076,0.006810680742459409,-0.0032673048083430747
2021-11-16,0.029971738976708396,0.0204239395150676,0.010571666603263809,0.012327499997982687,0.011381168654032074,0.0142538655025513,0.007474739418527288,0.0068153591390564885,-0.0007858339220150445
2021-11-17,0.029971738976708396,0.020409727217971532,0.010259388321080037,0.011609750276610422,0.011381168654032074,0.014241577835343544,0.007253941802315253,0.006390759186531544,0.0025060259977053296
2021-11-18,0.029971738976708396,0.02040756884445352,0.01004883085842508,0.010896119569645306,0.011381168654032074,0.014239168094039651,0.007105066300936293,0.005968595923662684,0.0022828788082010277
2021-11-19,0.029971738976708396,0.020408866749026013,0.009829166718018522,0.010256140620034606,0.011381168654032074,0.014241449983689236,0.006949751886402365,0.0055900029078379794,0.00024533392382772843
2021-11-22,0.029971738976708396,0.020413575185801974,0.009530756075615737,0.009688057143285678,0.011381168654032074,0.014247219794831838,0.006738759440709128,0.00525394117200528,-0.007965134458131106
2021-11-23,0.029971738976708396,0.020450686785647963,0.010294956092332039,0.013208653852862589,0.011381168654032074,0.014278780838413264,0.0072790901381249,0.007336624245553309,-0.0039645559635807515
2021-11-24,0.029971738976708396,0.02045592877302436,0.01023380217551019,0.013331103133462507,0.011381168654032074,0.014283250695653935,0.0072358510151161876,0.0074090616944039135,0.006336561312473454
2021-11-26,0.029971738976708396,0.02040637891937884,0.010558634886679512,0.01344449132154791,0.011381168654032074,0.014238951309545186,0.007465525290868963,0.007476138863289334,-0.0069712014498323
2021-11-29,0.029971738976708396,0.02044034561878426,0.010980710605490376,0.015069672077900999,0.011381168654032074,0.014269888003367218,0.007763955626538533,0.008437548741195892,0.003603724157606192
2021-11-30,0.029971738976708396,0.020436751164770818,0.010842437250989559,0.01406089058181641,0.011381168654032074,0.014265625007185766,0.007666188894744309,0.007840782817655528,-0.00666522610766327
2021-12-01,0.029971738976708396,0.020461578225385132,0.011177227788821765,0.015345991012528449,0.011381168654032074,0.014286604301621124,0.007902903891915308,0.008601011022031398,-0.004414812101730625
2021-12-02,0.029971738976708396,0.020480553834864672,0.011124902196499213,0.015250060678772506,0.011381168654032074,0.01430384753550558,0.007865906871274267,0.008544261414270352,0.010191011841068187
2021-12-03,0.029971738976708396,0.02048116496225419,0.012249952611577438,0.0171971507975049,0.011381168654032074,0.014297742561355211,0.00866137829512899,0.009817905780694074,0.0001936594972808287
2021-12-06,0.029971738976708396,0.02047903397239603,0.011877282378909407,0.015659481981334888,0.011381168654032074,0.014295725533462325,0.008397880307273843,0.00890000471988996,0.0030852223456084293
2021-12-07,0.029971738976708396,0.020479387110048486,0.011648882564701934,0.014453563369421751,0.011381168654032074,0.014296331268266675,0.008236389299421417,0.00818013971288828,0.009754486144286024
2021-12-08,0.029971738976708396,0.02047358548129581,0.012587739367851064,0.0162229719267866,0.011381168654032074,0.014285033417757187,0.008900211780607565,0.00923637625402231,-0.0031642304923282794
2021-12-09,0.029971738976708396,0.02048879010143015,0.012336744295730766,0.015491132355445372,0.011381168654032074,0.014300493253073318,0.008722744704711086,0.008799509542667821,-0.003909221456823408
2021-12-10,0.029971738976708396,0.020505189293009356,0.012166586312389841,0.01515634031685096,0.011381168654032074,0.014315451853515886,0.008602433817772707,0.008599657686310345,0.003986954603203774
2021-12-13,0.029971738976708396,0.020494772500236538,0.012012737361336383,0.014204381755885731,0.011381168654032074,0.014304656654867777,0.008493654297750449,0.00803139242414031,0.0011446971428358598
2021-12-14,0.029971738976708396,0.020488857406538552,0.011665032787712717,0.013040539723042713,0.011381168654032074,0.014299017212879787,0.008247808379599318,0.007336644748099187,-0.006212567317330409
2021-12-15,0.029971738976708396,0.02051805041045575,0.011850791400171642,0.014399493237670605,0.011381168654032074,0.014325210915806496,0.008379149754141814,0.008147862911297276,0.0065549647998844884
2021-12-16,0.029971738976708396,0.020518406601526866,0.012081677717438883,0.014457116603547163,0.011381168654032074,0.014323304489002044,0.00854239885398982,0.00818226079210814,-0.0022238032851147004
2021-12-17,0.029971738976708396,0.02052514990811274,0.011781966181966684,0.013737250238987374,0.011381168654032074,0.014329455442941246,0.008330486606616285,0.007752541406036144,-0.0024592618503083033
2021-12-20,0.029971738976708396,0.020535979526711576,0.011508679403911254,0.013211265710723081,0.011381168654032074,0.014339710896728168,0.008137258090323254,0.007438558478514146,-0.00792431681869451
2021-12-21,0.029971738976708396,0.020575572944688408,0.012037152830701989,0.015613339739115844,0.011381168654032074,0.014374990451909563,0.008510917353627807,0.00887246041864944,0.008158208494589914
2021-12-22,0.029971738976708396,0.02057525799716835,0.012562293855515732,0.01617094883865716,0.011381168654032074,0.014370388035360624,0.008882220428702955,0.009205321421357326,0.008284246354752334
2021-12-23,0.029971738976708396,0.020561411037216454,0.01306243630754835,0.016664938245133452,0.011381168654032074,0.014353555052411425,0.009235848162284047,0.009500205076057422,0.0005944588408230981
2021-12-27,0.029971738976708396,0.020558640447075928,0.0126690313557574,0.015176170166283049,0.011381168654032074,0.014350897544093438,0.008957689607824169,0.008611494981596489,0.00909944824065929
2021-12-28,0.029971738976708396,0.02056140838505935,0.013332680606368663,0.016354014698475163,0.011381168654032074,0.014352032858442132,0.009426925481389138,0.009314601355473765,-0.0015404343352397266
2021-12-29,0.029971738976708396,0.02056958194822244,0.012956283232474546,0.015170497235957803,0.011381168654032074,0.014360061535320975,0.009160792203329849,0.008608108563982596,-0.0021602882426365543
2021-12-30,0.029971738976708396,0.020578499739284065,0.012621756895560981,0.014315873061465523,0.011381168654032074,0.014368441422514082,0.008924264010481676,0.008097946409358679,0.0022997251684705677
2021-12-31,0.029971738976708396,0.02056287260693275,0.01230721524588727,0.013198663408438277,0.011381168654032074,0.014353939064551442,0.008701866071176739,0.007431035618900847,0.00045111873304808374
2022-01-03,0.029971738976708396,0.02056186082065389,0.011935056604262058,0.012092365852991047,0.011381168654032074,0.014352955430632641,0.008438729805827366,0.006823631401244391,-0.007233632387592014
2022-01-04,0.029971738976708396,0.020596925067700812,0.012283713860749041,0.014695135192449714,0.011381168654032074,0.014383963605435925,0.008685249322231168,0.008384974558565022,-0.0001982191752978645
2022-01-05,0.029971738976708396,0.020601584288678143,0.011910038073539336,0.013439427126159484,0.011381168654032074,0.014388844818839999,0.00842104035299038,0.0076317033534791575,-0.013350797238375123
2022-01-06,0.029971738976708396,0.02068229301325324,0.013828096758414822,0.02065397643160524,0.011751366136696445,0.014455384657766438,0.009777211465543355,0.011959550243497017,-0.0012407627113574906
2022-01-07,0.029971738976708396,0.020686752194003396,0.013425467533302156,0.01852353629190448,0.011751366136696445,0.014459598240950989,0.009492530851507381,0.010681546817002523,-0.003651792256323838
2022-01-10,0.029971738976708396,0.020703627604581207,0.013181761453495965,0.01740997947175897,0.011751366136696445,0.014476235623358945,0.009320217486961841,0.01001354896753365,-0.0009590392878295773
2022-01-11,0.029971738976708396,0.020710875003702035,0.012791870948918609,0.01578314654273321,0.011751366136696445,0.014483936747493811,0.009044543836548565,0.009037648251580644,0.008091385663612716
2022-01-12,0.029971738976708396,0.020707271672512254,0.0132315236394794,0.016368085143203093,0.011751366136696445,0.014476214490381854,0.009355402040834137,0.00938853984518083,0.0012899855177731514
2022-01-13,0.029971738976708396,0.020708998021454542,0.01284948125923995,0.014745031745047972,0.011751366136696445,0.014478221285235392,0.009085277438319507,0.008414906385328196,-0.004113680538665432
2022-01-14,0.029971738976708396,0.020724115861984582,0.012676653443388263,0.014654118569743382,0.011751366136696445,0.014491711922193753,0.008963078835559395,0.008360369603286021,-0.005663660907174294
2022-01-18,0.029971738976708396,0.0207499654855982,0.012707145550820937,0.015393779146110629,0.011751366136696445,0.014515289647388732,0.008984638402838089,0.00880407545233795,-0.013990255406154561
2022-01-19,0.029971738976708396,0.020828023379243495,0.014674418790252525,0.022253458742177677,0.01229561047693323,0.01457790387140758,0.010375606864258665,0.0129190439347002,-0.0019259047295407286
2022-01-20,0.029971738976708396,0.020821820407898012,0.014269640892858652,0.0199835379237896,0.01229561047693323,0.014572527160412145,0.010089407022838726,0.011557369166321768,-0.004597619173608703
2022-01-21,0.029971738976708396,0.020841399611171645,0.014080806892702089,0.01892974751929823,0.01229561047693323,0.01459040617597062,0.009955891183047422,0.010925223853881234,-0.006209917207624848
2022-01-24,0.029971738976708396,0.020869453266055136,0.014103011443360085,0.018849210922309484,0.01229561047693323,0.014615516106115174,0.009971590999954509,0.010876911749264076,-0.0010220520329627279
2022-01-25,0.029971738976708396,0.020874547207776876,0.013685774681389118,0.01698512356737527,0.01229561047693323,0.014620497458707573,0.009676582068193435,0.009758687405619478,-0.006055166148813985
2022-01-26,0.029971738976708396,0.020870132508746142,0.01371014374521249,0.017313279395917588,0.01229561047693323,0.014616907519870995,0.009693812312845393,0.009955540753191178,-0.008196125372217578
2022-01-27,0.029971738976708396,0.02090965786957797,0.014089112009623586,0.018836443487434344,0.01229561047693323,0.01465120639247443,0.009961763349391509,0.010869252850422511,0.00012175864215323556
2022-01-28,0.029971738976708396,0.0209140611352646,0.013660077105230416,0.01683818661753778,0.01229561047693323,0.014656272891323837,0.009658412493548056,0.00967054321331312,0.013312624369532212
2022-01-31,0.029971738976708396,0.020933268513046485,0.015262684487223519,0.020675831919922966,0.01229561047693323,0.014663509310114137,0.010791542492833915,0.011972660862489435,0.008933606305757659
2022-02-01,0.029971738976708396,0.02093833882857532,0.015648889509689453,0.019427396435414857,0.01229561047693323,0.01466411376220055,0.011064610308287735,0.011681500736813571,0.0023821594767411084
2022-02-02,0.029971738976708396,0.02093625847411478,0.01523276487324954,0.017884171349592828,0.01229561047693323,0.014661778773950921,0.010770387709359248,0.010727619684394531,0.007284336533933234
2022-02-03,0.029971738976708396,0.020938080021947726,0.015340948842800932,0.01761184354501071,0.01229561047693323,0.014661960827176704,0.010846879620427356,0.01055929146369341,-0.01453139067673762
2022-02-04,0.029971738976708396,0.021024572839357283,0.017023248614636936,0.022061137904852313,0.012746651160812663,0.014731789360179885,0.012036356444681331,0.013309439595342722,-0.0031403469860827645
2022-02-07,0.029971738976708396,0.021037401060730616,0.016601379107341857,0.02050412608712311,0.012746651160812663,0.014743822312706538,0.011738071911693916,0.012347036842193276,-0.0003210450409523836
2022-02-08,0.029971738976708396,0.021040437553126602,0.01609667385458137,0.01880051086411323,0.012746651160812663,0.014746856932965985,0.011381218031494753,0.011294017229713254,0.0016355146145339177
2022-02-09,0.029971738976708396,0.021042026233555267,0.015634107388338297,0.017291535015150458,0.012746651160812663,0.014748916806550584,0.01105415854989433,0.01036130593302201,0.010638937973600871
2022-02-10,0.029971738976708396,0.021049750001615183,0.016325230812763387,0.01855961603887614,0.012746651160812663,0.01474905812995889,0.011542820148626821,0.011145118011102472,-0.0159665035765858
2022-02-11,0.029971738976708396,0.02115211134012414,0.01825654343876775,0.023630657483962134,0.012821028524577512,0.014831644512807893,0.01290836251359673,0.01427957350624664,-0.003954981462638131
2022-02-14,0.029971738976708396,0.02116783152875275,0.017843274007260147,0.022018437853172767,0.012821028524577512,0.014846080596275752,0.012616158698806682,0.013283046316352748,-0.006062578917631567
2022-02-15,0.029971738976708396,0.02119045130427536,0.01764126662137205,0.021190813386609202,0.012821028524577512,0.014865632424550832,0.012473328563616338,0.012771484325541222,0.004829307133880257
2022-02-16,0.029971738976708396,0.021112178057223985,0.017323812230126263,0.01974887935264487,0.012746651160812663,0.01479969385917307,0.012248871158660257,0.01188021216668821,0.0040983088905162555
2022-02-17,0.029971738976708396,0.021000072519310634,0.016957639481638812,0.01837509399288351,0.01229561047693323,0.014708262730365122,0.01198996724314474,0.011031063305121457,-0.00761984920384714
2022-02-18,0.029971738976708396,0.021020550988467588,0.01700474647073883,0.018793187802436013,0.01229561047693323,0.01472511083693018,0.012023274429374519,0.011289490780627007,-0.0005325212046938811
2022-02-22,0.029971738976708396,0.02083655578485162,0.01648950576289747,0.017320870880119122,0.011751366136696445,0.01458186898151035,0.011658971413259469,0.010379438690198533,-0.004833865720024866
2022-02-23,0.029971738976708396,0.020849222678762023,0.016222728362203613,0.016906227525716164,0.011751366136696445,0.014592734370912892,0.011470345378427556,0.01012314397148887,-0.013251761948341156
2022-02-24,0.029971738976708396,0.02085658448814973,0.017447320882154803,0.02076501509670846,0.01229561047693323,0.014618138869504723,0.012336198448149491,0.01250829464270089,0.0059115570662451435
2022-02-25,0.029971738976708396,0.020836244900716158,0.01724795854549205,0.019618385909341274,0.01229561047693323,0.014597545444814036,0.012195238505659184,0.011799553017108668,0.013621649996780871
2022-02-28,0.029971738976708396,0.02079117656862173,0.018436186122447826,0.021849249435275785,0.01229561047693323,0.014569750178516389,0.013035379596081996,0.013178469461295519,0.0031970379330629067
2022-03-01,0.029971738976708396,0.020749418573081276,0.017967144913239377,0.02007607804627999,0.01229561047693323,0.014533391264377839,0.012703742121409678,0.012082456568429871,-0.0035190261947158023
2022-03-02,0.029971738976708396,0.020764804695236363,0.017534831192893733,0.016905799699061558,0.01229561047693323,0.014549739373788373,0.012398072965551118,0.010600864763768224,-0.0008077473567696825
2022-03-03,0.02391776732906583,0.020299738795755685,0.017006879430913713,0.01611166398612406,0.011751366136696445,0.014198882827591524,0.012024782547450472,0.010089927973899094,0.0005057800862469982
2022-03-04,0.02391776732906583,0.020291657761422693,0.016491300046901265,0.015357660001292316,0.011751366136696445,0.01419938909924887,0.011660240068985623,0.009604811426082055,0.0010828251573555931
2022-03-07,0.020412152883411847,0.019728037908578733,0.016000810252216453,0.014675840368969028,0.011381168654032074,0.013775637509497249,0.011313437285630345,0.00916613737008172,-0.017743308921442588
2022-03-08,0.020038764539646557,0.01867671744166766,0.01851735285043381,0.018744287015563847,0.011381168654032074,0.013006648102855152,0.013092768857767795,0.011783724056462845,-0.0029314987796899552
2022-03-09,0.020038764539646557,0.018344535867098177,0.018030787619591055,0.017923009995794322,0.011381168654032074,0.012796428957853778,0.012748740953071828,0.011255324895918666,0.010535071223602923
2022-03-10,0.017766229276908328,0.017385278105190995,0.01848355959563208,0.018217847259386685,0.011286160512904169,0.012080645756313582,0.013068875200956023,0.011445019431171908,-0.006750763138868476
2022-03-11,0.017766229276908328,0.017392788594935798,0.018328708866628643,0.017992105366666934,0.011286160512904169,0.012097877205680115,0.012959387369802483,0.011299779976345516,-0.006659806446776684
2022-03-14,0.01718967993498446,0.0163781544419583,0.018171051343568573,0.017777333804175573,0.010859120506860925,0.011352499991213788,0.012847914983614988,0.011161598692080379,-0.011298990716629475
2022-03-15,0.01718967993498446,0.016443089265705733,0.018757162956707717,0.018711705162321336,0.011282953701936927,0.011410325891171176,0.013262327558547612,0.011762761307612099,0.008025510421654492
2022-03-16,0.01718967993498446,0.016444955855956508,0.018751952317209032,0.018375732794534985,0.011282953701936927,0.011407294408027723,0.013258643354919346,0.011546600970927936,0.01721463918432995
2022-03-17,0.01718967993498446,0.016497097823142664,0.0206582781264035,0.02061904476577722,0.011282953701936927,0.011434511017221843,0.014606518690501969,0.012989919283640189,0.005645180687413032
2022-03-18,0.01718967993498446,0.015720966860989963,0.020285625059312126,0.01973556123545483,0.011282953701936927,0.010913477591277553,0.014343032839636881,0.012421497247543328,0.00813772928205756
2022-03-21,0.01718967993498446,0.015701466350579847,0.020206919223608646,0.019298836178961568,0.011282953701936927,0.010902288517632794,0.014287383561743526,0.012140513915872356,-0.007534292848248547
2022-03-22,0.01718967993498446,0.015354809694060778,0.020056245046214182,0.01908886193664273,0.011282953701936927,0.010683651269514519,0.014180848778214043,0.012005419166224654,0.001308513680529089
2022-03-23,0.01718967993498446,0.015316520277614086,0.019459541741415492,0.01806769604141057,0.011282953701936927,0.010651534202050032,0.013758947305066256,0.011348414052446553,0.0003696972707109775
2022-03-24,0.01718967993498446,0.015273613561778412,0.01886790183054554,0.01713547716669917,0.011282953701936927,0.010629868286603535,0.0133406259249739,0.010748636317305278,0.005970145927348459
2022-03-25,0.01718967993498446,0.015159772529973884,0.018606759776775568,0.01665287846862351,0.010859120506860925,0.010537166189463798,0.013155984384864513,0.010438138469679574,-0.0013152309339214288
2022-03-28,0.016775872381223217,0.014908379632394924,0.018055484459028708,0.015908814353981063,0.010495904548812895,0.010346210509022364,0.012766202952791026,0.009959417107576383,0.004328114958749374
2022-03-29,0.016775872381223217,0.014862072776013553,0.017678326061496826,0.015357706416430104,0.010495904548812895,0.010319761291988663,0.012499531589905844,0.009604841288989762,0.01241000020944736
2022-03-30,0.016775872381223217,0.014840708080483798,0.018541314840325004,0.017031953912860397,0.010495904548812895,0.010292515999630984,0.013109711279157697,0.010573197903795321,-0.0004621261749743756
2022-03-31,0.016775872381223217,0.014328829438866268,0.01797840039306615,0.016301429565501534,0.010495904548812895,0.009955213984203801,0.01271170035371996,0.01010720913154901,-0.00826741268208243
2022-04-01,0.016775872381223217,0.014368234662615805,0.018056127032935514,0.01669027772334644,0.010495904548812895,0.009986872953083559,0.012766657287257935,0.010355248606645898,0.004523569192339638
2022-04-04,0.016775872381223217,0.014290495174419566,0.01769482442093558,0.016149302255583455,0.010495904548812895,0.009939796361009423,0.01251119682134625,0.01001016976711146,0.0017415005407675935
2022-04-05,0.016775872381223217,0.014221177536543401,0.01718444651575311,0.01548223950636899,0.010495904548812895,0.009899792600963703,0.012150332069421989,0.009584662044279879,-0.014302048114002031
2022-04-06,0.016775872381223217,0.014271386938527704,0.01854741516415194,0.017822019605629146,0.010859120506860925,0.00993790875698197,0.013114024537670872,0.011077167064437662,-0.0062013028017802625
2022-04-07,0.016775872381223217,0.014233202828329334,0.018326304926186476,0.01761041742275563,0.010859120506860925,0.009924560156852459,0.012957687654037958,0.010942189713226353,-0.0006391724512463833
2022-04-08,0.016775872381223217,0.01419114479552896,0.01777174454283112,0.01683881572447664,0.010859120506860925,0.009890422216477087,0.012565583503104922,0.01044999841345087,-0.0034868368493424008
2022-04-11,0.016775872381223217,0.014207255973607329,0.017344529072161764,0.016343805559079022,0.010859120506860925,0.009906297784989406,0.01226351908519838,0.010134240040636823,-0.013219717423900513
2022-04-12,0.016775872381223217,0.014285548154201159,0.018426339550784748,0.018123480370869825,0.011282953701936927,0.009975641414429758,0.013028417537959143,0.011269463642071001,-0.002024626526125029
2022-04-13,0.016775872381223217,0.01423983266761647,0.017902212929016628,0.017383074640297178,0.011282953701936927,0.009939156067803517,0.012657831700639964,0.010797171707379065,0.007456058117669474
2022-04-14,0.016775872381223217,0.014152193812558674,0.017869292566744584,0.017160310443158272,0.010859120506860925,0.00986531459174746,0.01263455522600435,0.010655074301453455,-0.012211234428077486
2022-04-18,0.016775872381223217,0.014216912543252358,0.018670092483982423,0.018466361377966437,0.011282953701936927,0.009924672909923807,0.013200764030383694,0.011488181471396186,-0.002004281623983417
2022-04-19,0.016775872381223217,0.014225587775939668,0.01813732157685666,0.01769595412762481,0.011282953701936927,0.009932809432963721,0.012824066216312638,0.010996752089180136,0.005352448225938667
2022-04-20,0.016775872381223217,0.014220558313377634,0.017847333498192453,0.01714959078105833,0.011282953701936927,0.009930472328998727,0.01261902897820818,0.01064823641548989,0.008560630040521077
2022-04-21,0.016775872381223217,0.014230993333210104,0.017978101013978898,0.01715077319024215,0.011282953701936927,0.009935333221899437,0.012711488676531438,0.010648990653737873,-0.010327073235796935
2022-04-22,0.016775872381223217,0.014297790378331749,0.01839699963420465,0.017925378267319377,0.011282953701936927,0.00999022018341293,0.013007672631859864,0.011143097756598965,-0.017223536894695902
2022-04-25,0.017184482214717,0.014410065676432032,0.02035851176414589,0.020767614422064682,0.011302197527596716,0.010087589477030446,0.014394567677629153,0.012956110753321464,0.0027845612511265385
2022-04-26,0.017184482214717,0.014323358453172595,0.019801985252644153,0.019768340480708132,0.011282953701936927,0.010017461233785857,0.014001073367877348,0.012318691290501392,-0.012850705895455186
2022-04-27,0.017184482214717,0.014322135779890251,0.02054786913525932,0.0208157874071723,0.011282953701936927,0.010016536016964953,0.014528453568961866,0.012986839462456072,-0.0036833550936914983
2022-04-28,0.017184482214717,0.01433433415560259,0.020032160511463934,0.020658934986245697,0.011282953701936927,0.010027036020315766,0.014163819710988353,0.012983298196055868,0.014348574463508944
2022-04-29,0.017184482214717,0.014380884321164147,0.021072796990750087,0.02172927310388635,0.011282953701936927,0.010053225508435999,0.014899605921809285,0.013668808338873241,-0.02444149492568061
2022-05-02,0.017228734614963367,0.014582386013928101,0.02472647616524805,0.026784142530876364,0.011302197527596716,0.010203408069179163,0.01748295448672152,0.016906256586028404,-0.0073089044187620855
2022-05-03,0.017228734614963367,0.014576052094037338,0.024332302344410604,0.02595438717805419,0.011302197527596716,0.010211594457705612,0.017204252300307928,0.016374830393648725,0.00610814807100295
2022-05-04,0.017228734614963367,0.014575863766021057,0.02384642901652027,0.024877496450719336,0.011302197527596716,0.010211510505352347,0.0168607136083791,0.015685123557904822,0.01771959468597304
2022-05-05,0.017228734614963367,0.014632839713735059,0.025228712878942537,0.026276504598034475,0.011302197527596716,0.010238821518347357,0.01783806297643919,0.016581134135368575,-0.028704253922479286
2022-05-06,0.017766229276908328,0.01493133618190666,0.02942518255908508,0.03193037535994645,0.011381168654032074,0.010460646422067389,0.020805193752880057,0.020202219556499458,-0.00880103886972592
2022-05-09,0.017766229276908328,0.01494398147206162,0.028966232931669285,0.030879927159039918,0.011381168654032074,0.01047052295135786,0.020480691571728774,0.019529448135620804,-0.019037888351586575
2022-05-10,0.01904786291275088,0.015109368478885823,0.030106306642279524,0.032149204384198334,0.011748324953676946,0.01060330434121686,0.021286785277152106,0.020342371077962752,0.0017297871845414314
2022-05-11,0.01904786291275088,0.015108924640392976,0.029205785627264873,0.03041058238862525,0.011748324953676946,0.010602756955894039,0.02065006826925251,0.01922885097357003,-0.0005627974939753873
2022-05-12,0.01904786291275088,0.015065160901493936,0.028317875792454632,0.028786193406160877,0.011748324953676946,0.010580814292980438,0.020022268047071353,0.018188492693314927,-0.0019751592872117923
2022-05-13,0.01904786291275088,0.01505255758957783,0.02747825967176638,0.02731287991616658,0.011748324953676946,0.0105702816616682,0.019428614089822844,0.01724489241944349,0.009735624127581145
2022-05-16,0.01904786291275088,0.015046538088648186,0.027212655189423198,0.026593675771921763,0.011748324953676946,0.010566711348797563,0.0192408173716313,0.016784269997883027,-0.0015201904994061046
2022-05-17,0.01904786291275088,0.015033437786540576,0.026397865308087343,0.025246433759711175,0.011748324953676946,0.010555675465468515,0.018664716906832492,0.015921413626631086,0.00720139754913275
2022-05-18,0.01904786291275088,0.0150390073069653,0.0259205738187757,0.024346847122452716,0.011748324953676946,0.010557870072122945,0.018327246038409163,0.01534526319900455,-0.014965858366151165
2022-05-19,0.01904786291275088,0.015150760419567795,0.026538499278189246,0.025427092950424415,0.012237827999562695,0.010649218391440052,0.01876415272138799,0.016037118846865695,0.0002546923536169143
2022-05-20,0.01904786291275088,0.01514183576368615,0.025730438995313267,0.02411333658739686,0.012237827999562695,0.01064790578409536,0.018192810446264158,0.015195708738038185,0.004969493999161756
2022-05-23,0.01904786291275088,0.01513971954323079,0.02510679685094771,0.023067805914314798,0.012237827999562695,0.010643446917723245,0.017751861758182663,0.01452608680342532,0.0058698045194666825
2022-05-24,0.01904786291275088,0.01514251744223357,0.024570674682529773,0.022188336836755612,0.012237827999562695,0.010643926804338137,0.0173727944213275,0.013962820894247014,0.004303015421644784
2022-05-25,0.01904786291275088,0.015142223485261544,0.023948013496026876,0.021230470496300988,0.012237827999562695,0.010643892433253106,0.016932539323450763,0.013349344572117698,0.004993968784304336
2022-05-26,0.01904786291275088,0.015143536239074865,0.023392203373307413,0.01944388224485074,0.012237827999562695,0.010643837761015311,0.016539551539270635,0.012104895067004063,0.007677277485670764
2022-05-27,0.01904786291275088,0.015149628052997658,0.02309766834235093,0.01908436253132306,0.012237827999562695,0.010646625375116023,0.01633129936024828,0.011876569383686177,0.014493459439568989
2022-05-31,0.01904786291275088,0.0151679173526769,0.023868423021838364,0.020933787363651923,0.012237827999562695,0.010647687481636114,0.01687626455835625,0.013051111898874418,-0.011405037045262455
2022-06-01,0.01904786291275088,0.015216249344417756,0.024036568148803648,0.021776424555334864,0.012237827999562695,0.010695336494885268,0.016995152247093297,0.013586258388317927,-0.004826155601610971
2022-06-02,0.01904786291275088,0.015216597563780023,0.023466025876854472,0.020856636360183745,0.012237827999562695,0.01070476747332138,0.016591748037509357,0.013002114431078605,0.012456062526001909
2022-06-03,0.01904786291275088,0.015240255360256772,0.02383265759249558,0.021617973088855113,0.012237827999562695,0.010713277446166932,0.016850976467598023,0.013485628191988161,-0.010988452149335162
2022-06-06,0.01904786291275088,0.015307715976986103,0.02394000284729576,0.022207460275633105,0.012237827999562695,0.010767933429529097,0.016926875362025796,0.013860002835891692,-0.004669384266582688
2022-06-07,0.017756254715744022,0.014945436218693544,0.023362707307315125,0.021217520581163468,0.011748324953676946,0.010497007550541726,0.016518696227101035,0.013231306693014179,0.009406967366325115
2022-06-08,0.017756254715744022,0.014953271623453574,0.023276627237308747,0.021033688281949278,0.011748324953676946,0.010501342398814466,0.0164578329671655,0.013114557503040357,-0.010801664238594322
2022-06-09,0.017756254715744022,0.015019241797545223,0.023391869710639068,0.021660893224335506,0.011748324953676946,0.010557564995010232,0.016539315621738125,0.013512886138890432,-0.013302902982896872
2022-06-10,0.017756254715744022,0.015110017698455915,0.02391260068904188,0.023038386440753594,0.012237827999562695,0.010633206968521205,0.01690750055574977,0.014387711824576233,-0.0167483402568828
2022-06-13,0.017756254715744022,0.015241210898926568,0.02507166024920181,0.02548298991249771,0.012748485859665542,0.010735013418498009,0.01772701828250759,0.015940243541545017,-0.03554933970542164
2022-06-14,0.01904786291275088,0.01575642572728662,0.031642243240983886,0.036993664845916145,0.012861914569117774,0.011121006979337385,0.02237277543079068,0.023250503927087114,-0.007494424177844904
2022-06-15,0.01904786291275088,0.015782235229242735,0.030974112731402024,0.034959027118897194,0.012861914569117774,0.011141957213719278,0.02190037106503529,0.021958335426039987,0.016847348053406996
2022-06-16,0.01904786291275088,0.015847078768987683,0.0315277087361618,0.03487865494272505,0.012861914569117774,0.01118048033680181,0.022291793348201087,0.021907292238827286,-0.01456324607565235
2022-06-17,0.01904786291275088,0.015950281753611205,0.03167372016789645,0.03454621462194592,0.013082121271466707,0.011262434621489402,0.02239503131864613,0.021696164279641064,0.0013598638580781474
2022-06-21,0.01904786291275088,0.01586694630726505,0.030718586335909553,0.03212260381918888,0.013082121271466707,0.011195249142319823,0.02171970009871177,0.020156964698048414,0.007513955793743121
2022-06-22,0.01904786291275088,0.015866073681052938,0.030088981956685072,0.030365617025101696,0.013082121271466707,0.011194794450595858,0.021274535788477687,0.019041128221644534,0.00852137096776433
2022-06-23,0.01904786291275088,0.015825260015650988,0.02957371647780301,0.028934658263904373,0.013082121271466707,0.011155546811595663,0.02091021525789862,0.018132347354681194,0.007559405032444822
2022-06-24,0.01904786291275088,0.015824728571026844,0.028994552211137954,0.02749499480582018,0.013082121271466707,0.011155270755818292,0.020500714832250765,0.017218038262727716,0.013580283743652055
2022-06-27,0.01904786291275088,0.015860838482054187,0.029156955296515064,0.029956842537924744,0.013082121271466707,0.011175843346732313,0.020615542587373494,0.019290999686992626,-0.004771967557973189
2022-06-28,0.01904786291275088,0.015881052328133128,0.028399201282732205,0.0286527318249654,0.013082121271466707,0.011195541006050731,0.020079769562274374,0.01844148605860716,-0.008832531969899693
2022-06-29,0.01904786291275088,0.015928828966283302,0.027990281248127177,0.028048123128698515,0.013082121271466707,0.011236571302870044,0.019790641006068855,0.01804763657771949,0.0032790309828010676
2022-06-30,0.01904786291275088,0.015923174529284437,0.027201835036841156,0.026642697025998318,0.013082121271466707,0.01123482980617292,0.01923316693920142,0.017132124868423595,-0.001950253601294816
2022-07-01,0.01904786291275088,0.015920338612484125,0.026396561982595393,0.02532225603867538,0.013082121271466707,0.011232368316563983,0.01866379538529805,0.016271973500090683,0.009267571929450337
2022-07-05,0.01904786291275088,0.015933455055485324,0.026131604368526674,0.02485706634593909,0.013082121271466707,0.011238077338633062,0.018476456037923347,0.015968943258994697,-0.001427948523695855
2022-07-06,0.01904786291275088,0.015937977436753247,0.025348593752622068,0.023620735130253093,0.013082121271466707,0.011242384287652878,0.01792282523064642,0.015163582022033238,-0.005372881950247432
2022-07-07,0.01904786291275088,0.015961761234070074,0.024766346555641007,0.022853990619989238,0.013082121271466707,0.011264513979207424,0.017511145006711082,0.014664115293874251,0.0051931049342137554
2022-07-08,0.01904786291275088,0.015945706763210884,0.02419352381493876,0.021953614558798264,0.013082121271466707,0.011247671118023621,0.017106128382517315,0.014077599343155578,-0.004025705353588549
2022-07-11,0.01904786291275088,0.01595285960325425,0.023568398485239513,0.02113287144747971,0.013082121271466707,0.01126000455858935,0.01666413100227641,0.013542957267494372,-0.0017693226442219055
2022-07-12,0.01904786291275088,0.015959889455584242,0.022872642167249144,0.02015512481745071,0.013082121271466707,0.011268630086932286,0.016172193697503064,0.012906041184324755,-0.002536559614206413
2022-07-13,0.01904786291275088,0.015959348477826346,0.02222290587627553,0.019304117008932132,0.013082121271466707,0.011268164240002957,0.015712795038043938,0.012351684315682484,0.0012882352218800408
2022-07-14,0.01904786291275088,0.015960328090680653,0.02155840836913941,0.018368037168717523,0.013082121271466707,0.011270001332853106,0.015242959401289183,0.011741910487726825,-0.007126998421587726
2022-07-15,0.01904786291275088,0.01599481252408724,0.021292548312783887,0.01841485381724297,0.013082121271466707,0.011300753687167679,0.015054981978463626,0.011772407423732706,0.012413111388145315
2022-07-18,0.01904786291275088,0.016024732117083933,0.021822095925933066,0.01959579533891174,0.013082121271466707,0.011316208030718604,0.015429400749556083,0.012541687138265013,-0.006634911919130548
2022-07-19,0.01904786291275088,0.01605194219663576,0.021492468485585513,0.019405575268168992,0.013082121271466707,0.011343135006757876,0.015196336341240992,0.012417775463525592,0.014742509703685281
2022-07-20,0.01904786291275088,0.016091137296730777,0.022467407832424374,0.021235781002176806,0.013082121271466707,0.011361274053031148,0.015885671130160633,0.013609993806905873,0.0014977668984640477
2022-07-21,0.01904786291275088,0.016079602293391393,0.021799673892920347,0.02018161530761859,0.013082121271466707,0.011350469852318626,0.01541354716087481,0.012923297412800296,0.012493768516596448
2022-07-22,0.01904786291275088,0.016106525955286707,0.02230242524103904,0.0211181845807121,0.013082121271466707,0.01136572351410553,0.015769019524933314,0.013533390063304283,0.0018511036899158447
2022-07-25,0.01904786291275088,0.016106415452264895,0.021648716827308786,0.02008151670393879,0.013082121271466707,0.01136556959487373,0.015306812360092919,0.012858091961174656,-0.0017811719734900924
2022-07-26,0.01904786291275088,0.016105518258161255,0.021013736028047517,0.018594357797404367,0.013082121271466707,0.011370753524847408,0.014857846630433906,0.011887674375263923,-0.005908388637597262
2022-07-27,0.01904786291275088,0.016122753774118415,0.02064988918579868,0.01828644276314789,0.013082121271466707,0.011385046708018345,0.014600587256285233,0.0116878150773003,0.012686152830945333
2022-07-28,0.01904786291275088,0.016153111573714997,0.021285952403873827,0.019737774240291352,0.013082121271466707,0.011399994680003894,0.015050318314522897,0.012629834978455217,0.012376585803710836
2022-07-29,0.01904786291275088,0.016181574739642567,0.021809306790425004,0.020815557490981264,0.013082121271466707,0.011414043998566674,0.015420358139824,0.013329394856588399,0.0072241820662867886
2022-08-01,0.01904786291275088,0.01617722750440847,0.02154190171740904,0.020322879897826066,0.013082121271466707,0.011411764665879419,0.015231288306750614,0.013009611192474135,0.005935813941600664
2022-08-02,0.01904786291275088,0.01617786543278709,0.021157770262606165,0.019641922266347017,0.013082121271466707,0.011409099348378922,0.014959686615658234,0.012567620061709757,-0.012459867575935923
2022-08-03,0.01904786291275088,0.01625557286143161,0.02170722028614786,0.02114105799860317,0.013082121271466707,0.01147482716473145,0.015348177466117887,0.013540668408388827,0.012137796337360472
2022-08-04,0.01904786291275088,0.016273147030863744,0.0221533294514161,0.02190855561869057,0.013082121271466707,0.011478805778299819,0.015663600746830063,0.01403883029876165,0.0016355436797874214
2022-08-05,0.01904786291275088,0.016270650205340083,0.021498660784059306,0.020664647601787517,0.013082121271466707,0.011476079384863785,0.015200714630798388,0.013231443340246042,-0.009366063664703782
2022-08-08,0.01904786291275088,0.01623274734346904,0.02151617474671592,0.020970009987460195,0.012861914569117774,0.011446964208366347,0.015213097948581373,0.013429645783242716,0.006349603950958805
2022-08-09,0.01904786291275088,0.016234159326562157,0.02117216717244221,0.02029660615093968,0.012861914569117774,0.011447526824133797,0.014969866008699559,0.012992557615924143,-0.0024357315889808493
2022-08-10,0.01904786291275088,0.016230978521101506,0.020574048713676615,0.01929459885270714,0.012861914569117774,0.011444806539009844,0.01454696394524405,0.012342181853458532,0.009962739608582395
2022-08-11,0.01904786291275088,0.01623702647824821,0.02073942694186239,0.019666572370075085,0.012861914569117774,0.011441961178473492,0.014663895287063394,0.012583619775519505,-0.007526209458597898
2022-08-12,0.01904786291275088,0.01627240455704128,0.02055989847706416,0.019607678890556545,0.012861914569117774,0.011474761674842513,0.014536958963498223,0.01254539361517747,0.013223502788732433
2022-08-15,0.01904786291275088,0.016306000754418036,0.02131024693977521,0.021012522359250017,0.012861914569117774,0.011492744419476312,0.015067495863907668,0.013457239410819881,-9.422500200795264e-05
2022-08-16,0.01904786291275088,0.016261467219730215,0.020661120736253584,0.01982346387389136,0.012861914569117774,0.011456098648928992,0.014608528569236829,0.012685453795689692,0.0015613030694595629
2022-08-17,0.01904786291275088,0.016260839155825872,0.020051447313106575,0.018737269255077176,0.012861914569117774,0.011457830624695027,0.014177456521711373,0.011980434326626526,-0.008015010914949139
2022-08-18,0.01904786291275088,0.01630165527697512,0.01996989340880412,0.018927419087405487,0.012861914569117774,0.011492596721757934,0.014119793505452786,0.01210385542585542,0.00034948702379131744
2022-08-19,0.01904786291275088,0.016303120059029497,0.019362554198857743,0.017893446924795844,0.012861914569117774,0.01149633511269634,0.013690371872765101,0.01143273213682185,-0.013364014862636596
2022-08-22,0.01904786291275088,0.016388572283357994,0.020258500603847252,0.02010853425396209,0.013082121271466707,0.011564317480136725,0.014323854384235463,0.012870485248177006,-0.013882052506904885
2022-08-23,0.01904786291275088,0.016483292884056734,0.02117447650244078,0.021626458196604376,0.013221319650122545,0.011641594676076334,0.01497149882976917,0.014130700129114653,-0.0031564991863875405
2022-08-24,0.01904786291275088,0.01647497345391298,0.02060806221527709,0.0207762214431603,0.013221319650122545,0.011634671902238814,0.014571013328441275,0.01356892466710307,7.767722034443005e-05
2022-08-25,0.01904786291275088,0.016476096862665053,0.01998030664964557,0.01981814890861383,0.013221319650122545,0.011638622095817858,0.01412715622929882,0.012935899055642191,0.012723017216275955
2022-08-26,0.01904786291275088,0.016500942308071514,0.020683881973692687,0.020801836795418867,0.013221319650122545,0.011648149576198611,0.014624621993772935,0.013585849454571215,-0.01763583451014921
2022-08-29,0.01904786291275088,0.016635053855974514,0.022430936289409807,0.0236131672698712,0.013254319000068942,0.011757699909776476,0.015859883778888948,0.015443374984672383,-0.0061876525514409815
2022-08-30,0.01904786291275088,0.016644829677348556,0.022031577680554523,0.022979482907025763,0.013254319000068942,0.011774403317810269,0.015577515667240664,0.015024681809783154,-0.006581431032306684
2022-08-31,0.01904786291275088,0.01654129295727724,0.02168713993935389,0.022454509896114177,0.013221319650122545,0.011694985251978096,0.015333979576101922,0.014677817298746856,-0.007831279804430713
2022-09-01,0.01904786291275088,0.01653195680515638,0.021494800823712707,0.02218900064951831,0.013221319650122545,0.011687658919927736,0.015197985430300542,0.01450238783269455,-0.006278898026285041
2022-09-02,0.01904786291275088,0.01648885419607979,0.021144894614173376,0.0216795845608561,0.013221319650122545,0.01165399282796751,0.014950582836614544,0.01416580222003417,-0.003692461748154608
2022-09-06,0.01904786291275088,0.016483351456272527,0.020608430536174654,0.020875937223792346,0.013221319650122545,0.011658663233994285,0.01457127375121424,0.013634809702662287,-0.00886858090681718
2022-09-07,0.01904786291275088,0.016488899245953162,0.020609809686476577,0.020975199865083668,0.013221319650122545,0.011663014117064144,0.014572248884985737,0.01370039533624733,0.015778650521986726
2022-09-08,0.01904786291275088,0.016541120664427686,0.021911663596791274,0.022746162912293165,0.013221319650122545,0.011691441424685105,0.015492729931710091,0.01487052069253375,-0.0007221850881066524
2022-09-09,0.01904786291275088,0.016534121729387743,0.021248131595960423,0.021690041167233064,0.013221319650122545,0.011692201849563232,0.015023576960074244,0.01417271119551035,0.01104087871576589
2022-09-12,0.01904786291275088,0.01655502039881019,0.0215401260914826,0.021987999354189314,0.013221319650122545,0.01170220930844264,0.015230032843293146,0.014369580593897854,0.004704761616432552
2022-09-13,0.01904786291275088,0.01654852795803775,0.02105530518130803,0.021171684475783156,0.013221319650122545,0.011693883113947206,0.014887238267545807,0.013830218273807664,-0.025295446914155827
2022-09-14,0.020038764539646557,0.016789349932039427,0.024989947804786757,0.027206576572105026,0.013254319000068942,0.011876070705185903,0.017669243169824333,0.017817642108249404,0.0013604357171625003
2022-09-15,0.020038764539646557,0.01674712829095694,0.024241052310109364,0.025893075957895254,0.013254319000068942,0.011840458414417767,0.017139733596310693,0.016949775115425118,-0.009332710306766934
2022-09-16,0.020038764539646557,0.01673748818989011,0.02409674857866176,0.02560327847595864,0.013254319000068942,0.011832971349798155,0.01703770306222641,0.016758297725574266,-0.005595019704142979
2022-09-19,0.020038764539646557,0.01676120673537972,0.023579207171775363,0.024745923530168117,0.013254319000068942,0.01185566594337872,0.016671773327592183,0.016191819072624493,0.004083138007242825
2022-09-20,0.020038764539646557,0.016656774055161826,0.02297898826377566,0.02369972520079107,0.013221319650122545,0.011770714452987479,0.01624738613305224,0.015500566256910741,-0.012281491151435887
2022-09-21,0.020038764539646557,0.01673345771752391,0.023352303128511734,0.02478088856306233,0.013221319650122545,0.011833904333145429,0.016511339910605476,0.01612306050282144,-0.004376631357758466
2022-09-22,0.020038764539646557,0.016741531250579228,0.022777842658661986,0.023956620079669304,0.013221319650122545,0.011847202848761496,0.01610516532342677,0.015581369700679566,-0.012641886264412327
2022-09-23,0.020038764539646557,0.01680376507755949,0.023229187819880138,0.02464874789562735,0.013221319650122545,0.011904675171521988,0.0164242907361481,0.01603622061317314,-0.011722798090597543
2022-09-26,0.020038764539646557,0.016866432031218574,0.02349133682834362,0.025044461257497593,0.013221319650122545,0.011954787640904034,0.016609644247626117,0.016296274579482004,-0.015137945125545005
2022-09-27,0.020038764539646557,0.016968219348896214,0.024354524536422475,0.026270447948350227,0.013254319000068942,0.01203526102909624,0.01721996459060527,0.017101965598080082,-0.010726731407831522
2022-09-28,0.020038764539646557,0.017024398539975907,0.024390915240097927,0.02629570367714402,0.013254319000068942,0.012085097399643046,0.017245694784096887,0.017118563097880964,0.024481052181255514
2022-09-29,0.020038764539646557,0.017158681788429473,0.027455960333216987,0.03010939256803502,0.013254319000068942,0.012163658036926121,0.019412847252755664,0.019624834095799553,-0.014043922932376418
2022-09-30,0.020038764539646557,0.017250978977328843,0.027796471427925407,0.030483415174214476,0.013305297695670784,0.012239378036345186,0.01965360699268892,0.01987063338285532,-0.009285364338769753
2022-10-03,0.020038764539646557,0.017267356333208944,0.02746418311733611,0.029917106009697512,0.013305297695670784,0.012252317449524276,0.019418661205360472,0.01949846767257034,0.021523680044308425
2022-10-04,0.020038764539646557,0.01737288260426625,0.029316449038601228,0.03207973411512606,0.013305297695670784,0.012317678829146009,0.020728313279613428,0.020919698469048047,0.01902079305521999
2022-10-05,0.020038764539646557,0.017445236857229564,0.03041981714170748,0.03323083393859266,0.013305297695670784,0.012362313768709462,0.02150845413752582,0.021676175514187813,-0.007371852893039011
2022-10-06,0.020038764539646557,0.017477302502341252,0.029790764806141044,0.032226103689859474,0.013305297695670784,0.012392655609590852,0.02106368015198191,0.02101588927816419,-0.010439919932026264
2022-10-07,0.020038764539646557,0.017526157867599635,0.0294895143436081,0.03171677264072057,0.013305297695670784,0.012438091830316689,0.020850679800036513,0.02068116831027264,-0.01916642877676762
2022-10-10,0.020038764539646557,0.017660185788230167,0.03060617226722211,0.033211736015172605,0.013351458119588195,0.01254123310678906,0.021640217279025074,0.021663624786281695,-0.010743969136134823
2022-10-11,0.020038764539646557,0.017708090282821193,0.030298781250856607,0.03267914121966519,0.013351458119588195,0.012579696407145735,0.021422875223779118,0.021313615404863387,-0.0014915186828290071
2022-10-12,0.020038764539646557,0.017708588129124254,0.02938805103570141,0.03127265744014957,0.013351458119588195,0.012580154762363452,0.020778939759832242,0.02038930573868625,-0.0006797033367284433
2022-10-13,0.020038764539646557,0.017706012101896932,0.028495405027379468,0.02991398782472203,0.013351458119588195,0.012577753552501045,0.02014779080710845,0.019496418471181925,0.0108842495066916
2022-10-14,0.020038764539646557,0.01767935562130404,0.028314954325944053,0.02949463226397001,0.013351458119588195,0.012547200520086293,0.020020202412417323,0.019220827380823445,-0.01681612271687896
2022-10-17,0.020038764539646557,0.01779923784911985,0.029076719460521927,0.03062204813591796,0.013381039475269231,0.012642075313299804,0.020558811516617703,0.01996173986301496,0.01533863580040077
2022-10-18,0.020038764539646557,0.017838103199833664,0.029514824732255855,0.031023708483896614,0.013381039475269231,0.012659503257910504,0.020868575612194004,0.02022570205551504,0.007421395176996492
2022-10-19,0.020038764539646557,0.0178362878236381,0.02892648743544228,0.03007667742894923,0.013381039475269231,0.012652793434127717,0.020452589358661896,0.01992241767170304,-0.01335613308226853
2022-10-20,0.020038764539646557,0.01791878527041724,0.0290596221808402,0.03034452200728301,0.013381039475269231,0.012721489971557108,0.020546722816209093,0.020101129086673736,-0.009304711916559405
2022-10-21,0.020038764539646557,0.017928940720300733,0.028668918595340362,0.02965795012279923,0.013381039475269231,0.01272950338680658,0.02027047427365725,0.019643034195530238,0.008691543738420106
2022-10-24,0.020038764539646557,0.017932022175155247,0.02823335443019974,0.028762362685948784,0.013381039475269231,0.012725716952744983,0.019962506877724676,0.019045479826256925,0.0020954181723033876
2022-10-25,0.019175117933680118,0.017763168826787017,0.027399283013190986,0.027249667590728274,0.013356527171286933,0.01259316189827462,0.01937277332552795,0.01803617852709381,0.021484711475920196
2022-10-26,0.019175117933680118,0.01786569150276169,0.029250007967796646,0.03039169456951299,0.013356527171286933,0.01265455807819446,0.020681335853102566,0.02013260359101635,0.0028281253358326875
2022-10-27,0.019175117933680118,0.017828389670912447,0.028404688753132516,0.028812176341257476,0.013356527171286933,0.012621925431286618,0.020083649500305764,0.019078716522255994,6.242161822703734e-05
2022-10-28,0.019175117933680118,0.017810937374071693,0.027539390476295788,0.027268636256494307,0.013356527171286933,0.012616224499267949,0.01947183687119217,0.018048834811272653,0.009630553140452747
2022-10-31,0.019175117933680118,0.017807566006431467,0.02725856460507212,0.026750550861605705,0.013356527171286933,0.012614312667411226,0.019273277808732732,0.01770315757347988,-0.006887758574555014
2022-11-01,0.019175117933680118,0.017782604366424336,0.026718016309932965,0.02593591904128053,0.013356527171286933,0.012610462057073857,0.018891080961165957,0.017159618457638453,0.0028300599415262305
2022-11-02,0.019175117933680118,0.01774945686908848,0.025954228196010093,0.02462818287874884,0.013356527171286933,0.012593275025373328,0.018351041501278025,0.01628706997646987,-0.016241814637480215
2022-11-03,0.019175117933680118,0.01784871143019945,0.02681162035393672,0.026573046483792093,0.013381039475269231,0.012670598619157657,0.018957264077197295,0.01758472299951948,-0.007103534800163424
2022-11-04,0.019175117933680118,0.01787885277657574,0.026308103799538105,0.025808981687313718,0.013381039475269231,0.012696512476867046,0.018601250670958924,0.01707492324267026,0.009158365825739147
2022-11-07,0.019175117933680118,0.017887896477505005,0.02603507097213277,0.025330023802125474,0.013381039475269231,0.012697759137751374,0.018408201711495095,0.01675535268460321,0.0007497808292996179
2022-11-08,0.019175117933680118,0.017888632676535704,0.025245553469742242,0.023991743351696685,0.013381039475269231,0.012700679767972475,0.017849970183940703,0.015862424425940824,0.009186919160949557
2022-11-09,0.019175117933680118,0.01789500159309546,0.02503004909170959,0.023690294971897896,0.013381039475269231,0.012699254930600203,0.017697596946134608,0.015661291863058296,-0.010177461307374425
2022-11-10,0.019175117933680118,0.017934122543190524,0.0249508963957457,0.02386199756734124,0.013381039475269231,0.012738753976017427,0.017641631713895697,0.015775855368419155,0.049494322850274226
2022-11-11,0.019175117933680118,0.01857365347831868,0.03715698542642197,0.04378528952680878,0.013381039475269231,0.013165705123827438,0.026271996087615317,0.029069085789957184,0.00541572214046775
2022-11-14,0.019175117933680118,0.01857058417340737,0.03615697635139698,0.04155193295541322,0.013381039475269231,0.013160029896626334,0.02556493564648614,0.027578944322502078,-0.00741052086091284
2022-11-15,0.019175117933680118,0.018573178926006163,0.03530891161709689,0.039727306683866245,0.013381039475269231,0.01316211099146653,0.024965308062981126,0.026361516122874677,0.010365157154611792
2022-11-16,0.019175117933680118,0.018587571430148365,0.034739058412675626,0.03646586776811795,0.013381039475269231,0.013168636062963264,0.024562391061366005,0.02385007731344185,0.002140158320311624
2022-11-17,0.019175117933680118,0.01858471111169204,0.03370283856557468,0.035453583531896524,0.013381039475269231,0.01316535008748481,0.02382972764810679,0.023184448029548027,-0.005844818911685068
2022-11-18,0.019175117933680118,0.01860414995017399,0.03284541499433317,0.0346464975099404,0.013381039475269231,0.013182000201760476,0.023223482861276797,0.022653747193149883,0.0005309632037277304
2022-11-21,0.019175117933680118,0.01860630053724489,0.03184624864693335,0.03367296363389441,0.013381039475269231,0.013185525398496165,0.022517018274106633,0.022013598276895176,-0.000974692076431083
2022-11-22,0.019175117933680118,0.018604455686154077,0.030881078765064754,0.03273749458399659,0.013381039475269231,0.01318382233419532,0.02183459102471237,0.02139847895417156,0.011696439500239486
2022-11-23,0.019175117933680118,0.01862497841071327,0.03067320603139493,0.03249763874009027,0.013381039475269231,0.01319338631377505,0.021687613771767304,0.021240761321213983,0.009555494751435646
2022-11-25,0.019175117933680118,0.01861045354201281,0.030233154329036234,0.03203771965046597,0.013381039475269231,0.01317398103154074,0.02137647344458416,0.020938340713126235,0.00012841670574283994
2022-11-28,0.019175117933680118,0.018611922308465784,0.029312221994362377,0.031141526117202542,0.013381039475269231,0.013178281210294981,0.020725324530972204,0.02034904707559702,-0.010295506000987987
2022-11-29,0.019175117933680118,0.018659274642170556,0.029018490575936688,0.030903668921067863,0.013381039475269231,0.013216879397438533,0.020517640549423958,0.020192643657004728,-0.0017691264168037562
2022-11-30,0.019175117933680118,0.018666718649386464,0.02815252598093085,0.03006675332089375,0.013381039475269231,0.01322558479127556,0.019905356797367234,0.019642328328868367,0.020146581159675183
2022-12-01,0.019175117933680118,0.01874726673755211,0.02961092966024018,0.03141811964621295,0.013381039475269231,0.01327140038022456,0.020936526988308852,0.02053092163815278,0.01188054061169841
2022-12-02,0.019175117933680118,0.018767229271234493,0.02949629070657826,0.03126765081740597,0.013381039475269231,0.013279546907828054,0.02085547105474669,0.020431980594537415,0.002596082692858359
2022-12-05,0.019175117933680118,0.01876735737961803,0.028635952061486888,0.030421544554031052,0.013381039475269231,0.013279835568783512,0.02024716515321916,0.019875621929612862,-0.016253781408247493
2022-12-06,0.019175117933680118,0.018849180082575013,0.02926775185097384,0.03112018764420955,0.0137133843848702,0.013343244651393964,0.020693881737114967,0.02033501592506688,-0.0030186125053268684
2022-12-07,0.019175117933680118,0.018860552165975205,0.028428225734231132,0.03031543303282198,0.0137133843848702,0.01335424865817417,0.020100291417518387,0.019805848111797697,0.00749153604441366
2022-12-08,0.019175117933680118,0.018862706033907023,0.02789082499369188,0.02976044058511853,0.0137133843848702,0.013351604893117295,0.01972032006109911,0.01944091184951798,0.003609430810865511
2022-12-09,0.019175117933680118,0.01884868857328704,0.027119266183721086,0.02899292583533188,0.0137133843848702,0.01333749940900475,0.01917478629929658,0.01893623117288766,-0.010564239805760002
2022-12-12,0.019175117933680118,0.018896427491906176,0.026973438685428796,0.028898264500948446,0.0137133843848702,0.013382639874984349,0.019071678379732216,0.018873986445603085,0.0069678125220360215
2022-12-13,0.019175117933680118,0.01889825931363975,0.02645141570675755,0.028356460992251895,0.0137133843848702,0.013380371388667088,0.018702579931731,0.018517722593415664,0.010901132207277286
2022-12-14,0.019175117933680118,0.01891419768223836,0.026387193768888855,0.02824314847196905,0.0137133843848702,0.013387694038300384,0.018657171552093565,0.018443213745966244,-0.0022889831899795213
2022-12-15,0.019175117933680118,0.018902215155139165,0.025616562501235195,0.027582641494167847,0.0137133843848702,0.01337751974174219,0.01811229361281935,0.017884808657654502,-0.014141657664042953
2022-12-16,0.019175117933680118,0.018981085681338085,0.026110804687784744,0.02811791704342788,0.013887462651867367,0.013440163260890902,0.01846174953994445,0.018234367528439373,-0.01066494411064204
2022-12-19,0.019175117933680118,0.019035480246007805,0.02603461046191347,0.028086226823788182,0.013887462651867367,0.013485183026473231,0.018407876105891167,0.018213672397851974,-0.010232345386331578
2022-12-20,0.019175117933680118,0.019083998415446793,0.025906190300466543,0.02800001182316772,0.013887462651867367,0.013525120274360028,0.018317076113900824,0.018157370146977138,-0.0029747284799766624
2022-12-21,0.019175117933680118,0.0190954229851672,0.02517411862319231,0.027300854087406342,0.013887462651867367,0.01353731898853073,0.01779946188819116,0.017700788879719345,0.008464689718419561
2022-12-22,0.019175117933680118,0.019102367669198633,0.024879270956712638,0.026965928537949106,0.013887462651867367,0.013539975675021784,0.0175909886589639,0.01748206751830629,-0.008208661697088027
2022-12-23,0.019175117933680118,0.01913525961287194,0.02457070070964097,0.026696598124590135,0.013887462651867367,0.01356746188454442,0.01737281282390122,0.017306182714130324,-0.000557018637333262
2022-12-27,0.019175117933680118,0.01913952503877629,0.02382429269029662,0.025972746744228833,0.013887462651867367,0.013572369205937755,0.016845062029832894,0.016833475392667652,-0.006550808892417404
2022-12-28,0.019175117933680118,0.01916751914378008,0.02339819599774386,0.025581882700310313,0.013887462651867367,0.013597783585310172,0.01654378864849632,0.016578223692844177,-0.009954745696921098
2022-12-29,0.019175117933680118,0.019191380621212624,0.02338386578740222,0.02559624499333248,0.013887462651867367,0.013616790430342599,0.016533656415600954,0.016587602912458543,0.014932312533231708
2022-12-30,0.019175117933680118,0.019228913031958495,0.024215688294462516,0.026294284230036227,0.013887462651867367,0.01363575390687171,0.017121799866967668,0.01704345374981327,-0.005670652509587137
2023-01-03,0.019175117933680118,0.01923640065805859,0.02369930750077278,0.025815782476931583,0.013887462651867367,0.01364198362318462,0.016756690748565138,0.016730970706799127,0.005858970038198308
2023-01-04,0.019175117933680118,0.019238089694466755,0.023218621051471496,0.025313870122410174,0.013887462651867367,0.013641489835518541,0.016416819460017794,0.016403199494155432,0.011733113914382365
2023-01-05,0.019175117933680118,0.019254060480974864,0.023483188049050318,0.025492945676149143,0.013887462651867367,0.013645787739028498,0.01660388262043124,0.016520143838870422,-0.00824334829989799
2023-01-06,0.019175117933680118,0.019267349940135858,0.02324731626713707,0.025297690005004623,0.013887462651867367,0.013656487080953008,0.016437108527740794,0.016392633153926982,0.021811525374443065
2023-01-09,0.019175117933680118,0.019361003896327566,0.02573891192680715,0.02757655783881979,0.013887462651867367,0.01371061769976182,0.018198801266577035,0.01788083575865575,0.0020562638509120435
2023-01-10,0.019175117933680118,0.019360828365042448,0.024982294792399412,0.026838813158217484,0.013887462651867367,0.013712282194187905,0.017663832076615572,0.017399055490837815,-0.0012748251593938656
2023-01-11,0.019175117933680118,0.019355835182950535,0.024232124706682012,0.02612257707335729,0.013887462651867367,0.013707815059635763,0.017133421298377385,0.01693132129788763,0.014205629309880596
2023-01-12,0.019175117933680118,0.019374704486186493,0.02484937227295714,0.026648546123427864,0.013887462651867367,0.013710852724218507,0.017569848674284443,0.01727480260852218,0.011259871135357091
2023-01-13,0.019175117933680118,0.019390462373155618,0.024932118808405283,0.026679920165693476,0.013887462651867367,0.013718560196006924,0.01762835494519445,0.017295291261145086,-0.00015228282693195943
2023-01-17,0.019175117933680118,0.019382347459337066,0.024172741787166857,0.025945845523262293,0.013887462651867367,0.01371879886398778,0.017091434366141918,0.016993227722768917,-0.0027310716578296313
2023-01-18,0.019175117933680118,0.01938412585941091,0.02348795686331903,0.025358142454906044,0.013887462651867367,0.013720366812950078,0.01660725442975249,0.01660570131783788,-0.0011448706324738835
2023-01-19,0.019175117933680118,0.01938323187730264,0.022781762049907728,0.024743412013133365,0.013887462651867367,0.013719541216573218,0.016107936544781036,0.01620035329274057,-0.003909972602458689
2023-01-20,0.019175117933680118,0.0193971310318108,0.02219982762542363,0.024243858775526598,0.013887462651867367,0.013735079747240845,0.015696477467898463,0.015870952136502154,0.004324133613556214
2023-01-23,0.019175117933680118,0.01939263850659496,0.021664116520858406,0.023746170763562308,0.013887462651867367,0.013729026932844387,0.015317700775394724,0.015542780894188877,0.004441134742936527
2023-01-24,0.019175117933680118,0.019309562931665542,0.02115605009627059,0.02326992620006173,0.013887462651867367,0.013659656627737923,0.014958470365127693,0.015228749279418648,0.004370089770393382
2023-01-25,0.019175117933680118,0.019309693433125143,0.020662164153634626,0.02280476668726699,0.013887462651867367,0.01365897688978772,0.014609266321695426,0.014922027052806841,0.0020432668838006765
2023-01-26,0.019175117933680118,0.01923255946091571,0.020066519025227485,0.022264290763469887,0.013887462651867367,0.01359558140410347,0.014188113036424017,0.014565641825336985,0.003299109049348437
2023-01-27,0.019175117933680118,0.019215111586213408,0.01954583068881979,0.021779207484300855,0.013887462651867367,0.013588000441805902,0.013819958252606637,0.014245782036627179,0.0009468652207850204
2023-01-30,0.019175117933680118,0.019216903359634538,0.018958065585145126,0.021249232396893785,0.013887462651867367,0.013591122737124123,0.013404376570536242,0.013896320971364578,-0.00828720464348266
2023-01-31,0.019175117933680118,0.019246013419651653,0.018977469883006894,0.021262790425165087,0.013887462651867367,0.01361509171721748,0.01341809645743387,0.013905261019897294,0.01131630876934784
2023-02-01,0.019175117933680118,0.019262721478367703,0.019496619145514905,0.021598671526377792,0.013887462651867367,0.01362167391079476,0.013785163032856327,0.014126738161409063,0.010626555099132818
2023-02-02,0.019175117933680118,0.019274976027971607,0.019848902451540806,0.02181218383813184,0.013887462651867367,0.01362471140891731,0.014034246362180008,0.014267526363883459,0.0062676729838749504
2023-02-03,0.019175117933680118,0.019274683726257492,0.01957284228346036,0.0215253574581805,0.013887462651867367,0.013624613840818249,0.013839056909308015,0.014078395488366995,-0.014041856291207876
2023-02-06,0.019175117933680118,0.019360066671644367,0.020594547574886185,0.02242980812636783,0.013992835450407226,0.013693900798578662,0.014561457747561915,0.01467478256672686,-0.006209135869663518
2023-02-07,0.019175117933680118,0.019386337950808043,0.02027821668590611,0.02217212156330611,0.013992835450407226,0.013717510742227247,0.014337794719404447,0.014504866238636822,0.003545525186279331
2023-02-08,0.019175117933680118,0.019380629047785796,0.019763997611402764,0.021700279014021114,0.013992835450407226,0.013710825310619632,0.013974214053252703,0.014193737274601752,-0.0037883994451074713
2023-02-09,0.019175117933680118,0.019388621999842266,0.01928312594978001,0.021290240407440923,0.013992835450407226,0.013717830457233255,0.013634211809588057,0.013923361304751221,-0.008009670655778468
2023-02-10,0.019175117933680118,0.01939831253885056,0.01924475403063872,0.021268484507976866,0.013992835450407226,0.013725625696471226,0.013607080789727726,0.0139090156496759,-0.0023236820905333517
2023-02-13,0.019175117933680118,0.019404720000692873,0.01870540604145964,0.02080083227209301,0.013992835450407226,0.013731606966210567,0.01322573262332077,0.013600649742659433,0.008606329347027441
2023-02-14,0.019175117933680118,0.019396583686429193,0.018786960048900618,0.01935983302906431,0.013992835450407226,0.013718557289962024,0.013283395712503867,0.012738335782495978,-0.0014105090215315143
2023-02-15,0.019175117933680118,0.01938989070480851,0.018232358740346885,0.018799545405114745,0.013992835450407226,0.013712651898578131,0.012891262625244612,0.012365771226596038,-0.002542618084147918
2023-02-16,0.019175117933680118,0.019387220789888526,0.017736206315997025,0.018312757403362835,0.013992835450407226,0.013710332467126274,0.012540456056794862,0.01204208041505949,-0.011304939164967297
2023-02-17,0.019175117933680118,0.019445644154027664,0.018362940280216004,0.019087626048848047,0.013992835450407226,0.013758327208898543,0.012983590828547047,0.012557331119244189,0.0014954356049737827
2023-02-21,0.019175117933680118,0.019446816646075737,0.0178239133564868,0.018517258660621913,0.013992835450407226,0.013760300726299413,0.012602469672758585,0.012178064000694721,-0.01733494065745026
2023-02-22,0.019039173755838384,0.019413253339540006,0.019904946247408614,0.02085506144228373,0.013992835450407226,0.013734987510478028,0.01407387235360199,0.013732591386096832,0.00017592807476027848
2023-02-23,0.019039173755838384,0.019416158188227173,0.019298821780530752,0.020211057951913736,0.013992835450407226,0.013738443251599492,0.013645309609889751,0.013304359770526996,0.006272426793728237
2023-02-24,0.019039173755838384,0.019412967572778526,0.019049230175019378,0.01990140037169303,0.013992835450407226,0.013737130743781448,0.013468834860707497,0.013098452243884283,-0.01231306025993396
2023-02-27,0.019039173755838384,0.01946883685314767,0.019756798595021937,0.020736253517117324,0.013992835450407226,0.013781723978920772,0.013969123959747507,0.013653589780519695,0.003925785072586119
2023-02-28,0.019039173755838384,0.01941112692459223,0.01928511456023565,0.020206181629718517,0.013992835450407226,0.013732270627974219,0.013635617864614072,0.013301117248765974,-0.0005296499037128145
2023-03-01,0.019039173755838384,0.019364690773414617,0.018700048037156396,0.0195925444225668,0.013992835450407226,0.0136939148747339,0.01322194422481436,0.012893077763698324,-0.004906466982087021
2023-03-02,0.019039173755838384,0.019373939523928293,0.018344679247265627,0.01925620877434097,0.013992835450407226,0.013709039682559385,0.012970679291706198,0.012669430593819279,0.001762611063442188
2023-03-03,0.019039173755838384,0.019355118474125802,0.017814164054875396,0.018686003707544176,0.013992835450407226,0.013691860413750093,0.01259557638981724,0.012290271411280982,0.017733431301509374
2023-03-06,0.019039173755838384,0.019380882132744304,0.020010446523435782,0.0208734737873166,0.013992835450407226,0.013707890724130882,0.014148466748363012,0.013744834717659098,-0.0031983798866744516
2023-03-07,0.019039173755838384,0.01939301452934543,0.019486266799651146,0.02034279795509397,0.013992835450407226,0.013721285653292352,0.013777843365049345,0.013391960591393097,-0.010041572517446785
2023-03-08,0.019039173755838384,0.01944454760024319,0.019740152715501495,0.020682880791964692,0.013992835450407226,0.01376565691001306,0.013957354423639635,0.013618099463058302,0.002593883718042378
2023-03-09,0.019039173755838384,0.019429291834525055,0.01919577976004396,0.02008728531889213,0.013992835450407226,0.013751053390041566,0.013572453334602039,0.013222056870939103,-0.008679211088032978
2023-03-10,0.019039173755838384,0.01946893211791906,0.019256934931124247,0.02021362790900811,0.013992835450407226,0.013787770798447414,0.013615693344439225,0.013306068669461435,0.0023496479968287513
2023-03-13,0.019039173755838384,0.01946126911171328,0.018718238817097492,0.01962634831716644,0.013992835450407226,0.013779888498697152,0.013234806088982256,0.012915555741866796,0.0030335755992480506
2023-03-14,0.019039173755838384,0.019458810996860112,0.018230148664610882,0.01909020783797478,0.013992835450407226,0.013776671018166872,0.012889699982300808,0.012559047885916007,0.0034002351008313733
2023-03-15,0.019039173755838384,0.019396782891229543,0.01778067012865913,0.01916415829832562,0.013992835450407226,0.013724164061458478,0.0125718943744865,0.012596381618788583,0.000901657097399422
2023-03-16,0.019039173755838384,0.01939605965336084,0.01724665428190789,0.018680677040096925,0.013992835450407226,0.013723388392098829,0.012194316320842866,0.012275188551009937,0.006208741848772471
2023-03-17,0.019039173755838384,0.019394285699554512,0.01709144451551972,0.018488216182404864,0.013992835450407226,0.013722719368926672,0.012084574630861471,0.01214733024780311,-0.0007226108100910514
2023-03-20,0.019039173755838384,0.019388475301280773,0.016575885546474826,0.018033428840832793,0.013992835450407226,0.013717453373033536,0.01172004658688159,0.011845199526207833,0.003950403170885086
2023-03-21,0.019039173755838384,0.0193823805830031,0.01622780829331289,0.017689759182976064,0.013992835450407226,0.01371016352234712,0.011473937164163043,0.01161688806670297,0.0018546194922863695
2023-03-22,0.019039173755838384,0.019381748733504327,0.015768898052190342,0.017266723430742516,0.013992835450407226,0.013709383234068945,0.011149462831248916,0.011335851007401556,-0.005198620910427132
2023-03-23,0.019039173755838384,0.019394349190637653,0.015572869291176296,0.017117667259095366,0.013992835450407226,0.013726689382102428,0.011010859906837322,0.011236827915548753,0.0017221460279952306
2023-03-24,0.019039173755838384,0.019375301484185193,0.015130315067191421,0.016709134215322184,0.013992835450407226,0.01370933496454966,0.01069795016166675,0.010965425499456777,0.005028357443596221
2023-03-27,0.019039173755838384,0.019369627362161478,0.014946606011014748,0.016494653809559157,0.013992835450407226,0.013701674272462721,0.010568057934142259,0.010822938860454838,-0.006394594427623667
2023-03-28,0.019039173755838384,0.019394565277131712,0.014942382114184697,0.0165178488093924,0.013992835450407226,0.013723302398342066,0.010565071410889092,0.010838348088892892,0.0002691161141724851
2023-03-29,0.019039173755838384,0.019368525140892354,0.01448798858179277,0.01611187771971178,0.013992835450407226,0.013712750509114614,0.010243790635060881,0.01056864766616776,0.008139993500099484
2023-03-30,0.019039173755838384,0.019372465793765774,0.014792669387617675,0.016283880851155418,0.013992835450407226,0.013714422043764142,0.010459216425036603,0.01068291520501367,0.007100700489936474
2023-03-31,0.019039173755838384,0.019375259324310713,0.01490187000087849,0.01630642461329513,0.013992835450407226,0.013713289039009832,0.01053642715813104,0.010697891794069993,0.012256978137515308
2023-04-03,0.019039173755838384,0.019389117992016324,0.016047574910685775,0.01719173951831392,0.013992835450407226,0.01371495355142761,0.011346502425609948,0.011286036640335452,0.0036578448033677494
2023-04-04,0.019039173755838384,0.01938788809324244,0.01569770027992474,0.016860610991333916,0.013992835450407226,0.013715250086220621,0.011099122159826237,0.011066056681237588,0.0010167413087438738
2023-04-05,0.019039173755838384,0.019388214948569724,0.015230508966247268,0.01644754080871412,0.013992835450407226,0.01371562312314624,0.010768792661234178,0.010791640089269548,0.0007808395501444848
2023-04-06,0.019039173755838384,0.019385642156183946,0.01477322850526512,0.01604489418589961,0.013992835450407226,0.013713020661090255,0.010445470670927529,0.010524148223118803,0.0027822197205900957
2023-04-10,0.019039173755838384,0.019385020352914617,0.01441065265132348,0.015707779621490104,0.013992835450407226,0.013714009802824364,0.010189109954176675,0.010300191535465086,-0.004775156756598164
2023-04-11,0.019039173755838384,0.019391648252262035,0.014234151042026192,0.015588394284415925,0.013992835450407226,0.013719616433779553,0.010064313780975314,0.010220879789642447,0.002114331574102035
2023-04-12,0.019039173755838384,0.019364209787227506,0.013853013818593166,0.015239780204309241,0.013992835450407226,0.013706896394077845,0.009794829173223558,0.009989283582024134,-0.001293861003788699
2023-04-13,0.019039173755838384,0.01936823445661642,0.013451216591744386,0.013991913539690986,0.013992835450407226,0.013710825180893114,0.009510736826908523,0.009208744619591532,0.0052861217896167274
2023-04-14,0.019039173755838384,0.01935690036548992,0.013384790444126864,0.013908990702908307,0.013992835450407226,0.013697908467826076,0.009463769951897131,0.009153443460060699,-0.007452273117031649
2023-04-17,0.019039173755838384,0.01938161423046648,0.013654189031496422,0.014320015931220498,0.013992835450407226,0.013718480807778693,0.009654249307317318,0.00942755578670071,-0.0006748971155772997
2023-04-18,0.019039173755838384,0.019382961994721476,0.01324381244159108,0.01391089537746152,0.013992835450407226,0.013723969270338442,0.009364090887824666,0.009154713685675357,0.0020362338124943922
2023-04-19,0.019039173755838384,0.01936832391293689,0.012892672234319802,0.013542175806696139,0.013992835450407226,0.013710161423276765,0.009115815791075952,0.008908814961075808,-0.0005537457684694824
2023-04-20,0.019039173755838384,0.019372427617500035,0.01250389162914679,0.013162300380781478,0.013992835450407226,0.013716233190428574,0.008840926899503415,0.008655476407482827,-0.0002100066313728726
2023-04-21,0.019039173755838384,0.01937459498053545,0.012123563349861463,0.012791009252057355,0.013992835450407226,0.013718500073517492,0.008572014258966962,0.008407862713371421,-0.0018467802511126009
2023-04-24,0.019039173755838384,0.019369666001376577,0.011801246059249535,0.012503358189264742,0.013992835450407226,0.0137141673909898,0.008344118521442845,0.00821602849821549,0.0035051956899611824
2023-04-25,0.019039173755838384,0.019366991336911093,0.0116147666782922,0.012304117330287878,0.013992835450407226,0.013710464877746414,0.008212267524632747,0.008083154962349655,-0.0038118166451591388
2023-04-26,0.019039173755838384,0.019381480093396405,0.011468509439609599,0.012231702331920087,0.013992835450407226,0.013724199617256037,0.008108855755395881,0.008034861470079757,-0.006464154642202668
2023-04-27,0.019039173755838384,0.01939700101810931,0.011713383910571702,0.012601333831901103,0.013992835450407226,0.0137371286554014,0.00828199523561051,0.008281368359389913,0.00850460720092483
2023-04-28,0.019039173755838384,0.019404029820091855,0.012347354473249417,0.013214091287080017,0.013992835450407226,0.0137390195808702,0.008730246673427328,0.008690015712728358,0.009466911356304031
2023-05-01,0.019039173755838384,0.019400966007228213,0.013130550416389511,0.01398360498777184,0.013992835450407226,0.013729376977864362,0.009284008517071977,0.009203203654364365,-0.010397006056594105
2023-05-02,0.019039173755838384,0.01945301549404159,0.014041633977827005,0.015079758576747539,0.013992835450407226,0.013772702403764612,0.009928193815929827,0.009934227421111629,0.0022098724035948362
2023-05-03,0.019039173755838384,0.01945056451182296,0.013671985465586513,0.014668666022334827,0.013992835450407226,0.013773623206378796,0.009666832347664177,0.009660070194760386,-0.00035559726904526033
2023-05-04,0.019039173755838384,0.019454254694776473,0.013257030407708998,0.014237747007004871,0.013992835450407226,0.013779241772946094,0.009373436703965317,0.00937269072082746,-0.004471506236811053
2023-05-05,0.019039173755838384,0.01943963403323398,0.013103296091264805,0.014129286546622852,0.013992835450407226,0.013767269633330357,0.009264738236804898,0.009300358544854113,0.007978130242432702
2023-05-08,0.019039173755838384,0.019409252730083506,0.013493064652737712,0.014478216821949195,0.013992835450407226,0.013736530441853027,0.009540325666855403,0.009533059807493393,-0.004526400824318656
2023-05-09,0.019039173755838384,0.01931181382289542,0.013333861351307801,0.014362052809719677,0.013887462651867367,0.013660461419446018,0.009427760331850376,0.009455590140254653,-0.002948887169497161
2023-05-10,0.019039173755838384,0.019318637703428378,0.013036411934675064,0.01408279758131979,0.013887462651867367,0.013671540513394352,0.009217447524706398,0.009269355098922981,0.005394928972562462
2023-05-11,0.019039173755838384,0.01929571440512969,0.013007768032401943,0.014070804029241575,0.013887462651867367,0.01365962501217397,0.009197194738324047,0.009344241883812882,0.0002735910040835511
2023-05-12,0.019039173755838384,0.01929397387424148,0.01261246260304427,0.013728430623064171,0.013887462651867367,0.013657897738348928,0.00891769244355196,0.009113833684797424,-0.0033954406342713963
2023-05-15,0.019039173755838384,0.019292420419631518,0.012380363061922688,0.01355741314077855,0.013887462651867367,0.013656571432624264,0.008753585528895005,0.008998743466390768,-0.0009181424375244491
2023-05-16,0.019039173755838384,0.01928636618526127,0.012014604242164929,0.013251375604931684,0.013887462651867367,0.013651127090413773,0.008494974283353714,0.00879278834197591,-0.008277532611906304
2023-05-17,0.019039173755838384,0.01931452121172603,0.012567348796526332,0.013784571442091569,0.013887462651867367,0.01368155064873921,0.008885794545088596,0.009151614963278652,0.0054530784366419015
2023-05-18,0.019039173755838384,0.019313502202462675,0.012574484757577673,0.013737563834759235,0.013887462651867367,0.013678054357421785,0.008890840055069309,0.009119980093425892,-0.000298498752171472
2023-05-19,0.019039173755838384,0.019313500354388474,0.012192601829789165,0.013411409176769817,0.013887462651867367,0.013682460338061534,0.008620828194051851,0.008900486680701815,-0.0012878818653282885
2023-05-22,0.019039173755838384,0.019319709594963295,0.011843924602681894,0.013123138268400818,0.013887462651867367,0.013689241838357472,0.0083742945573406,0.00870648802418398,-0.0005031996058105336
2023-05-23,0.019039173755838384,0.019321635388918023,0.011486690458562002,0.012821714032503494,0.013887462651867367,0.013691182591615982,0.008121710718017438,0.008503637527972462,-0.005910834523227804
2023-05-24,0.019039173755838384,0.01934073022963409,0.01163495805083585,0.012989887601293723,0.013887462651867367,0.013707559756647905,0.008226543915851857,0.008616813868213334,-0.008796138309498425
2023-05-25,0.019039173755838384,0.019381742107472615,0.012343973251431923,0.013650203711639854,0.013887462651867367,0.013742564199250577,0.008727855966933217,0.009061189053378594,0.0016035941353181318
2023-05-26,0.019039173755838384,0.01938160307118042,0.01200276055250945,0.01333865989091633,0.013887462651867367,0.013742388992503735,0.00848660015491674,0.008851528345647959,0.010130776056828484
2023-05-30,0.019039173755838384,0.01939424876650241,0.012990323346487273,0.014080866444860356,0.013887462651867367,0.013747337323175615,0.009184860402940262,0.009351013621975476,0.003135184066717777
2023-05-31,0.019039173755838384,0.01937211905399241,0.012720665247489677,0.013821202964401728,0.013887462651867367,0.013726672564874335,0.008994197558779041,0.00917626700380047,1.7129933838788637e-05
2023-06-01,0.019039173755838384,0.01936422496482852,0.012333146401490804,0.013488519313773973,0.013887462651867367,0.013726791003970958,0.00872020079910865,0.008952379752629712,0.00726549064499491
2023-06-02,0.019039173755838384,0.01936609018531267,0.012653888156649981,0.013698588427144649,0.013887462651867367,0.013724205251729597,0.008946982547950006,0.009093750680415591,0.0047561697667158785
2023-06-05,0.019039173755838384,0.019366400037738513,0.012564196320124808,0.013583086554821051,0.013887462651867367,0.013723198606603837,0.008883565573961454,0.009016020991412806,-0.0019967783636330337
2023-06-06,0.019039173755838384,0.019373905688268824,0.012234466110812409,0.013321243856198133,0.013887462651867367,0.013730686373600556,0.008650428502436164,0.008839807817356311,0.004537836889557179
2023-06-07,0.019039173755838384,0.019373488392854656,0.012140334565211216,0.013202905676260111,0.013887462651867367,0.013730708900584027,0.008583872414277376,0.008760169368743399,-0.006079030941502561
2023-06-08,0.019039173755838384,0.019393151831190125,0.012269642585322227,0.013369806307130803,0.013887462651867367,0.01374752251433906,0.008675300170309439,0.008872489055610474,0.007686152206133945
2023-06-09,0.019039173755838384,0.019391548280013587,0.012676536190616827,0.013891939594869224,0.013887462651867367,0.013741050411964679,0.008962995931515456,0.009326814829497796,-0.0007069193159665587
2023-06-12,0.019039173755838384,0.019386712041521797,0.012296957605932392,0.013586832572789602,0.013887462651867367,0.013736626958982144,0.008694613365563783,0.009120158225078397,0.004881536982613733
2023-06-13,0.019039173755838384,0.019364942237335855,0.012242548316643452,0.01351703342768672,0.013887462651867367,0.013715184404950412,0.008656143058596617,0.009072881521251585,0.00052388158325416
2023-06-14,0.019039173755838384,0.019364844986614668,0.011873344441019574,0.013215824767822062,0.013887462651867367,0.013715081673940456,0.008395095972440227,0.00886886537490047,0.003677357168859885
2023-06-15,0.019039173755838384,0.019348766041056557,0.011700804171347308,0.013056816968613508,0.013887462651867367,0.0136991685692451,0.008273100680363531,0.008761165422153838,0.010128578306990143
2023-06-16,0.019039173755838384,0.019360200721807126,0.012728159596166522,0.013847207492618873,0.013887462651867367,0.01370442622865357,0.008999496468172732,0.009296516659706128,-0.002970389096542225
2023-06-20,0.019039173755838384,0.01937128517004271,0.012455950434094547,0.013646208683941159,0.013887462651867367,0.013715143267675197,0.008807029884597773,0.009160375147752196,-0.0035356563897627645
2023-06-21,0.019039173755838384,0.01937626231702706,0.012243400720531886,0.013497098475868179,0.013887462651867367,0.0137194823195196,0.008656745754196516,0.009059379080619429,-0.0019192428830489441
2023-06-22,0.019039173755838384,0.019384476053513747,0.011920691679839503,0.013248359194848756,0.013887462651867367,0.013728484495726395,0.008428573028201377,0.008890901754693502,-0.0052209043864699265
2023-06-23,0.019039173755838384,0.019401340587941455,0.011934308137321072,0.013291573688720748,0.013887462651867367,0.013743189263850123,0.008438200599264464,0.00892017201043661,-0.0026896494078042957
2023-06-26,0.019039173755838384,0.019411916839847887,0.011671807752041961,0.013095199042410278,0.013887462651867367,0.013753974656278202,0.008252598645394807,0.008787162559116962,0.0012946264499001713
2023-06-27,0.019039173755838384,0.01940864232951064,0.011340258782348143,0.012820490621197387,0.013887462651867367,0.013750560416191816,0.008018175612022057,0.008601095686101973,0.005247600403224406
2023-06-28,0.019039173755838384,0.019407615139831344,0.011394170525802938,0.012831553600636668,0.013887462651867367,0.013747265265230773,0.00805629412720477,0.008608588918313084,0.0014647817766206604
2023-06-29,0.019039173755838384,0.01940873561374882,0.0110785466391427,0.01257098362370621,0.013887462651867367,0.013749102534791766,0.007833130987882941,0.008432098366640245,-0.002967496569573036
2023-06-30,0.019039173755838384,0.019418294209257496,0.010873342820550849,0.012426019935124617,0.013887462651867367,0.013761213529886606,0.007688040802085057,0.008333910840695444,0.010707116401729767
2023-07-03,0.019039173755838384,0.019433012553434183,0.012180383576257595,0.013416925541326284,0.013887462651867367,0.013767315604386217,0.008612189228718817,0.009005075950177403,-0.0002572318175156573
2023-07-05,0.019039173755838384,0.019435913798902093,0.011810229682027544,0.01312139317549476,0.013887462651867367,0.013772649908568838,0.008350470428083491,0.008804904499509067,-0.004692023368175291
2023-07-06,0.019039173755838384,0.019440110134122186,0.01175845364120129,0.01311054980791357,0.013887462651867367,0.013776188767190879,0.008313861970039629,0.008797560015893035,-0.01017322632518529
2023-07-07,0.019039173755838384,0.019492093686013356,0.012789513188466207,0.014014100617773665,0.013887462651867367,0.013821088631698208,0.00904287677253166,0.009409557540608668,-0.0015387842197737917
2023-07-10,0.019039173755838384,0.01949859370399662,0.012430857743060322,0.013729241401956202,0.013887462651867367,0.013827877201760886,0.008789287996414074,0.009216615280947901,0.002196366707022524
2023-07-11,0.019039173755838384,0.019476892483704662,0.012116974794572057,0.013695396777610992,0.013887462651867367,0.013808052198262222,0.008567355794433313,0.009167075560140781,0.0067915580641285
2023-07-12,0.019039173755838384,0.01947819325706395,0.012368884996238486,0.013867173445128606,0.013887462651867367,0.013808511709261836,0.008745469916358412,0.009282865007196835,0.010360892784600773
2023-07-13,0.019039173755838384,0.019490071630928876,0.013366650737277781,0.014633538425754924,0.013887462651867367,0.013811524415725892,0.00945094419916449,0.009799448421185493,0.008641807665568857
2023-07-14,0.019039173755838384,0.01947506321525191,0.013863520478380461,0.015015458722295085,0.013887462651867367,0.01379264165977664,0.009802257949311229,0.010056889321599599,-0.003096886152883316
2023-07-17,0.019039173755838384,0.019475967909297526,0.013556533504350371,0.014784542413066933,0.013887462651867367,0.013793427827711705,0.009585201573824635,0.00990123563388901,0.0008366110061479138
2023-07-18,0.019039173755838384,0.01947645502785649,0.013152189838462754,0.014458743556968237,0.013887462651867367,0.013796679570452221,0.0092993087575388,0.009681624496099913,0.005581177949617389
2023-07-19,0.019039173755838384,0.019475301473196826,0.013142145007175527,0.014434938975589163,0.013887462651867367,0.013792934005785962,0.009292206519150775,0.00966557854902738,0.005368945714847306
2023-07-20,0.019039173755838384,0.019476233804942282,0.013103933607819843,0.014389850737373084,0.013887462651867367,0.013792271801311881,0.009265188995450886,0.00963518593373674,-0.0076400244485425595
2023-07-21,0.019039173755838384,0.01951086555578913,0.013429959774099215,0.014694328925693072,0.013887462651867367,0.013823181404763716,0.009495707108442396,0.00984042545535329,0.0004514727696853793
2023-07-24,0.019039173755838384,0.01951012449718416,0.013023370377484645,0.014368264109848643,0.013887462651867367,0.01382241744564905,0.00920822643920791,0.009620635042157684,0.0008481415928382587
2023-07-25,0.019039173755838384,0.019511184592309595,0.012635872202166916,0.014057475416070515,0.013887462651867367,0.013823670836162816,0.008934244294825812,0.009411141800008531,0.00048138833105545466
2023-07-26,0.019039173755838384,0.019511120616871467,0.012254003336178638,0.013754280270586665,0.013887462651867367,0.013823603395423439,0.0086642423762608,0.009206767138693981,0.0015684651072822796
2023-07-27,0.019039173755838384,0.019511370040739485,0.011914268101702992,0.013481401287351204,0.013887462651867367,0.013823925844861194,0.008424031211427648,0.009022827683827027,-0.012457759717480501
2023-07-28,0.019039173755838384,0.019574731184545207,0.01355828112518043,0.014856244033798323,0.013887462651867367,0.013875027631670632,0.009586437236165996,0.009949567523996606,0.0068895787807499494
2023-07-31,0.019039173755838384,0.019577371208467087,0.0137189767385066,0.014965074646781915,0.013887462651867367,0.013874029289851547,0.009700057716303225,0.010022926942841131,0.0024286260167831752
2023-08-01,0.019039173755838384,0.019577542826284895,0.013372843281466592,0.014678162649941564,0.013887462651867367,0.013875176054759155,0.00945532266245568,0.009829528258677663,-0.008510420791935026
2023-08-02,0.019039173755838384,0.019609380607393048,0.013842726716778168,0.015100305130441449,0.013887462651867367,0.013901538864715585,0.009787555636483833,0.010114081714640708,-0.011689437176333181
2023-08-03,0.019039173755838384,0.019672779711019328,0.01498311210752633,0.016091252134789936,0.013887462651867367,0.013954542021672187,0.010593869716603073,0.01078204906639759,-0.00946537744094037
2023-08-04,0.019039173755838384,0.01968641872502369,0.015495683952737949,0.01655782858030413,0.013887462651867367,0.01396539675352642,0.010956285702654667,0.011096554111909242,0.0033321162381883987
2023-08-07,0.019039173755838384,0.019671991564938165,0.015143135186574976,0.016254834154865127,0.013887462651867367,0.013951042030278207,0.010707014678672699,0.010892314749895472,0.0024094200777684985
2023-08-08,0.019039173755838384,0.019665232731114698,0.01474587171333894,0.016140108674736392,0.013887462651867367,0.013943924407488477,0.010426127941096082,0.010857448849881393,-0.00013655183553177327
2023-08-09,0.019039173755838384,0.019668829891369855,0.014296864809223153,0.015780181653939386,0.013887462651867367,0.013948575265317422,0.010108655802469517,0.010614169149840858,-0.0016382009550832356
2023-08-10,0.019039173755838384,0.019674168622151943,0.013892723188965209,0.01546270497061732,0.013887462651867367,0.013953815005517234,0.009822905843359294,0.010399582225754331,-0.004856484475164802
2023-08-11,0.019039173755838384,0.019687381061280457,0.01375084751226529,0.015363830474648555,0.013887462651867367,0.013970719345943449,0.009722592075156302,0.010332751573063473,-0.0014422930445472494
2023-08-14,0.019039173755838384,0.019692962752174525,0.013357250137318257,0.015056221345686542,0.013887462651867367,0.013976407472000749,0.00944429746712949,0.010124834266777606,0.00013979260319216822
2023-08-15,0.019039173755838384,0.01968091473567477,0.01295057948133486,0.01473563277815899,0.013887462651867367,0.01396550197516721,0.009156759343131237,0.009908143976696515,-0.009116449881216127
2023-08-16,0.019039173755838384,0.01970676724140288,0.013588278044986487,0.015258948465652775,0.013887462651867367,0.013986433608444572,0.00960764667904036,0.010261860358417679,-0.007911848306564318
2023-08-17,0.019039173755838384,0.019741836569438558,0.013924404300950122,0.015544428819257891,0.013887462651867367,0.014017054559122352,0.00984530610109191,0.010454820516392838,-0.005995418220955029
2023-08-18,0.019039173755838384,0.019766056335163228,0.01392578682231616,0.015559159063767303,0.013887462651867367,0.014040227492486434,0.009846283618387859,0.010464776894377015,0.0015808767369487997
2023-08-21,0.019039173755838384,0.019765951214121415,0.013531570543140128,0.015238825630263188,0.013887462651867367,0.014042320900027903,0.009567551411635093,0.010248259052945517,-0.0016704618035707332
2023-08-22,0.019039173755838384,0.019765072549961387,0.013153831842480033,0.01494359885262532,0.013887462651867367,0.01404152122780211,0.00930046974308762,0.010048711150849604,0.0014868989170981337
2023-08-23,0.019039173755838384,0.019756874961100682,0.012781228180084156,0.014644499473170557,0.013887462651867367,0.014033462331263558,0.009037018824011318,0.009846545703101504,0.015567353123185112
2023-08-24,0.019039173755838384,0.01979003663587559,0.015239754666604235,0.01654587588526034,0.013887462651867367,0.014046674438842277,0.010775329870881782,0.011131712574355208,-0.009297586432260353
2023-08-25,0.019039173755838384,0.019825830344924536,0.015696656479954205,0.016946299071328802,0.013887462651867367,0.014082750723056406,0.011098384136856196,0.011402364198065763,0.004418414294207318
2023-08-28,0.019039173755838384,0.01982608135714918,0.015425339812462632,0.016712978077652853,0.013887462651867367,0.014082110960812123,0.010906548595166241,0.011244659279916096,0.005131271248860037
2023-08-29,0.019039173755838384,0.019818791783015405,0.015238580467770936,0.01654737007870184,0.013887462651867367,0.01407277183053158,0.010774499648871023,0.011132722520569986,0.012326387559767981
2023-08-30,0.019039173755838384,0.01984066081016802,0.016359046850936924,0.017437185694244968,0.013887462651867367,0.01408290419330074,0.01156672991451332,0.011734161322139726,0.0018932874163880122
2023-08-31,0.019039173755838384,0.019841303663396592,0.015897334910822195,0.017055087275435664,0.013887462651867367,0.014084128085566378,0.011240274629051064,0.011475895664540442,-0.0005358771884509395
2023-09-01,0.019039173755838384,0.019839506521495704,0.015416062662795387,0.01666546121640478,0.013887462651867367,0.014082418464408324,0.010899989149157234,0.011212541969785552,-0.0037634748235232164
2023-09-05,0.019039173755838384,0.019823902293411452,0.015099498321853535,0.01642085587857921,0.013887462651867367,0.01406950495555131,0.010676161057850641,0.011047209805829796,-0.00878210392763158
2023-09-06,0.019039173755838384,0.019863461635712117,0.015471225340309277,0.01690885245233279,0.013887462651867367,0.014103215042313188,0.010938992142300935,0.011406979625867087,-0.002824701448014344
2023-09-07,0.019039173755838384,0.019871282974418883,0.01508602515622565,0.016604295497043002,0.013887462651867367,0.014110491676368802,0.010666634801869393,0.01120139551804245,1.2183579847690942e-05
2023-09-08,0.019039173755838384,0.01983854754342369,0.014626445703375417,0.016241162109428484,0.013887462651867367,0.014082658038955344,0.010341687300109901,0.010956270748381432,0.0012523428884615218
2023-09-11,0.019039173755838384,0.01983944849334993,0.01419881008690588,0.015904830700225095,0.013887462651867367,0.014085281857819935,0.010039325816424423,0.01072923803251819,0.0017035475472553688
2023-09-12,0.019039173755838384,0.019839274222648147,0.013800441245769172,0.015593150313220394,0.013887462651867367,0.014085056419608506,0.009757657524024976,0.010518845417357488,-0.0014376179805546622
2023-09-13,0.019039173755838384,0.019845455134734114,0.013405079199964814,0.015287008923183333,0.013887462651867367,0.014091625264366877,0.009478115198366404,0.01031219177361102,-0.0012301484875536285
2023-09-14,0.019039173755838384,0.019834763125053365,0.01301559669701473,0.014987367130322848,0.013887462651867367,0.014082238674964305,0.009202730027145731,0.01010992553216668,0.004461535809552253
2023-09-15,0.019039173755838384,0.019800796991910195,0.012872642908418287,0.014874013403738135,0.013887462651867367,0.014051096250600827,0.009101653975587336,0.010033408728515481,-0.0065883105379416764
2023-09-18,0.019039173755838384,0.019810294442386828,0.013032923976038535,0.014995657205631762,0.013887462651867367,0.014058919826285597,0.009214981349514813,0.010115521555198105,0.0012911357227168515
2023-09-19,0.019039173755838384,0.01981001221627029,0.012657289947614385,0.014707735103018389,0.013887462651867367,0.014058588119363122,0.008949387797942222,0.009921166418792034,-0.0035104883274462485
2023-09-20,0.019039173755838384,0.019820209747524284,0.01243367152287023,0.014537800655337184,0.013887462651867367,0.014071834815074602,0.008791277490752997,0.009806456111874329,-0.0028193146549592377
2023-09-21,0.019039173755838384,0.019822284829582072,0.012161472536850343,0.01433210112067655,0.013887462651867367,0.014073673410077517,0.008598818102196622,0.009667603412638117,-0.02010433413732634
2023-09-22,0.019175807830373204,0.01995786079474022,0.01643993550076394,0.01768687498333961,0.013992835450407226,0.014178729045256949,0.01162392255991767,0.011932165687542516,0.0011651698406967112
2023-09-25,0.019175807830373204,0.019946319149415755,0.015952931659296878,0.017295697193383072,0.013992835450407226,0.014167866814196082,0.011279584533814556,0.011668110194629842,-0.00674954365742708
2023-09-26,0.019175807830373204,0.019864839952860144,0.015937974552749774,0.017289365783411656,0.013887462651867367,0.014104506930300577,0.011269009051434109,0.011663836323199103,-0.010834238387956031
2023-09-27,0.019175807830373204,0.019919518372938243,0.016640102620963687,0.017866608163690845,0.013887462651867367,0.014150255636714239,0.011765451527846736,0.012053490401646763,-0.0034904440119401412
2023-09-28,0.019175807830373204,0.01991230819305555,0.016255321764311714,0.017558579200808028,0.013887462651867367,0.014144167091653842,0.011493390674563373,0.011845562595637023,0.004511794598916119
2023-09-29,0.019175807830373204,0.019903507320206335,0.01596844770897197,0.01732764307847591,0.013887462651867367,0.014140668937213849,0.011290555219183164,0.011689674523309285,-0.0019622153943387064
2023-10-02,0.019175807830373204,0.019884501815393415,0.015522309249539859,0.01697150952238919,0.013887462651867367,0.014124582028918224,0.010975111225914524,0.011449274827545191,-0.009533683208022737
2023-10-03,0.019175807830373204,0.019928714318245954,0.015999973333852974,0.01736063408050175,0.013887462651867367,0.014161895059692219,0.01131284553913319,0.01171194433393065,-0.015300652300261753
2023-10-04,0.019175807830373204,0.020024553609474176,0.017794884137690346,0.019032569531339246,0.013992835450407226,0.014240914379125677,0.012581944446777666,0.012761802419319089,0.008534517814191511
2023-10-05,0.019175807830373204,0.02003012275469483,0.017925119791382508,0.019139350283956545,0.013992835450407226,0.014240343706768716,0.01267402808986663,0.012833465599827237,-0.0003950839690021966
2023-10-06,0.019175807830373204,0.02002010576676049,0.017380506590871883,0.018715899568284372,0.013992835450407226,0.014231299264612007,0.012288957134597357,0.012549277444848803,0.0030059762988711497
2023-10-09,0.019175807830373204,0.020005501384584803,0.01693786193413442,0.01837215953548841,0.013992835450407226,0.014216918940570903,0.011975983448585114,0.01231858508302945,0.012384186753313943
2023-10-10,0.019175807830373204,0.02002581179493204,0.01787395895903846,0.019108459116874473,0.013992835450407226,0.014227514584838112,0.012637854617456078,0.01281273378038929,0.003352284101869174
2023-10-11,0.019175807830373204,0.020020403011062088,0.017434413508815243,0.01876577939040354,0.013992835450407226,0.014226327932426739,0.01232707223788279,0.012582753016135055,0.01078810978019933
2023-10-12,0.019175807830373204,0.020022321825121116,0.01798645323630692,0.019203204035877424,0.013992835450407226,0.014227397334394671,0.01271739414894279,0.012876319417934592,-0.013172840278225871
2023-10-13,0.019175807830373204,0.020095153456157075,0.018985448995988363,0.02001663744767336,0.013992835450407226,0.014286884148708857,0.013423738121380124,0.013422234519599134,0.005412465956455747
2023-10-16,0.019175807830373204,0.020095862134912528,0.018663677426459822,0.019764632731072058,0.013992835450407226,0.01428548632984124,0.013196228238144325,0.013253107977108576,0.0008167670547260981
2023-10-17,0.019175807830373204,0.020094374387573718,0.018101091210071925,0.01932271572415171,0.013992835450407226,0.01428390818009034,0.012798449389664892,0.012956526641424847,-0.0032252161240609147
2023-10-18,0.019175807830373204,0.02010604783875304,0.01764562865280582,0.018969010528935033,0.013992835450407226,0.014295426243800482,0.012476412755497,0.012719146414837314,-0.010385958187103127
2023-10-19,0.019175807830373204,0.02015515615310739,0.018102827763039727,0.019340633529998777,0.013992835450407226,0.01433638696811573,0.0127996772264297,0.012968551720132901,-0.011685225053375613
2023-10-20,0.019175807830373204,0.020216483254061276,0.01877198686256166,0.019885595663229224,0.013992835450407226,0.014389272852882818,0.013272808860841874,0.013334289165941753,-0.00450410346496849
2023-10-23,0.019175807830373204,0.020233051483701865,0.018380198328197324,0.019580843801217253,0.013992835450407226,0.014405091592279462,0.012995793200828913,0.013129762721219735,0.0016675181341885054
2023-10-24,0.019175807830373204,0.020233648705419178,0.01784557909959483,0.019160048285331063,0.013992835450407226,0.014406045186523955,0.012617788523618983,0.012847356535902354,0.00881157251676351
2023-10-25,0.019175807830373204,0.020241708662559935,0.018015793572403054,0.019293305843803205,0.013992835450407226,0.01440816510490296,0.012738139351662564,0.01293678894982333,-0.014863427972645973
2023-10-26,0.019175807830373204,0.020330774866770183,0.019412133221345187,0.02042177915509221,0.014041959623266303,0.014482889378917136,0.013725426920150394,0.013694135050345457,0.0011621799285726152
2023-10-27,0.019175807830373204,0.020327373307391792,0.018832409290925563,0.019961960515115517,0.014041959623266303,0.014479318760160939,0.013315530781992452,0.013385539489909958,-0.0038295417026426026
2023-10-30,0.019175807830373204,0.020339102641746744,0.018388640889260625,0.019614240876398993,0.014041959623266303,0.014490157198278054,0.013001762547606618,0.013152176317008584,0.004774533462763442
2023-10-31,0.019175807830373204,0.020339658012308644,0.018034850007364354,0.019334038391786955,0.014041959623266303,0.014489509676256397,0.012751613280696409,0.012964125561217876,0.002563347318930476
2023-11-01,0.019175807830373204,0.02033618298493052,0.017546340873559364,0.019096686317729542,0.014041959623266303,0.014485351818694687,0.01240621093158757,0.012932623872139037,0.012014170187449966
2023-11-02,0.019175807830373204,0.020355735757142827,0.01833769059989055,0.019737713219186076,0.014041959623266303,0.014495161260732244,0.012965737940453165,0.013364605360263316,0.020164705244139804
2023-11-03,0.019175807830373204,0.020426672336305237,0.021169038702971175,0.022004950830755137,0.014041959623266303,0.014538096027894054,0.014967654011769235,0.014892473652766403,0.009494343487180168
2023-11-06,0.019175807830373204,0.020433683380780034,0.021225245067416756,0.022080822647499155,0.014041959623266303,0.014537516301622049,0.015007394947958408,0.014943602895906278,-0.0047150302325677405
2023-11-07,0.019175807830373204,0.020451377686619965,0.02075329471727063,0.021703371541822825,0.014041959623266303,0.014554564376291641,0.014673700553477989,0.01468924244714238,0.0037191351411305367
2023-11-08,0.019175807830373204,0.020407974044300642,0.020232368016987686,0.021308891390920275,0.014041959623266303,0.014516251979860024,0.014305377233523296,0.014423406298557706,0.004605339383365037
2023-11-09,0.019175807830373204,0.02040646253674579,0.019790772944939073,0.02097916452160704,0.014041959623266303,0.01451293499928385,0.013993145660589457,0.01420120672572098,-0.011213133625372051
2023-11-10,0.019175807830373204,0.020463767834140795,0.02022379487000966,0.021291643027470334,0.014041959623266303,0.014561406242262378,0.014299315555449027,0.014411782802423794,0.008216126699931482
2023-11-13,0.019175807830373204,0.0204579678842351,0.02015890565309139,0.021265451699488964,0.014041959623266303,0.014550577314250749,0.014253435373474068,0.014394132733742378,-0.0010790165484584335
2023-11-14,0.019175807830373204,0.02045865510581392,0.01955445333067659,0.020794516471983226,0.014041959623266303,0.014551234990374796,0.013826054926234139,0.014076774289150065,0.023557110234874102
2023-11-15,0.019175807830373204,0.020566614526920275,0.02322993365628041,0.023762974811764627,0.014041959623266303,0.014615234472750796,0.016424818082776602,0.01607718807543583,-0.0034912440159624806
2023-11-16,0.019175807830373204,0.02057923366155235,0.022609951207437032,0.023264897691466155,0.014041959623266303,0.014627539894764976,0.01598645699714286,0.01574153898623488,0.00506118134292901
2023-11-17,0.019175807830373204,0.02057708414253411,0.02211006606206083,0.022883139078301574,0.014041959623266303,0.014623198502453015,0.015633011193268743,0.015484275752126637,0.0031710546102608926
2023-11-20,0.019175807830373204,0.020541999949742876,0.02151252906146928,0.022419748587803635,0.014041959623266303,0.014591867479202422,0.015210520252155324,0.015172001628820576,0.005856883682587654
2023-11-21,0.019175807830373204,0.02052847609294667,0.021122505845232162,0.022127128055222565,0.014041959623266303,0.014576551079392569,0.014934752767428902,0.0149748076376903,-0.0010151802974209478
2023-11-22,0.019175807830373204,0.020531878057176253,0.02048719807548969,0.021625748859906268,0.014041959623266303,0.014583263778126281,0.014485555851975229,0.014636933313827817,0.0029076356854383922
2023-11-24,0.019175807830373204,0.020502536611602586,0.01993205983668977,0.021198308391272493,0.014041959623266303,0.014556729859785057,0.014093043126024482,0.014348885543437204,-0.0017132262059512346
2023-11-27,0.019175807830373204,0.02050988448967617,0.019349492762139583,0.020739561197139378,0.014041959623266303,0.014565040364970078,0.013681136731366518,0.014039740490173168,0.004983698874235564
2023-11-28,0.019175807830373204,0.020482627762455873,0.018973763303351095,0.02045835666609765,0.014041959623266303,0.014538943374909189,0.013415475705370753,0.013850239625996201,0.0030103880602223576
2023-11-29,0.019175807830373204,0.02046572777887186,0.018475555990605456,0.020079192410251266,0.014041959623266303,0.014522643808492478,0.01306321621981067,0.013594724702812967,0.0045401578759783675
2023-11-30,0.019175807830373204,0.020454209771201277,0.01809858372075633,0.019815572968774984,0.014041959623266303,0.014517810744666999,0.01279667645925267,0.013240260774732426,-0.001662799483617139
2023-12-01,0.019175807830373204,0.020458462178452614,0.017572791759974088,0.019410794467007463,0.014041959623266303,0.014521905110702192,0.01242491313728124,0.012970137521221748,0.013252515935323216
2023-12-04,0.019175807830373204,0.020483523702786936,0.0186360946564993,0.020226233526010717,0.014041959623266303,0.014533668026869577,0.013176725729634225,0.013514309335425835,-0.005505241941895589
2023-12-05,0.019175807830373204,0.020495187083408337,0.018338677797211378,0.01999107433569135,0.014041959623266303,0.014550855218935545,0.012966435942291929,0.013357379149399091,0.004966940852510371
2023-12-06,0.019175807830373204,0.020483691043765528,0.01800387530804733,0.019735354468537275,0.014041959623266303,0.014537962909997596,0.012729712494883649,0.013186728084183552,0.0027578616558861287
2023-12-07,0.019175807830373204,0.020468949652308114,0.01752600530747215,0.019370629922201944,0.014041959623266303,0.014523633759508383,0.012391832587743162,0.012943334275814032,0.0022655681555755263
2023-12-08,0.019175807830373204,0.02046935468508432,0.017041065116848057,0.019002475682015955,0.014041959623266303,0.01452492868602679,0.012048953674273933,0.012697651709376976,-0.0019346699532053035
2023-12-11,0.019175807830373204,0.020475866345716923,0.01655866578586474,0.018635665102648746,0.014041959623266303,0.014531336958279026,0.011707871285839649,0.012452865816133776,0.0003380159945676643
2023-12-12,0.019175807830373204,0.02045309927603876,0.01605537753995608,0.018257948443328807,0.014041959623266303,0.014511401475999284,0.011352019306037948,0.012200801903462628,0.00278049873757199
2023-12-13,0.019175807830373204,0.020450873276308276,0.015646694752385077,0.01795412773243925,0.014041959623266303,0.0145120390032156,0.011063058496302663,0.011998051415106528,0.020097436325050767
2023-12-14,0.019175807830373204,0.020514519158348756,0.019007472705484474,0.020491605723678422,0.014041959623266303,0.014543962245641657,0.013439310073815889,0.013691401747973106,0.013296013432475929
2023-12-15,0.019175807830373204,0.020529369751325327,0.019925138632724416,0.02121455326676562,0.014041959623266303,0.014545231528202442,0.014088149460905726,0.014173850646824025,-0.0036216548484569126
2023-12-18,0.019175807830373204,0.020507795513286808,0.019428060882169498,0.020823887701219467,0.014041959623266303,0.014527456481354303,0.013736688636838629,0.01391314546327521,0.00032979944884952187
2023-12-19,0.019175807830373204,0.020505373049672808,0.018837141370541308,0.020365041077979353,0.014041959623266303,0.014530330270554111,0.013318876617929475,0.013606940607555885,0.0063363208105498454
2023-12-20,0.019175807830373204,0.02050158071258795,0.01861678107929357,0.020197603388696802,0.014041959623266303,0.014528790157252761,0.013163069987141562,0.013495203415012766,-0.006281030285041212
2023-12-21,0.019175807830373204,0.020525290106814843,0.018401082989645177,0.020025258797513677,0.014041959623266303,0.014549582273598332,0.013010559784757948,0.013380191670337424,0.005108088875661333
2023-12-22,0.019175807830373204,0.02051791489457281,0.018076406683126225,0.019777841328586766,0.014041959623266303,0.014546706105425083,0.012780996095542682,0.0132150810940838,0.00036552406989511795
2023-12-26,0.019175807830373204,0.020513641796636044,0.01752696420241397,0.01935748355867192,0.014041959623266303,0.014542568108643258,0.01239251057827094,0.012934561234575285,0.0045001782855137
2023-12-27,0.019175807830373204,0.020504906501823062,0.017185423430142056,0.019099096388809245,0.014041959623266303,0.014532489469562237,0.012151022800672378,0.012762130182323384,0.007512397008688975
2023-12-28,0.019175807830373204,0.020508392107506317,0.017203023790765153,0.01911298507011626,0.014041959623266303,0.014531899918615355,0.012163467206485283,0.012771398598914782,-0.002164766253182948
2023-12-29,0.019175807830373204,0.020514662869347586,0.01672450487376857,0.018627957406757344,0.014041959623266303,0.014537866311970179,0.011825128480377419,0.012339765296263865,-0.005099776031384429
2024-01-02,0.019175807830373204,0.020503523963023993,0.016473359710147222,0.01844245948058337,0.014041959623266303,0.014528740294161199,0.011647555281681064,0.012216802545413184,-0.004458009122076322
2024-01-03,0.019175807830373204,0.0205170622065203,0.016172278581085234,0.01822117503467472,0.014041959623266303,0.014540808340353173,0.011434674657647808,0.012070117648440928,-0.005990873394945129
2024-01-04,0.019175807830373204,0.020464895714494575,0.01604693726078094,0.018125685012422708,0.014041959623266303,0.014499611692078897,0.01134605157267845,0.012006819281407496,-0.005700328181644053
2024-01-05,0.019175807830373204,0.020481804061129098,0.015893555473995145,0.018010202794313594,0.014041959623266303,0.014514179630129244,0.011237602363031791,0.011930268499919423,-0.0024919818089333746
2024-01-08,0.019175807830373204,0.020477655190576968,0.015474665181370702,0.017706403151544026,0.014041959623266303,0.014510566630902243,0.010941424295767386,0.011728885980163566,0.010385247267306741
2024-01-09,0.019175807830373204,0.020484000288813156,0.016128199121074965,0.01815567642054713,0.014041959623266303,0.01450840643196629,0.01140350809804552,0.012026699967520428,-0.00405291711077852
2024-01-10,0.019175807830373204,0.020494614292888517,0.015806500867416407,0.01792149143310247,0.014041959623266303,0.014523026355508542,0.011176050053090655,0.011871463567534369,0.0013967195761629193
2024-01-11,0.019175807830373204,0.020494483350722164,0.015345624823221526,0.017588065094523885,0.014041959623266303,0.014522871237697143,0.010850185791202671,0.01165044212194019,0.0007650870625874993
2024-01-12,0.019175807830373204,0.020480651766790543,0.014884521589673775,0.017256729936892798,0.014041959623266303,0.014510233129944318,0.010524160894168395,0.011430806877082238,0.0016825638120788302
2024-01-16,0.019175807830373204,0.020458538732683898,0.014462894425991154,0.01695437427458943,0.014041959623266303,0.014490293926251344,0.010226047711207503,0.011230381542206888,-0.010114548980667904
2024-01-17,0.019175807830373204,0.02042607394840249,0.01516061792810613,0.017429625631872593,0.014041959623266303,0.014465068824669143,0.010719375921433277,0.011545415868694453,-0.0065761289313432504
2024-01-18,0.019175807830373204,0.02044570411862446,0.015168917939622953,0.017429305771965657,0.014041959623266303,0.01448167294445738,0.010725244477980442,0.011545203840156696,0.0019386467699405887
2024-01-19,0.019175807830373204,0.020428281686990755,0.014748243800508752,0.017127479872977233,0.014041959623266303,0.014465524798447855,0.01042780513487619,0.011345129674460693,0.007672299622189982
2024-01-22,0.019175807830373204,0.02040636831000489,0.01495239304084169,0.017256891521270502,0.014041959623266303,0.01444189737795755,0.010572149676871857,0.011430913988034837,0.0031618025451719102
2024-01-23,0.019175807830373204,0.020400478145466416,0.014608414533811542,0.017009054894615964,0.014041959623266303,0.01443528142669441,0.010328938289101586,0.01126662819787234,-0.0017907349239279944
2024-01-24,0.019175807830373204,0.020383113126326527,0.014200095008238059,0.01672027846420647,0.014041959623266303,0.014420504924094928,0.01004023432522363,0.011075204255856463,-0.002817215194508893
2024-01-25,0.019175807830373204,0.02035663462254105,0.013860782509360903,0.016480426387306766,0.014041959623266303,0.014398631731250883,0.009800322057296732,0.010916211259109016,0.006098947729329662
2024-01-26,0.019175807830373204,0.02035463126688029,0.01388064989669,0.016480221439666334,0.014041959623266303,0.014393713263593615,0.009814369373465982,0.010916075403543581,-0.0009924175441932913
2024-01-29,0.019175807830373204,0.02033606060182227,0.013469666036765774,0.0161934783479876,0.014041959623266303,0.014388964009038128,0.009523781581262462,0.01072599931985099,0.00857403711659106
2024-01-30,0.019175807830373204,0.0203350913096428,0.013943350598348609,0.01594914871654522,0.014041959623266303,0.014388489335795316,0.009858702156918708,0.01051326306030119,0.0014803984096498192
2024-01-31,0.019175807830373204,0.02033594666406089,0.0135448750511631,0.015654696608843492,0.014041959623266303,0.014389622452129843,0.009576958417578007,0.010318241745265378,-0.005115540466890456
2024-02-01,0.019175807830373204,0.02035322942621261,0.013451883655164743,0.015594456915644221,0.014041959623266303,0.014409107286791144,0.009511208476784546,0.010278343833592163,0.014958544680063857
2024-02-02,0.019175807830373204,0.020298134125586547,0.015580541807857423,0.017102698771890683,0.013890042696120031,0.014352874016991762,0.011016284790635494,0.011277281530092524,-0.005394028091124313
2024-02-05,0.019175807830373204,0.02030777327628413,0.01541544047989874,0.01699481059569667,0.013890042696120031,0.014361009830905304,0.010899549232236124,0.011205825108325337,-0.010696674712733889
2024-02-06,0.019175807830373204,0.020358937777779067,0.01614097336210212,0.01756496612754193,0.013890042696120031,0.014403264895513022,0.011412540176574929,0.011583450123351689,0.006575391263489228
2024-02-07,0.019175807830373204,0.02035993651267772,0.016091563170545588,0.01751556073818444,0.013890042696120031,0.01440107682107601,0.011377604501778812,0.01155072798025834,0.0016612080402974242
2024-02-08,0.019175807830373204,0.02034829878287483,0.01563004109828152,0.017168227312754445,0.013890042696120031,0.01439810829708616,0.01105128346314451,0.011320682347669872,-0.001017154471277681
2024-02-09,0.019175807830373204,0.02025067681608066,0.015164967637740107,0.01682601519887535,0.01338991674485,0.01432032558926473,0.010722451401135806,0.011094028658583393,0.0018188977246345718
2024-02-12,0.019175807830373204,0.020235828293367154,0.014739469052340887,0.016507632998780067,0.01338991674485,0.01430644401218008,0.01042160091386928,0.010883157981408704,0.00011118581955752433
2024-02-13,0.019175807830373204,0.020213598486505665,0.014290585896721594,0.016178018560615157,0.01338991674485,0.01428710917870697,0.010104216272115203,0.010664847976133323,-0.015628106483233817
2024-02-14,0.019175807830373204,0.020313605173790612,0.016470425539203824,0.017830639939394072,0.013890042696120031,0.014369805143410935,0.011645480664306682,0.011759411017509953,0.007006215857507692
2024-02-15,0.019175807830373204,0.02031645030872762,0.016460184136376593,0.017810410153064612,0.013890042696120031,0.01437011308823301,0.011638239439220176,0.011746012439508055,0.008444033965558774
2024-02-16,0.019175807830373204,0.0202878761778024,0.016668354496034977,0.017953916015720085,0.013890042696120031,0.014340497934115326,0.011785427129818282,0.011841059142582664,-0.0042363026390502935
2024-02-20,0.019175807830373204,0.020300021507614598,0.01633987132747406,0.017718979915913976,0.013890042696120031,0.014351255354169026,0.011553171783475164,0.011685456428473436,-0.001107246211252877
2024-02-21,0.019175807830373204,0.020286634313114938,0.015854652577730298,0.01735892259956904,0.013890042696120031,0.014339606488046079,0.011210095913659282,0.011446983517309947,-0.0011284367479424736
2024-02-22,0.019175807830373204,0.02021559510616158,0.015385099555587154,0.01701205259099219,0.013890042696120031,0.014282274972213647,0.010878096559591648,0.011217244814649124,0.011099331834111426
2024-02-23,0.019175807830373204,0.020228712346479494,0.016201924743115458,0.01759818674477289,0.013890042696120031,0.014288510094292925,0.011455636095825108,0.011605452779434715,0.0049393324316765455
2024-02-26,0.019175807830373204,0.02020312109722039,0.01595851698455412,0.017406969518073943,0.013890042696120031,0.014275502598485583,0.01128353366051637,0.011478805918933702,-0.00382122624034813
2024-02-27,0.019175807830373204,0.02021842327325681,0.015624826486838113,0.017168499736543646,0.013890042696120031,0.014290434008125056,0.011047596451136742,0.01132086277920433,-0.0010878537767113224
2024-02-28,0.019175807830373204,0.02021053353898857,0.015161509328618736,0.016801556930734523,0.013890042696120031,0.014283431135406968,0.010720006189753242,0.011026804027021228,0.0019883011730991384
2024-02-29,0.019175807830373204,0.020205788633950592,0.014743228521704527,0.01650536955958681,0.013890042696120031,0.014278438048875821,0.01042425906181319,0.010831248693771283,0.00517847917456391
2024-03-01,0.019175807830373204,0.02020347914328825,0.014595504500349374,0.016385072907926738,0.013890042696120031,0.014274067417423852,0.010319810197984489,0.01075182379556215,0.009678879938506846
2024-03-04,0.019175807830373204,0.020210845618153145,0.015187706723404727,0.016762130258189015,0.013890042696120031,0.014274239553819186,0.010738529163170613,0.0110007728830913,0.0006611790135195197
2024-03-05,0.019175807830373204,0.02008901503344124,0.014729847265351679,0.016444590994833027,0.01338991674485,0.014177315707239894,0.010414797790654755,0.010791120134478485,-0.0005162911384687502
2024-03-06,0.019175807830373204,0.02008182539127963,0.014284146841309993,0.016140062778981695,0.01338991674485,0.014170817191097604,0.010099663512071833,0.010590057825494624,0.006291771511990341
2024-03-07,0.019175807830373204,0.02007132335027647,0.014305554212868273,0.016132031435252776,0.01338991674485,0.014165877795885738,0.01011479968028814,0.01058475519529379,0.005418144316498686
2024-03-08,0.019175807830373204,0.020041970147326026,0.014209234191043576,0.016047721568687598,0.01338991674485,0.014137993830676616,0.01004669622120779,0.010529090282949538,-0.0012615487652136489
2024-03-11,0.019175807830373204,0.020019323837689583,0.013795107090347392,0.0157696335468567,0.01338991674485,0.014118818870581903,0.009753885987966185,0.010345484899738112,-0.001363707616975629
2024-03-12,0.019175807830373204,0.019964843685554245,0.013397408344972673,0.015503905207496005,0.01338991674485,0.014074477457356915,0.009472691489472116,0.010170039897622479,0.0012824064320701158
2024-03-13,0.019175807830373204,0.019961890084358017,0.013009809010062257,0.015237539979016897,0.01338991674485,0.014076339832095025,0.009198637819792882,0.009994174394580982,-0.0018732176895654095
2024-03-14,0.019175807830373204,0.01992200776362031,0.012658563302585493,0.015006415179914263,0.01338991674485,0.01405932429840778,0.008950288128699285,0.009841576102034937,-0.008045016809738358
2024-03-15,0.019175807830373204,0.019958860581537785,0.013101186404949955,0.015311000961115349,0.01338991674485,0.014093402208152585,0.009263246574605347,0.010042676418078694,-0.003347417533985342
2024-03-18,0.019175807830373204,0.01996724827952605,0.012844496993634082,0.015145358401641724,0.01338991674485,0.014106061818845649,0.009081753293263222,0.009933312248388674,0.0016552425429277266
2024-03-19,0.019175807830373204,0.019933973481846317,0.012488870901395773,0.014899755129567975,0.01338991674485,0.014077150664411217,0.008830306433494695,0.009771154660333691,0.0030919113052043316
2024-03-20,0.019175807830373204,0.019932476467434304,0.012235923251713585,0.014716245202835368,0.01338991674485,0.014075047316032938,0.008651458779774744,0.009649993704895887,0.006514489715611216
2024-03-21,0.019175807830373204,0.019931427670720037,0.012430411675492919,0.014807997136891992,0.01338991674485,0.01407070557566228,0.008788972602545301,0.0097105721825374,0.0025368310062246937
2024-03-22,0.019175807830373204,0.019930508778695514,0.012138118672403395,0.014603397061076481,0.01338991674485,0.014072067420935048,0.008582305658349533,0.009575486625533309,-0.00016389540111121396
2024-03-25,0.019175807830373204,0.019927701235823,0.011768713259015148,0.014360390834429011,0.01338991674485,0.014069407778226458,0.008321116074105737,0.009415043715865297,-0.0031143229241888505
2024-03-26,0.019175807830373204,0.019940389545584965,0.0115473743887695,0.014221295509577974,0.01338991674485,0.014082739563158978,0.008164617535098968,0.009323207144645695,0.00012752801564183122
2024-03-27,0.019175807830373204,0.019923435875651794,0.011195830692917855,0.01329209096740785,0.01338991674485,0.01407794860419542,0.007916057150125626,0.008648232173668703,0.010244472307905907
2024-03-28,0.019175807830373204,0.019930224689405043,0.012324945072894496,0.013974347756273486,0.01338991674485,0.014076475752410242,0.008714402016717594,0.00909676126610444,0.0014456513192935175
2024-04-01,0.019175807830373204,0.019892482707676733,0.01197783938736296,0.01372757388885213,0.01338991674485,0.014044099326316915,0.008468979544802286,0.008934527250118481,-0.007369923624207398
2024-04-02,0.019175807830373204,0.019925848215629215,0.012348991552731442,0.014005153290806562,0.01338991674485,0.014074658844705618,0.008731404177063678,0.009117013433135408,-0.0046816712692476226
2024-04-03,0.019175807830373204,0.019943965296832414,0.012266410471337754,0.013964868907726169,0.01338991674485,0.01409123188454642,0.008673014891108761,0.009090529683794597,0.0019159612068200718
2024-04-04,0.019175807830373204,0.01985648030700978,0.011942735452216994,0.013730530084998784,0.013356527171286933,0.014019873269281377,0.008444159166178165,0.00893647071187124,-0.004803286661217743
2024-04-05,0.019175807830373204,0.019849444224077507,0.011898018574301962,0.013714519649747757,0.013356527171286933,0.014014079292122865,0.008412541917680963,0.008925945135416976,0.0025470779091175686
2024-04-08,0.019175807830373204,0.019844599354082483,0.011626508053631277,0.013511781434508228,0.013356527171286933,0.01400878690885484,0.008220569311320536,0.008792661027193416,0.00237983301928395
2024-04-09,0.019175807830373204,0.019830834913703358,0.011353598467282176,0.013309552178640329,0.013356527171286933,0.013995617471234392,0.00802760748994151,0.008659711518916341,0.005122243316841569
2024-04-10,0.019175807830373204,0.019752609304147146,0.011388133341523506,0.013295227963987829,0.013356527171286933,0.013929561332011153,0.008052025511762767,0.00865029449719843,-0.016953758882133154
2024-04-11,0.019175807830373204,0.019860505190918507,0.014671081613710038,0.015637389990771265,0.01338991674485,0.01401459641147015,0.010373247300153512,0.01019007808800343,0.0042067133619878355
2024-04-12,0.019175807830373204,0.01985686550143702,0.014424717418542314,0.015451088332944427,0.01338991674485,0.014013926719311735,0.01019905450444376,0.010067599697362158,-0.00804467205609919
2024-04-15,0.019175807830373204,0.019825362915926174,0.01471742290258414,0.01570369491124957,0.01338991674485,0.013989211534084825,0.010406013094956923,0.01023366825272074,-0.009789843873425408
2024-04-16,0.019175807830373204,0.01986628965695234,0.015320812025282203,0.016189435685106293,0.01338991674485,0.014022710449295442,0.01083264180255818,0.010553003834297334,-0.004992186649925301
2024-04-17,0.019175807830373204,0.019886365127674024,0.015124025082681515,0.01607601785541877,0.01338991674485,0.014042965729972682,0.010693502802804376,0.010478440712250053,-0.0004415742768313472
2024-04-18,0.019175807830373204,0.01988474282913961,0.014665445163255228,0.015753710779444364,0.01338991674485,0.014047092996313895,0.010369262025175,0.010266549672641963,-0.0022561456433830116
2024-04-19,0.019175807830373204,0.01984072214367322,0.014276680994143722,0.015488793520937126,0.01338991674485,0.01401123930197745,0.0100943847547859,0.010092387832894824,-0.0015746682050752584
2024-04-22,0.019175807830373204,0.019728461498487494,0.01387080951110533,0.015208632665183469,0.013356527171286933,0.013922696414790619,0.009807411689234762,0.009908204551148169,0.0027640042753161787
2024-04-23,0.019175807830373204,0.019728472416167115,0.013540166781553339,0.014961807468002561,0.013356527171286933,0.013922716178346594,0.009573629416601542,0.009745936789964153,0.0066084864746642664
2024-04-24,0.019175807830373204,0.01965512178041371,0.013657118109456603,0.01500938132919229,0.013356527171286933,0.01385945233195159,0.009656320323677418,0.009777212786233199,-0.0025049294983473082
2024-04-25,0.019175807830373204,0.019650681917858476,0.013317782631950307,0.014936099185327298,0.013356527171286933,0.013855622679192317,0.009416391808618307,0.009708569794309816,-0.004061420983207009
2024-04-26,0.019175807830373204,0.019636660720930628,0.013117840206645989,0.014837758558186486,0.013356527171286933,0.013856495203621462,0.009275021712119356,0.009644074982381573,0.006537468829187865
2024-04-29,0.019039173755838384,0.01941952120000885,0.013252578706419348,0.01488016236356241,0.013305564487865454,0.013684815505946482,0.009370289110652168,0.009671884703879953,0.005137059702235215
2024-04-30,0.019039173755838384,0.019385974911542554,0.01317808730133216,0.01481840331820445,0.013305564487865454,0.013653804477477589,0.009317619662887444,0.009631381219907595,-0.013849338068686845
2024-05-01,0.019039173755838384,0.019470439976603596,0.015017446499055747,0.015869392576671415,0.013356527171286933,0.013725218772154383,0.010618145986316009,0.010320652343492895,0.0016363271493622597
2024-05-02,0.019039173755838384,0.019417459496284803,0.014589781349889839,0.015632153068414426,0.013356527171286933,0.013697181767312322,0.010315763621418705,0.010165063367584957,0.007475110908316929
2024-05-03,0.01764985504856358,0.019127671475713582,0.014772749712849772,0.01571607475389873,0.013305564487865454,0.013471088782447972,0.01044513213882331,0.010220101793506943,0.009580948778875421
2024-05-06,0.01764985504856358,0.019092868473360305,0.015327982269389848,0.016008846196555925,0.013305564487865454,0.013435711320962896,0.010837711552511826,0.010412110322241453,0.0071216595935144735
2024-05-07,0.01733794959597725,0.0189492063741572,0.015405163329634923,0.016043966235903637,0.013179343413459419,0.013318807786961597,0.010892282731780712,0.01043514312565646,0.0030214452738777983
2024-05-08,0.01733794959597725,0.01894815623594666,0.015034768623076738,0.015836697235697427,0.013179343413459419,0.013317308510435716,0.010630393663819605,0.010299209731946115,-0.003026904065323755
2024-05-09,0.01733794959597725,0.018955956245464686,0.01467844290898742,0.015655446684917588,0.013179343413459419,0.013324267238763407,0.010378452133605626,0.010180340038673795,0.008163091248538423
2024-05-10,0.01733794959597725,0.018951776112445768,0.014972205046952658,0.015802365453104653,0.013179343413459419,0.013315371739504868,0.01058615783552794,0.010276693891587361,-0.0004512333727740513
2024-05-13,0.01733794959597725,0.018947076272812963,0.014518368502862325,0.01555833644186922,0.013179343413459419,0.01331801709679102,0.010265270880520025,0.010116652150526177,2.4906329896345804e-05
2024-05-14,0.01733794959597725,0.018943098752440362,0.014076087665750827,0.015318930680277162,0.013179343413459419,0.01331429951520815,0.009952554434638548,0.009959642478965828,0.00589127896430226
2024-05-15,0.01733794959597725,0.018941077190946346,0.014054108332974293,0.01528982979073444,0.013179343413459419,0.013313637749951295,0.00993701385894096,0.009940557219367931,0.01277799146592542
2024-05-16,0.01733794959597725,0.01886379811683463,0.01544943940710227,0.016038731656476964,0.012668433965102994,0.013242742371282508,0.010923588310547334,0.010431710127256286,-0.0021140284399907565
2024-05-17,0.01733794959597725,0.01887021109730983,0.015027150442888805,0.015818956279316947,0.012668433965102994,0.013248664509383841,0.010625007198857629,0.010287574666374002,0.0005356397465348885
2024-05-20,0.01733794959597725,0.018872969708553726,0.014572559795210414,0.01557183082603135,0.012668433965102994,0.013253212756083802,0.010303587051872813,0.010125502183253525,-0.0005385739100639775
2024-05-21,0.01733794959597725,0.01887722923831328,0.014131953725322915,0.015335653031891192,0.012668433965102994,0.013259979091082773,0.009992054756897328,0.009970609512161584,0.0021868830361158943
2024-05-22,0.01733794959597725,0.01887793123287448,0.013757991074557718,0.015126749490725759,0.012668433965102994,0.013261715264094039,0.009727642959625117,0.009833604136150339,-0.004473816065218939
2024-05-23,0.01733794959597725,0.018896995518362558,0.013580299449092493,0.014879345767971562,0.012668433965102994,0.013280741842809746,0.009602005380702884,0.0096452030392749,-0.009506802762048683
2024-05-24,0.01733794959597725,0.018942755567430438,0.014237501696462526,0.015286838866711864,0.012668433965102994,0.013323164683968085,0.010066682874679557,0.009912945272975829,0.004522617438015963
2024-05-28,0.01733794959597725,0.01891032530330172,0.01404228552781857,0.015159793699378721,0.012668433965102994,0.013306076571268637,0.00992865449697359,0.009829470590857686,-0.0036666587640947646
2024-05-29,0.01733794959597725,0.018860757771232986,0.013773896031889353,0.015032784845468636,0.012668433965102994,0.013266495794682897,0.009738888623717482,0.00974601976837553,-0.009913112493645427
2024-05-30,0.01733794959597725,0.01889287670394923,0.01449988089473836,0.015480891693085318,0.012668433965102994,0.013292186022422802,0.010252199142790817,0.010040447155461254,0.002741253033386593
2024-05-31,0.01733794959597725,0.01887157679597582,0.01414467404070808,0.015273411739672879,0.012668433965102994,0.013282817665452024,0.01000104870708454,0.009904123015625418,0.007923874340132142
2024-06-03,0.01733794959597725,0.018814848172521728,0.014437989721222809,0.015398504755640183,0.012668433965102994,0.013231626884067784,0.010208438739469663,0.00998631504199104,0.00612541129851074
2024-06-04,0.01733794959597725,0.01879616506788908,0.014426769790014927,0.015367291761388702,0.012668433965102994,0.013212092335913113,0.010200505641953439,0.009965806628898349,0.0037014030394650677
2024-06-05,0.01733794959597725,0.018787132362988145,0.014145405170639936,0.015198285294976101,0.012668433965102994,0.013209048569773838,0.010001565655445362,0.009854761389194673,0.008721582515022643
2024-06-06,0.01733794959597725,0.018733471173377206,0.014587207012010304,0.01540712750090215,0.012668433965102994,0.01315966869656823,0.010313943425460308,0.009991980593344447,0.0008151778109082519
2024-06-07,0.01733794959597725,0.01865244077969847,0.014150448366178452,0.015167838119865407,0.01246896851035974,0.013094104160705122,0.010005131467147696,0.009834756155488332,-0.011584818322205382
2024-06-10,0.01733794959597725,0.018599289153544533,0.015224987827459346,0.01583536084849164,0.012457865110403272,0.0130534978235798,0.010764888917833823,0.010273350151217395,0.00041627559584350753
2024-06-11,0.016957570699886324,0.018154153224860668,0.014763079191476,0.015581786624311629,0.012320295232811284,0.01271769070920064,0.01043829455776604,0.010106739895974264,0.0028549789764448445
2024-06-12,0.016957570699886324,0.01811691200936442,0.014405495722442568,0.015374450591673678,0.012320295232811284,0.012685295525899401,0.010185463726856869,0.00997051031889239,0.00787622834508841
2024-06-13,0.016957570699886324,0.01807205943561041,0.01467006516908219,0.01548972100446932,0.012320295232811284,0.012658838439939965,0.010372528618888613,0.010046248430524075,0.0033786461893899004
2024-06-14,0.016957570699886324,0.017972707333376626,0.014352869087370186,0.015303538774165282,0.01228306960686079,0.012578079125943126,0.010148253852727983,0.00992391790180807,0.0029345927215476573
2024-06-17,0.016957570699886324,0.017971137464976843,0.014015739021118264,0.015107991870828372,0.01228306960686079,0.012576046523207162,0.009909884682572168,0.009795434340111996,-0.000308862501388185
2024-06-18,0.016957570699886324,0.01797219753229293,0.013589902880043529,0.014879871231373843,0.01228306960686079,0.012581379374341091,0.009608795525206744,0.009645548293576115,0.004960723957891955
2024-06-20,0.016957570699886324,0.01796606257256066,0.013475724119610491,0.014793319773814963,0.01228306960686079,0.012579127780794404,0.009528064973119157,0.00958867989347677,-0.0020582882587599884
2024-06-21,0.016957570699886324,0.017972034520162123,0.013117739819674847,0.014611378845778995,0.01228306960686079,0.012588985199465351,0.009274950733107393,0.009469136100895842,-0.0025354835213177054
2024-06-24,0.016957570699886324,0.01795535848909777,0.012799924658830088,0.014338584409678588,0.01228306960686079,0.012586636442908639,0.009050238244554407,0.009331787957558376,0.0018782423932181434
2024-06-25,0.016957570699886324,0.01793487508101809,0.0124560551570684,0.014092788153577347,0.01228306960686079,0.012568257262306872,0.008807103929397904,0.009169240833283208,0.0005656342781063413
2024-06-26,0.016957570699886324,0.017890871150310454,0.012080894050334348,0.013838550520848815,0.01228306960686079,0.012531637796044928,0.008541844759009614,0.009001111355893902,-0.005756701738757486
2024-06-27,0.016957570699886324,0.01791768908374769,0.012163552393708104,0.013944575840578765,0.01228306960686079,0.012555893486884288,0.008600288673358486,0.009071226788471363,0.004004884076153181
2024-06-28,0.016957570699886324,0.01790802304853496,0.012011785888625658,0.013811732994626671,0.01228306960686079,0.012545570010554069,0.008492981555141037,0.00898337670103493,-0.006233589507855296
2024-07-01,0.016957570699886324,0.017928596115384637,0.012175533924695186,0.013974714322970878,0.01228306960686079,0.012569198285982706,0.008608760263063727,0.009091157619479782,-0.004858372567200886
2024-07-02,0.016957570699886324,0.017942585352572888,0.012124911546141915,0.01397966727945169,0.01228306960686079,0.012581099290272638,0.008572967506573003,0.009094433051113225,0.005734957408210351
2024-07-03,0.016957570699886324,0.017919122628307627,0.012201328538376648,0.013983219913576896,0.01228306960686079,0.012558001882981909,0.00862699844848011,0.009096782437836253,0.00790045455172217
2024-07-05,0.016957570699886324,0.017923592625325734,0.012657321400501884,0.014232117027094968,0.01228306960686079,0.012559576198014576,0.008949410036832913,0.009261380185110683,0.007081501989193794
2024-07-08,0.016957570699886324,0.017908809402656024,0.01291816364004603,0.014362530718116042,0.01228306960686079,0.012542616037551368,0.009133839592087297,0.009347623852031526,-0.00030661552540953716
2024-07-09,0.016957570699886324,0.017904629384535457,0.012525842967765875,0.014102480344903497,0.01228306960686079,0.012538803550589034,0.008856447681819314,0.009175650360641269,-0.0011929333901415373
2024-07-10,0.016957570699886324,0.01790012954633686,0.012163265775461032,0.013871979415419228,0.01228306960686079,0.01253483470209111,0.00860008601877337,0.009023218164054074,0.007417580904952481
2024-07-11,0.016957570699886324,0.0179021366221563,0.01252733980629159,0.014066964701273476,0.01228306960686079,0.012532662678827489,0.00885750602752309,0.009152163567838115,0.004392563169039576
2024-07-12,0.016957570699886324,0.017866784517200952,0.012400943996211373,0.013954480995014172,0.01228306960686079,0.01250091761232808,0.008768137361313773,0.009077777150118505,0.005568887090300123
2024-07-15,0.016957570699886324,0.017845800738239215,0.012434894086879497,0.01394391263939192,0.01228306960686079,0.012490090922887572,0.008792141909556076,0.00907078820796795,-0.002234187820670019
2024-07-16,0.016957570699886324,0.017824267063028146,0.012123111592184085,0.013761019522545003,0.01228306960686079,0.012472287102338228,0.008571694841883032,0.0089498394568977,0.010305700867019851
2024-07-17,0.016957570699886324,0.017801287208793252,0.01313920323454869,0.014394178339600732,0.01228306960686079,0.012458638594501486,0.009290126526975523,0.009368552689370556,-0.005853900877139074
2024-07-18,0.016957570699886324,0.01782738478420828,0.013168434999214088,0.014476096304746049,0.01228306960686079,0.012481398273205623,0.009310794963828242,0.009422725726307948,-0.007875568845203284
2024-07-19,0.016957570699886324,0.017845013797861766,0.01353305027550944,0.014805934049132448,0.01228306960686079,0.012505797169062544,0.009568597662362139,0.009640850191170967,-0.007007461517261071
2024-07-22,0.016957570699886324,0.017878276107184565,0.013714946243864861,0.01499630570909711,0.01228306960686079,0.012534505580787182,0.009697207938845669,0.009766744565485609,0.005376121052925498
2024-07-23,0.016957570699886324,0.01787003337112427,0.013645470304560736,0.014456830664684228,0.01228306960686079,0.012524484120708317,0.009648084696348085,0.009452728889366154,-0.0013345358656929318
2024-07-24,0.016957570699886324,0.01784999881256928,0.013251612684049986,0.014256220992725187,0.01228306960686079,0.012507638821927765,0.009369606080648062,0.009319366449083478,-0.015394295791740176
2024-07-25,0.016957570699886324,0.017934738217553356,0.015557023466823748,0.015664190264441182,0.012320295232811284,0.012584006268086739,0.010999656052955806,0.010255364280521062,-0.0021521560583161684
2024-07-26,0.016957570699886324,0.017922372478796595,0.015132868903987035,0.015446194059936217,0.012320295232811284,0.01258377529564399,0.010699755862251253,0.010110443522108778,0.010899021432382505
2024-07-29,0.016957570699886324,0.017934163094739844,0.015932225265110705,0.015864102625505395,0.012320295232811284,0.012589958839294028,0.011264943994470344,0.01038826315849559,0.0017805319830532353
2024-07-30,0.016957570699886324,0.01793369319657084,0.015480151537283828,0.015607646068452665,0.012320295232811284,0.01259206114215533,0.01094530344579613,0.010217774507868474,0.001132415206447268
2024-07-31,0.016957570699886324,0.017858116608562468,0.015022429473973947,0.015351340335179603,0.01228306960686079,0.012530660802363461,0.010621669218786385,0.010047386122732609,0.012442333376638503
2024-08-01,0.016957570699886324,0.017859679922320487,0.01619884087373282,0.0159850211385829,0.01228306960686079,0.012531587723847742,0.011453455633566787,0.010468648056301821,-0.005065309669051799
2024-08-02,0.016957570699886324,0.017881216969985698,0.015968393626124577,0.01590044671549176,0.01228306960686079,0.012550741556117975,0.011290516979688253,0.01041242418963184,8.35202388470345e-05
2024-08-05,0.016957570699886324,0.017834328656337294,0.015482005179608039,0.015633245727793916,0.01228306960686079,0.012512052550098768,0.010946614071061624,0.010234792795206343,-0.016372816952514226
2024-08-06,0.016957570699886324,0.017951828263880372,0.01767361442479593,0.017054487236988693,0.012320295232811284,0.012608444004010786,0.012496200208214039,0.011179613820266127,-0.0016762969550673575
2024-08-07,0.016957570699886324,0.017949250416341354,0.017161808883882974,0.016777697912253663,0.012320295232811284,0.012606176379894354,0.012134326040700883,0.010995608236535379,-0.005062178136366002
2024-08-08,0.016957570699886324,0.01795985395070125,0.016887185113323547,0.016660395337728687,0.012320295232811284,0.012622476629906775,0.011940152198477046,0.010917627162954415,0.01162549700543718
2024-08-09,0.016957570699886324,0.017941725651981603,0.017662167471978185,0.017084236164045596,0.012320295232811284,0.012598438112676457,0.012488106594154889,0.011199390481427858,0.0058203548867645566
2024-08-12,0.016957570699886324,0.01791585130713752,0.017442339372630393,0.01694330088716116,0.012320295232811284,0.012584480997787058,0.012332676251791692,0.011105698725374041,0.0021893374558957235
2024-08-13,0.016957570699886324,0.017912321073290917,0.016956930962806604,0.016660440120588694,0.012320295232811284,0.0125806470108748,0.011989466282052922,0.010917656933959147,0.0110996485142982
2024-08-14,0.016957570699886324,0.017927503412224544,0.017615070090487742,0.017019655354020117,0.012320295232811284,0.012585793304900455,0.012454806201024128,0.01115645808272383,0.00295931782692439
2024-08-15,0.016957570699886324,0.017886970059137034,0.017161496225461148,0.016753026228790248,0.012320295232811284,0.01255070426359417,0.012134104974305405,0.010979206854286796,0.00588861310440645
2024-08-16,0.016957570699886324,0.017885072917396307,0.016973674619098905,0.016629372570348654,0.012320295232811284,0.012546117552506019,0.01200130495162085,0.010897003670967608,0.004682091062957916
2024-08-19,0.016957570699886324,0.017798448275306786,0.016671462374214636,0.016442902204074464,0.01228306960686079,0.01247429618248219,0.011787624567593167,0.010773040838847493,0.007098340831232741
2024-08-20,0.016957570699886324,0.017708988839389924,0.016662009623855185,0.01612340568673939,0.011750732743639448,0.012398751284697472,0.011780940962408013,0.010460480291061369,0.0016802474629858397
2024-08-21,0.016957570699886324,0.01769595529533905,0.016182767151665816,0.015932030676596973,0.011750732743639448,0.012386702053991587,0.01144209064368907,0.010334184978460781,0.0028814385752297445
2024-08-22,0.016957570699886324,0.017692107797474148,0.0157754566294061,0.015764140352130546,0.011750732743639448,0.012382338963931767,0.011154100099664945,0.01022338806200172,-0.007609385785243273
2024-08-23,0.016957570699886324,0.017706671807220412,0.015897639599295705,0.01586095645372854,0.011750732743639448,0.012404549096896285,0.011240490060262507,0.01028728052009742,0.011401351260571447
2024-08-26,0.0168174990785315,0.01758691617906584,0.01672664463564271,0.01617124561932788,0.011691105222046399,0.012302862744624379,0.011826641407622207,0.010492051598289823,-0.0018857404499145415
2024-08-27,0.0168174990785315,0.017566690290813758,0.01625264562006519,0.01599747657674719,0.011691105222046399,0.012286041493261344,0.011491498496003467,0.010377375102457365,0.0009089644686279708
2024-08-28,0.0168174990785315,0.017536817663678643,0.015766035139821194,0.015804695601266315,0.011691105222046399,0.012260531369587836,0.011147438597536244,0.010250151942319138,-0.004132333055368165
2024-08-29,0.0168174990785315,0.017515025837535475,0.015466048624395936,0.015710148188889276,0.011691105222046399,0.012242956188083267,0.010935331924480214,0.01018775667455221,-0.0003587482467563796
2024-08-30,0.0168174990785315,0.017489600162021442,0.01499628391291446,0.015528395083171984,0.011691105222046399,0.01222151029377959,0.010603182894613948,0.010067811205780658,0.0010294672410718023
2024-09-03,0.0168174990785315,0.017474944830568495,0.01455126632899542,0.015349572121051303,0.011691105222046399,0.01220838164250692,0.010288531420887898,0.009949799445079047,-0.0053886422835522476
2024-09-04,0.0168174990785315,0.017451949253746782,0.01443827734158684,0.015329201227520304,0.011691105222046399,0.012190083659338541,0.010208642102605607,0.009936355953347626,0.002952139124774644
2024-09-05,0.0168174990785315,0.017408788264892755,0.014099146845040727,0.015181089607131942,0.011691105222046399,0.012167081458248316,0.009968858520159359,0.009838611721314365,0.0012566620065175614
2024-09-06,0.0168174990785315,0.01740456785029412,0.013688373638909668,0.01501366928888685,0.011691105222046399,0.012162938006536264,0.009678419671568095,0.009728124979013378,-0.009478412754449139
2024-09-09,0.0168174990785315,0.01744170686751016,0.01432835141843831,0.015295315950468987,0.011691105222046399,0.012201219385837089,0.010130918536235984,0.009913993829606553,0.008313729613180377
2024-09-10,0.0168174990785315,0.017447739861875818,0.014677436655045596,0.015389209240866852,0.011691105222046399,0.012203370573483677,0.010377740657706294,0.009975957418546778,0.005234403270013356
2024-09-11,0.01637725001015787,0.017191122185609392,0.014539544023533645,0.015310850151745095,0.011685435659523492,0.012004040819214704,0.010280243117633604,0.009924245412635634,0.004109594829839069
2024-09-12,0.01637725001015787,0.01718935627263262,0.014289802458309976,0.015194073289093946,0.011685435659523492,0.012001181513141782,0.010103662338833244,0.009847180124110934,0.004964471358323941
2024-09-13,0.01637725001015787,0.017136936598465897,0.014140347669432406,0.01511163162953538,0.011685435659523492,0.011955741367897368,0.009997989728862178,0.009792773881846012,0.005170702570280539
2024-09-16,0.01637725001015787,0.01711030461947342,0.014022626874119603,0.015040429622021748,0.011685435659523492,0.01193060356994256,0.009914754766757591,0.009745785093759042,0.004475164468615933
2024-09-17,0.01637725001015787,0.017110412092450903,0.013832537463317253,0.014944932741142758,0.011685435659523492,0.011930449873995603,0.009780351283816663,0.00968276323727936,-0.003097184333875924
2024-09-18,0.01637725001015787,0.01704539289853224,0.013526772691526644,0.014726830300009638,0.011589838658763892,0.011879096779821255,0.009564159071342363,0.009508973429036725,-0.006116292914226673
2024-09-19,0.01637725001015787,0.017055113666604352,0.013569907548526132,0.014742331042131109,0.011589838658763892,0.011886989141711872,0.009594657745584234,0.00951920758195677,0.009382338191352846
2024-09-20,0.01637725001015787,0.016980729684600796,0.014201331967594837,0.014807837694015613,0.011318933122829195,0.011821491832039352,0.010041108922315103,0.009562457452666996,-0.0019531749147148727
2024-09-23,0.01637725001015787,0.01691613944663943,0.013813613123334205,0.014757652164144734,0.011217723902351812,0.01177009910075797,0.00976697075306882,0.009529323143157992,0.0019252679423407916
2024-09-24,0.01637725001015787,0.01680521776811508,0.01343765437636854,0.014700703547702466,0.010853183149826825,0.011681674282350969,0.00950114760794459,0.009491723598266017,0.003215675063756185
2024-09-25,0.01637725001015787,0.016738782437831418,0.013156521005225158,0.014653528285487088,0.010853183149826825,0.011626532170971936,0.009302371126429355,0.009460576776793085,-0.004723030305211684
2024-09-26,0.01637725001015787,0.01662948392078488,0.013036556100600312,0.014643760814247939,0.010853183149826825,0.011566362651471322,0.009217549457804054,0.009454127937536215,0.004096958410037521
2024-09-27,0.01637725001015787,0.016528815419667144,0.012853210816665569,0.014606955613398658,0.010748482598725882,0.01148455598624688,0.009087914436907254,0.009429827807207436,-0.0002900428127726399
2024-09-30,0.01637725001015787,0.016479709044611573,0.012462746209515048,0.014552793692930895,0.010748482598725882,0.011444564839653502,0.00881183486495909,0.009394068140207842,-0.00018672278607684257
2024-10-01,0.01637725001015787,0.016385837908236268,0.012083549220708457,0.014499831478572214,0.010748482598725882,0.011390912825153027,0.008543722107908616,0.009359100562753589,-0.0017563515110978873
2024-10-02,0.01637725001015787,0.016321493397780756,0.01175810780878095,0.01445668824571139,0.010748482598725882,0.011357590941836956,0.008313617447834992,0.009330615833499806,-0.0028950638871303117
2024-10-03,0.01637725001015787,0.016296023803168955,0.011518657332987998,0.014425971117631603,0.010748482598725882,0.011336959647817823,0.008144313025234102,0.009310335269926164,-0.005468581252771975
2024-10-04,0.01637725001015787,0.01625869516460958,0.011594368659676394,0.014437379208703178,0.010748482598725882,0.011307653616374806,0.008197845023476652,0.009317867305982075,-0.00015136426965781617
2024-10-07,0.01625497176369016,0.016094264794930375,0.011241488384571095,0.01438752559628957,0.010699039433903934,0.011180251688488473,0.007948339604762824,0.009284952140433272,-0.00765601560561402
2024-10-08,0.01625497176369016,0.01606834522629507,0.011739750889203619,0.014452505536498517,0.010666530640746632,0.011160115946051083,0.00830063811396865,0.009327854256965654,0.0035952580982202002
2024-10-09,0.01625497176369016,0.016059358335346524,0.011565018634696233,0.014415852366719106,0.010666530640746632,0.011150781427065734,0.008177092970192429,0.00930365450307082,0.0006507744481706549
2024-10-10,0.01625497176369016,0.016056083916327058,0.011218832171588783,0.014365578039916773,0.010666530640746632,0.011147686719694907,0.00793232043819157,0.009270461566602656,-0.002151299411895158
2024-10-11,0.01625497176369016,0.01605107281649266,0.0109459246924863,0.01432966486836413,0.010666530640746632,0.0111517810245751,0.007739360106749748,0.00924675038641313,0.003918932356966488
2024-10-14,0.01624193430518789,0.01591328431211888,0.010844880535011698,0.014299945139946842,0.0105692750210041,0.011042208606147207,0.007667916428545394,0.009227128342321226,0.004225543535351262
2024-10-15,0.01624193430518789,0.015869573880387792,0.010786685363727252,0.014274638965678188,0.0105692750210041,0.011017814040781573,0.0076267692984766594,0.009210420286974125,0.000432453931864451
2024-10-16,0.01624193430518789,0.015868709757262657,0.010460982413221982,0.014104179910234311,0.0105692750210041,0.011021297823468392,0.007396479716499039,0.008944975970501413,0.004860254695123967
2024-10-17,0.01624193430518789,0.01577313531899904,0.010513640409633596,0.014087652220412314,0.010405367744052397,0.010943048697274013,0.007433711764789045,0.008934233150693045,-0.004896731402373589
2024-10-18,0.01624193430518789,0.01574162984571157,0.010568368552350655,0.014099889199273703,0.010405367744052397,0.01091819002528672,0.0074724075183558196,0.008942187054736653,0.004243897703003685
2024-10-21,0.01624193430518789,0.015733675628936628,0.010527929471872926,0.01407284413803358,0.010405367744052397,0.010915171804315678,0.00744381490375307,0.008924608057143036,-0.009060506074843
2024-10-22,0.01624193430518789,0.015786751178213373,0.011438693344185243,0.014224997023194328,0.010405367744052397,0.010959235251259677,0.008087774165128346,0.009023505788538609,0.0007372577955863323
2024-10-23,0.01624193430518789,0.015685080511326433,0.011098179170652,0.014165173353853713,0.010405367744052397,0.010899504363164942,0.007847012248299605,0.008984621049841116,-0.005947343937712536
2024-10-24,0.01624193430518789,0.01571545410240133,0.011281171066225256,0.014202498607492087,0.010405367744052397,0.01092612160978782,0.007976397404533169,0.009008882061419697,0.0043391549925904105
2024-10-25,0.01624193430518789,0.015711334712114233,0.011213506439948465,0.01417350568194045,0.010405367744052397,0.010920703274646656,0.007928554858201365,0.008990036973069594,-0.0028944119060759555
2024-10-28,0.01624193430518789,0.015713620204221363,0.01099629441543966,0.014142745619942445,0.010405367744052397,0.010929657517244092,0.007774974222081718,0.008970043265122641,0.0015410722262823807
2024-10-29,0.01624193430518789,0.0156782868015817,0.010697408334496014,0.01408733570750597,0.010405367744052397,0.010899736508584109,0.007563645615654717,0.008934027420723733,0.0011153454597744863
2024-10-30,0.01624193430518789,0.015680187721200795,0.01039097756266608,0.014032402968986201,0.010405367744052397,0.010902085198864014,0.007346982505172231,0.008898321734214983,1.2988869788776883e-05
2024-10-31,0.01563436323248395,0.015552708938243846,0.01007442924477821,0.013979591374330991,0.010386510580577676,0.010802427253786806,0.0071231657430304435,0.008863994768299976,-0.01120943965443768
2024-11-01,0.01563436323248395,0.015587852567986806,0.011670700426760343,0.014237547673888011,0.010405367744052397,0.010829681315240387,0.008251815706597901,0.009031663575884096,-0.0038542507920545912
2024-11-04,0.01563436323248395,0.01559640008259614,0.011526345299303842,0.014221485010534869,0.010405367744052397,0.010843348857180522,0.00814974883275868,0.009021223018256036,0.005108632480430074
2024-11-05,0.01563436323248395,0.01559437141270172,0.011548145128481183,0.01420563650933841,0.010405367744052397,0.010839360661869933,0.008165162489714028,0.00901092166371587,0.008978045269396717
2024-11-06,0.01563436323248395,0.015593610460974829,0.012309822012732249,0.014298672870641002,0.010405367744052397,0.010838945005420705,0.008703709196165666,0.009071394293337086,-0.004883112397862376
2024-11-07,0.01563436323248395,0.015554083619917915,0.012254898734951957,0.014302919974145883,0.010405367744052397,0.010807895476960991,0.008664875471567093,0.009074154864726784,0.01117624637131507
2024-11-08,0.01563436323248395,0.014849391758612995,0.013480767108015856,0.014481435574017643,0.010405367744052397,0.010332090512904585,0.009531630638367162,0.009190188075844567,0.004975730281699153
2024-11-11,0.01563436323248395,0.01484884033788038,0.013374095959298065,0.01445410741893403,0.010405367744052397,0.010331958416344817,0.009456208373357944,0.009172425070311413,-0.003900929342803894
2024-11-12,0.01563436323248395,0.014826435913923712,0.013155823999713516,0.014431485103939757,0.010405367744052397,0.01031406103679641,0.009301878305877182,0.009157720809991367,-0.00984379804461042
2024-11-13,0.01563436323248395,0.014871066640067229,0.01393398844212731,0.014198844203003777,0.010405367744052397,0.010357457635522292,0.00985208260668354,0.009421154690967444,-0.003698959905460708
2024-11-14,0.01563436323248395,0.014888128852110919,0.013672947856421461,0.014142462268896004,0.010405367744052397,0.01037294263358459,0.009667512809977262,0.009383036371723578,-0.0017871071238642513
2024-11-15,0.01563436323248395,0.014867602648652457,0.013295472454095937,0.01404370305509113,0.010405367744052397,0.010356052118144422,0.009400617307576917,0.009316267905908067,-0.006406192824387881
2024-11-18,0.01563436323248395,0.01489838890631602,0.013397366762544013,0.014101055644671335,0.010405367744052397,0.010381884089406072,0.00947266208844858,0.009355042459382975,0.00534333051523781
2024-11-19,0.01563436323248395,0.014893123746631744,0.013341327844167049,0.014065956673438622,0.010405367744052397,0.010374459658479683,0.009433039545676127,0.009331312982703044,0.004245254207080874
2024-11-20,0.01563436323248395,0.014868964071119706,0.01315916471997412,0.013999166600308697,0.010405367744052397,0.010361743052163195,0.009304240375582492,0.00928615799874983,-0.0006579552442657732
2024-11-21,0.01563436323248395,0.01486098373064037,0.01276379133967965,0.013891330083729992,0.010405367744052397,0.01036208449845209,0.00902469003582707,0.009213252611055323,0.0035130664640631755
2024-11-22,0.01563436323248395,0.014857371400946133,0.012535828854257088,0.013813776742058533,0.010405367744052397,0.010357547347153908,0.008863508243052086,0.00916082086881302,0.003837121023520273
2024-11-25,0.01563436323248395,0.014791675757324409,0.012349052825536224,0.01374650670930322,0.010405367744052397,0.010302816785515303,0.008731447500246898,0.009115341396980592,0.008085455423248844
2024-11-26,0.01563436323248395,0.014790207835222613,0.012828763850247891,0.013848097469060194,0.010405367744052397,0.010296005165106772,0.009070629110912465,0.009184024195361382,0.0009401461237767196
2024-11-27,0.01563436323248395,0.01469208034955427,0.012449480198584979,0.01374097579091438,0.010405367744052397,0.010237876627132703,0.008802455078540647,0.009111602090832375,0.002273708414455178
2024-11-29,0.01563436323248395,0.01466617937794272,0.012139558156753898,0.013647991508684431,0.010405367744052397,0.010225191806570926,0.0085833234515529,0.009048737901960676,0.0073320588432460925
2024-12-02,0.01563436323248395,0.014671830689495588,0.012489317438566091,0.01371542334602446,0.010405367744052397,0.0102264128188429,0.008830622159398099,0.00909432676554975,-0.0006159380911142653
2024-12-03,0.01539663389865511,0.014540154843273482,0.012113928217550017,0.013617502188771407,0.010386510580577676,0.010124148795301947,0.008565201699888638,0.00902812488737782,-0.002140171217534026
2024-12-04,0.01539663389865511,0.014536429402112238,0.011808036166773235,0.013544772691787577,0.010386510580577676,0.010121000035455718,0.008348919494294919,0.008978954417645865,0.005816074910898672
2024-12-05,0.01539663389865511,0.01453240105534106,0.011918386454427478,0.0135502445509857,0.010386510580577676,0.010119133415850705,0.008426943109296203,0.008982653795453176,-0.0005421970408951429
2024-12-06,0.01539663389865511,0.014537700149883379,0.011559434159626925,0.013457762251479474,0.010386510580577676,0.010125312567314663,0.008173144444619418,0.008920128983689065,0.0010821430096377817
2024-12-09,0.01539663389865511,0.014470088410952604,0.011224238842066999,0.013365301226325987,0.010240026026370152,0.010070683893246144,0.007936143246312859,0.008857618554946432,-0.0036131007912620808
2024-12-10,0.01539663389865511,0.014482534951444633,0.011075355480166662,0.013339947115562918,0.010240026026370152,0.010085683541735786,0.007830874666085808,0.008840477318067903,-0.003688002120383338
2024-12-11,0.01539663389865511,0.014479054307249398,0.010941674296959662,0.01331799174867979,0.010240026026370152,0.010091770194621184,0.0077363548474865115,0.00882563388111933,0.0016068226890150754
2024-12-12,0.01539663389865511,0.014468886049906347,0.01064778820602629,0.013125193543134593,0.010240026026370152,0.010082298166037238,0.007528561504119216,0.008624514895179168,-0.00820773185094863
2024-12-13,0.01539663389865511,0.01440670986279181,0.011333481849008452,0.013340929636900556,0.010176182278242603,0.010034859603333276,0.008013383954029807,0.008769296982902314,-0.004916761539118652
2024-12-16,0.01539663389865511,0.014360443980175355,0.011339786020286272,0.013362608804555271,0.010117482847893771,0.009998779310927386,0.008017841343703534,0.008783846032615594,0.0021668214982305976
2024-12-17,0.01539663389865511,0.014294279317165233,0.011063447487180427,0.013277086221064107,0.01004522134060784,0.009944732747585642,0.007822455071720026,0.008726451194463197,-0.0019417397895907797
2024-12-18,0.01539663389865511,0.014289940013420814,0.01078332802807278,0.013209842567115503,0.01004522134060784,0.009941059405650233,0.007624395480790244,0.008681323481084958,-0.02417028888313306
2024-12-19,0.015635553587926617,0.014553574494079308,0.01729167451006409,0.01534362883775856,0.010117482847893771,0.010146583797499584,0.012226148054348952,0.01011332322496568,-0.006387387583185012
2024-12-20,0.015635553587926617,0.014539700124714759,0.017155459448780816,0.015327004093195241,0.010117482847893771,0.010135706798958095,0.012129836647057989,0.010102166235962474,0.00896192116785991
2024-12-23,0.015635553587926617,0.014546043650265201,0.017399164187528755,0.015386753904630202,0.010117482847893771,0.01013461494401658,0.01230214906340289,0.010142264776218806,0.0002163060550791852
2024-12-24,0.015635553587926617,0.014514530147560455,0.016869565861710657,0.015204639794571826,0.010117482847893771,0.010108368396922137,0.011927694435713778,0.010020046650369646,0.006935208821516636
2024-12-26,0.015635553587926617,0.014455726399867126,0.016826321934025466,0.015169161583782766,0.010117482847893771,0.01005689528205237,0.011897118642604615,0.009996236960775957,0.001274086535921415
2024-12-27,0.015635553587926617,0.014408310291480956,0.016329871701744828,0.014997352792483733,0.010117482847893771,0.010031371776461372,0.011546101507858855,0.009880934810545831,-0.008505578271293135
2024-12-30,0.015635553587926617,0.014429648574526652,0.016557662651055086,0.015115268760519432,0.010117482847893771,0.010048120055551724,0.01170716201533527,0.009960069088589376,-0.0036252117310394466
2024-12-31,0.015635553587926617,0.01444449534343719,0.01618561892236258,0.015004511370358553,0.010117482847893771,0.010064174229020763,0.011444106999637443,0.009885738985089612,-0.001565886385787052
2025-01-02,0.015635553587926617,0.014426764341840759,0.015717887971062782,0.014853516893662908,0.010117482847893771,0.01005942923021154,0.011113395948092695,0.009784405475295115,-3.0283801645703034e-05
2025-01-03,0.015635553587926617,0.01438266945706081,0.015239067554556495,0.014694292496486955,0.010117482847893771,0.010023439796082782,0.010774844045543078,0.009677548805012572,0.005007577057559387
2025-01-06,0.015635553587926617,0.014257089230326578,0.015047853440499075,0.014610821200081813,0.010117482847893771,0.009944493089421283,0.010639645336639176,0.009621530600791241,0.0005063971804549429
2025-01-07,0.015635553587926617,0.014259254370166036,0.014592288666747014,0.014460608416164995,0.010117482847893771,0.009946932014665632,0.010317536429893508,0.009520721690800612,-0.00837133406339925
2025-01-08,0.015635553587926617,0.014301013304775127,0.014930320833626321,0.014602223855211587,0.010117482847893771,0.00998061562488953,0.01055654343392851,0.009615760859078304,0.001605794942850636
2025-01-10,0.015635553587926617,0.01425682377111411,0.01450437557094718,0.014456287750723253,0.010117482847893771,0.009956753378806629,0.010255377121693521,0.009517822060274775,-0.011101124427320763
2025-01-13,0.015635553587926617,0.014306834305548768,0.015419804565493958,0.014796208648038513,0.010183862918281179,0.010005214655763078,0.010902634876519905,0.009745945487907694,0.00046726369209381107
2025-01-14,0.015635553587926617,0.014305494405590608,0.014952426122279079,0.015379171509596662,0.010183862918281179,0.010003904286786457,0.010572173067235301,0.009840817904369659,0.0018566579634233028
2025-01-15,0.015635553587926617,0.014293539442107176,0.01453547007112218,0.015259746974000761,0.010183862918281179,0.009992763567884021,0.010277362613185062,0.009763116016553953,0.01504566945328203
2025-01-16,0.015635553587926617,0.014339251842937677,0.01649573380359796,0.015748619108403458,0.010183862918281179,0.010015598797749712,0.011663374974502103,0.01008119376794767,0.00347345519832194
2025-01-17,0.015635553587926617,0.014320981802369934,0.016115219970129314,0.015626625241754507,0.010183862918281179,0.009998355001118907,0.011394331137133553,0.01000182018116115,0.004340704354391911
2025-01-21,0.015635553587926617,0.01432099613260841,0.01581886398966423,0.015529117408628836,0.010183862918281179,0.009998355424708021,0.011184791448432554,0.009938378086344717,0.011786448776112747
2025-01-22,0.015635553587926617,0.014347665443654622,0.016743106479888466,0.01575753128005818,0.010183862918281179,0.010012908508048262,0.011838280820848444,0.010086992346595295,-0.0007772881647610362
2025-01-23,0.015635553587926617,0.014352858215974743,0.016239085633563292,0.015613988185189283,0.010183862918281179,0.010019595885915987,0.011481910852973832,0.00999359805874173,0.001264935328927919
2025-01-24,0.015635553587926617,0.014353721086976407,0.015760868944310277,0.015476486815184865,0.010183862918281179,0.01002066200052348,0.011143785818208398,0.009904134733862318,0.0017029891345426542
2025-01-27,0.015635553587926617,0.01435449635564462,0.015311512530322311,0.015349915846127287,0.010183862918281179,0.01002214531116609,0.010826066557220076,0.009821783120022135,-0.0018219692717433963
2025-01-28,0.015635553587926617,0.014361798846304575,0.014881323241240543,0.01524201081714461,0.010183862918281179,0.01002893080441908,0.010521899489036618,0.009751576236529341,0.0027648807324774484
2025-01-29,0.015635553587926617,0.014313729931873284,0.014513746911176446,0.015140805418681624,0.010183862918281179,0.009988468157151051,0.010262003165518485,0.009685728373035664,-0.004123623056325109
2025-01-30,0.015635553587926617,0.014308718003145945,0.014266444418508837,0.015092430451528156,0.010183862918281179,0.009993970584551076,0.01008714694278517,0.009654253883709904,0.00715806973956401
2025-01-31,0.015635553587926617,0.014293992154443307,0.014420721783833738,0.015116080266057107,0.010183862918281179,0.009985590771613944,0.010196229374842245,0.009669641301598711,-0.005058727672559916
2025-02-03,0.015635553587926617,0.01431495234280771,0.014275483953392122,0.01509701817720533,0.010183862918281179,0.010007046804129517,0.010093538382304876,0.009657238822643249,-0.001098987567625254
2025-02-04,0.015635553587926617,0.01421275363804386,0.013854755724822206,0.014996788915373925,0.010117482847893771,0.009927203676012209,0.00979606079503327,0.0095920260686659,0.005826417072346368
2025-02-05,0.015635553587926617,0.014183151300821512,0.013836910773968772,0.014980086424051004,0.010117482847893771,0.00989922169074945,0.009783443450713629,0.009581158828525166,0.009572175762891953
2025-02-06,0.015635553587926617,0.014198392409551213,0.014481881312302094,0.015123120123834363,0.010117482847893771,0.009906467011952929,0.010239472465588205,0.009674221685658967,0.0017175894698063577
2025-02-07,0.015635553587926617,0.014181292154059607,0.014074776565205853,0.015018539303288494,0.010117482847893771,0.009891150292899482,0.009951627415721575,0.009606177651447887,-0.006691466620656572
2025-02-10,0.015635553587926617,0.014171024198039603,0.014168721368532663,0.01506686610831908,0.010117482847893771,0.00988311796813746,0.010018051467003698,0.009637620804768442,0.004137519599566853
2025-02-11,0.015635553587926617,0.014160180792047151,0.01393794463951714,0.015000743577033779,0.010117482847893771,0.009871665528227394,0.009854879851970116,0.009594599113435217,-0.001071375299022992
2025-02-12,0.015635553587926617,0.014155870894047639,0.013527122520911998,0.014732987649585038,0.010117482847893771,0.009874288286755652,0.0095644064196172,0.009340768480294854,-0.0058063753924716185
2025-02-13,0.015635553587926617,0.014177912443365984,0.013525954903287054,0.014757204013372372,0.010117482847893771,0.009892448355633084,0.009563580850876293,0.009356443590537868,0.012406925486222353
2025-02-14,0.015635553587926617,0.014197430501754116,0.014898259219138761,0.015040417152153934,0.010117482847893771,0.00989748986012259,0.010533874140370027,0.009539765794137782,-0.00022638141402280278
2025-02-18,0.015635553587926617,0.014123960875976276,0.014444974253968262,0.014937316243951525,0.01004522134060784,0.009839052027717954,0.010213377181457262,0.009473029180977345,0.00046454423626819425
2025-02-19,0.015635553587926617,0.014125657264792296,0.014007423673629862,0.014839947402284814,0.01004522134060784,0.009840855457212682,0.009904005282664576,0.00941000290086511,0.00041797158860745764
2025-02-20,0.01539663389865511,0.013971498108987755,0.013582789494520423,0.014749540268788552,0.009919535494835492,0.009721455317284366,0.009603765977344128,0.009351482893619013,0.00045290848815260343
2025-02-21,0.01539663389865511,0.01397089811885611,0.013171531705643079,0.01466558283587753,0.009919535494835492,0.00972086881125233,0.009312984502571854,0.00929713773973224,-0.00491326495481097
2025-02-24,0.01539663389865511,0.013991983627456484,0.013073581626191558,0.014667109367657754,0.009919535494835492,0.009742331011728568,0.009243728504686135,0.009298125854799992,-7.526933180828092e-05
2025-02-25,0.01539663389865511,0.013905884739466782,0.012675380231013774,0.01459011251549739,0.00984726376706217,0.009674284423261733,0.008962178605625848,0.00924828624400714,0.004002335713010607
2025-02-26,0.01539663389865511,0.013905928482696056,0.01249907340923744,0.014549397368127121,0.00984726376706217,0.009674270501683986,0.00883752015772512,0.009221931567921404,0.0018417149584308513
2025-02-27,0.01539663389865511,0.013901389445670863,0.012163660088538624,0.014484298786118564,0.00984726376706217,0.009669671793702376,0.008600364819421833,0.009179793637610751,-0.01075976004259811
2025-02-28,0.01539663389865511,0.013949837676089148,0.013291735827220286,0.014760578435071186,0.009919535494835492,0.00970735670729406,0.009397975310506073,0.009358627833911474,0.010352556756785902
2025-03-03,0.01539663389865511,0.013968102816594916,0.014172909159510909,0.014928003244896196,0.009919535494835492,0.009715238368358876,0.010021012461469034,0.009467000931312477,-0.002717994384863332
2025-03-04,0.01539663389865511,0.013901987730542197,0.013828155802177833,0.014859343896407615,0.009919535494835492,0.009680473756370959,0.009777253212673618,0.009422558137744312,-0.008739171358567633
2025-03-05,0.01539663389865511,0.013940031740735909,0.014301895461681967,0.01499331576450542,0.009919535494835492,0.009710619232014687,0.010112212745536867,0.00950927734217723,0.005616343660253698
2025-03-06,0.01539663389865511,0.013876619201172518,0.014230745123733037,0.014958720354725577,0.00984726376706217,0.00965660929365159,0.010061905612738693,0.009486883936339605,-0.012197860350022939
2025-03-07,0.01539663389865511,0.01396528226265951,0.015449164747913469,0.015279803705549863,0.009923184317996546,0.009727965231896877,0.0109233941116625,0.009694719306074174,0.002971562482298518
2025-03-10,0.01539663389865511,0.013912557681559993,0.015073930184467612,0.015173301162468315,0.009923184317996546,0.009683860010179774,0.010658083003410496,0.009625780834608117,-0.011720228076354757
2025-03-11,0.01539663389865511,0.013995496924564558,0.01606841169832077,0.015443906368767904,0.010117482847893771,0.009750745962883254,0.011361235160166927,0.009800941997461907,-0.005802746627964018
2025-03-12,0.01539663389865511,0.014025533081474466,0.015925951747702928,0.015413493647520338,0.010117482847893771,0.009777160278577474,0.011260508278738802,0.009781256021378455,0.001173906130040814
2025-03-13,0.01539663389865511,0.014026967540648437,0.015455266293800599,0.01519163130964497,0.010117482847893771,0.009779478906933385,0.010927708234238255,0.00977912061772103,-0.003557842359126529
2025-03-14,0.01539663389865511,0.014041875887943584,0.015120967068435536,0.015158971798132493,0.010117482847893771,0.009792632698724706,0.010691340621524482,0.009757683837671206,0.010553212773126298
2025-03-17,0.01539663389865511,0.014058869299471805,0.015845771824284937,0.015235936669064021,0.010117482847893771,0.009802102568192259,0.011203816741194294,0.009808201403100548,0.007953775539925222
2025-03-18,0.01539663389865511,0.0140618033229687,0.016017658650186617,0.015251207253783133,0.010117482847893771,0.009799093656389427,0.011325350013223148,0.009818224583200188,-0.003393460728305797
2025-03-19,0.01539663389865511,0.014077605229168393,0.015649623960998643,0.015215002472229842,0.010117482847893771,0.009814569168510574,0.011065129605041768,0.009794460788122811,0.006737512163988013
2025-03-20,0.01539663389865511,0.014081721440834817,0.015651075402140707,0.01520940077776497,0.010117482847893771,0.009814618705022402,0.011066155852342727,0.009790783994239848,-0.001989380704559252
2025-03-21,0.01539663389865511,0.014065546590641688,0.015216566298896356,0.015162493146171468,0.010117482847893771,0.009801301944091284,0.010758934442170109,0.009759995150973049,-0.004172780225641815
2025-03-24,0.01539663389865511,0.01408484630108446,0.014943399936747629,0.015137872040105908,0.010117482847893771,0.009818401671875997,0.010565791066428538,0.009743834553007306,0.005169886011430581
2025-03-25,0.01539663389865511,0.01408505014342526,0.014784645614826997,0.015112516757389805,0.010117482847893771,0.009818462878974739,0.01045354318419251,0.009727192062243826,0.0007960682359471562
2025-03-26,0.01539663389865511,0.014053064023597952,0.014341421834966624,0.015059982193902487,0.010117482847893771,0.009791634012844065,0.010140160026845476,0.009692709859959183,-0.007735620140481514
2025-03-27,0.01539663389865511,0.014094230657314317,0.01458652132661995,0.015099782314381553,0.010117482847893771,0.009825430957432239,0.010313458608845453,0.00971883353386472,-0.0006349492177692651
2025-03-28,0.01539663389865511,0.014090320058745056,0.014146784789275557,0.015049430567197009,0.010117482847893771,0.009827807121282459,0.010002541120354086,0.00968578407049149,-0.004186849888167354
2025-03-31,0.01539663389865511,0.014104411799034995,0.013921773081118298,0.015028496476397717,0.010117482847893771,0.009844384027878891,0.009843445686520222,0.009672043525112054,0.00712333700989014
2025-04-01,0.01539663389865511,0.014079191068053436,0.014094801095897244,0.015035421629398032,0.010117482847893771,0.00982955936755013,0.009965785840737573,0.009676588999762599,0.0037225496948278592
2025-04-02,0.01539663389865511,0.014079219495120199,0.01382907416611726,0.014998336423814908,0.010117482847893771,0.009829541556947008,0.009777902545593034,0.009652247319242238,0.003379146696947966
2025-04-03,0.01539663389865511,0.01407761713999419,0.013545349044599711,0.014959641177994148,0.010117482847893771,0.009827024491004838,0.009577293556544995,0.009626848853826841,-0.02444719853861357
2025-04-04,0.015635553587926617,0.014357077382813265,0.01914518353742056,0.01572367606831452,0.010183862918281179,0.010039398884855576,0.013536679071766795,0.01012833975603855,-0.03342884357421925
2025-04-07,0.016378626371810413,0.014841255423958512,0.026597166372734942,0.01706161341514644,0.010386510580577676,0.010402954687983055,0.018805633526697892,0.011006524006085207,-0.016945266905222443
2025-04-08,0.016945351824991548,0.014962487926177446,0.027535498140537233,0.01731192134680088,0.010411989489401087,0.010495802986165344,0.019469084779529,0.011170819056044896,-0.014409026097056112
2025-04-09,0.016945351824991548,0.015070754165864135,0.027930780519349517,0.017456790644689416,0.010699828979227098,0.010582033968923564,0.019748570776320203,0.011265907167623719,0.06115489941930932
2025-04-10,0.016945351824991548,0.016203337436080652,0.044133031655521286,0.04970413375073782,0.010699828979227098,0.011346243302250716,0.031204437649669375,0.030536079551864326,-0.027610743356594036
2025-04-11,0.016985264634685072,0.016514908008905222,0.045589554721655136,0.04895798450863508,0.010763483959866003,0.011585814538208047,0.032234278145496564,0.030074811066955885,0.014404963018191365
2025-04-14,0.016985264634685072,0.01651542185801656,0.04495644666130087,0.04541019259334501,0.010763483959866003,0.01157337187857173,0.03178663654341876,0.027881570748270468,0.008595704214655175
2025-04-15,0.016985264634685072,0.016518301024745476,0.04386124721279187,0.04162371972266422,0.010763483959866003,0.011569976034296364,0.0310122713656149,0.02554077817534793,0.0016722089711844077
2025-04-16,0.016985264634685072,0.01651868285306653,0.042535731542913256,0.03790289807183456,0.010763483959866003,0.011570459286771886,0.03007506017656185,0.02324057110061311,-0.004418309116039988
2025-04-17,0.016985264634685072,0.0165334940684113,0.04131670405269318,0.034755839755297016,0.010763483959866003,0.011583195832749298,0.029213141883508296,0.021295063768196728,6.226150985113579e-05
2025-04-21,0.016985264634685072,0.016532872822508725,0.04005804651380622,0.0318144099468998,0.010763483959866003,0.011582597058621212,0.028323203005049882,0.019476675710386294,-0.014298146823168177
2025-04-22,0.016985264634685072,0.016624972808521127,0.039683141932273465,0.030890608211515125,0.010847582689924263,0.01165501187984766,0.028058125211837575,0.018905582686642376,0.014672857100543302
2025-04-23,0.016985264634685072,0.01666490056073993,0.03937226361000333,0.029984501317197775,0.010847582689924263,0.011676699914817242,0.02783831744291675,0.018345428590487288,0.0072996695393886864
2025-04-24,0.016985264634685072,0.01665237066418438,0.03839878979739143,0.027993380209283963,0.010847582689924263,0.011661330470712833,0.027150018865870467,0.01711452012755251,0.01473521859531679
2025-04-25,0.016985264634685072,0.016660224106971693,0.03816415897730552,0.02760239290022155,0.010847582689924263,0.011654462736900508,0.026984122200234408,0.01687281228481397,0.004273644838421797
2025-04-28,0.016985264634685072,0.01665265776620941,0.03708157806872269,0.025654085495741896,0.010847582689924263,0.01165159181200543,0.026218679011869868,0.015668371197307643,0.004752917388739531
2025-04-29,0.016985264634685072,0.016642022054175552,0.03605379564615112,0.024000916020949125,0.010847582689924263,0.011646833680129195,0.025491981313581373,0.014646383991657495,0.004798942400426677
2025-04-30,0.016985264634685072,0.016580443113468818,0.03506225486311335,0.022580703206591616,0.010847582689924263,0.01159439085838627,0.024790908412383218,0.013768410288594952,-0.002783073000741609
2025-05-01,0.016985264634685072,0.01659272447030425,0.0340310899223411,0.02128189213100579,0.010847582689924263,0.011605999767687489,0.024061819090987657,0.012965486981550579,-0.0007538358139880129
2025-05-02,0.016985264634685072,0.016593770680209396,0.0329971620135863,0.020067260244578985,0.010847582689924263,0.011606972819369477,0.02333077620196021,0.01221460313907066,0.006012667690630859
2025-05-05,0.016985264634685072,0.016575012730720373,0.03217488218220805,0.01937007888413417,0.010847582689924263,0.011587567342575137,0.0227493799378399,0.011783606534514022,-0.0010313648542327187
2025-05-06,0.016985264634685072,0.016575619735102496,0.03120024139538799,0.018445686739376143,0.010847582689924263,0.011593275118124441,0.02206025624698314,0.011212148520468226,-0.00044203969255353094
2025-05-07,0.016985264634685072,0.016559843062880834,0.030250805081805783,0.017644598654609978,0.010847582689924263,0.011579727164224084,0.021388953480367023,0.010716916914929158,0.0012269726157237203
2025-05-08,0.016985264634685072,0.016548013314284633,0.029337576239890223,0.016964734839039562,0.010847582689924263,0.011568916290233319,0.020743251352313266,0.010296625993948684,-0.003270041747511687
2025-05-09,0.016985264634685072,0.01656190115052831,0.02850480654675493,0.01530929707912039,0.010847582689924263,0.011583812477341218,0.02015443818922019,0.009161627566979927,0.0018215521194984373
2025-05-12,0.016985264634685072,0.01655941253598344,0.027655921126597337,0.015097912952259119,0.010847582689924263,0.011581145954453914,0.019554230336476696,0.009032103130799767,0.008613726829669122
2025-05-13,0.016985264634685072,0.016551961974641732,0.02725897144509628,0.01604889129057966,0.010847582689924263,0.011568841930518738,0.019273565466609178,0.009614809765018113,0.0007049451859771018
2025-05-14,0.016985264634685072,0.016548129410987978,0.02643160605230517,0.015599598272412427,0.010847582689924263,0.011565181146988762,0.01868857343582458,0.009339507992260188,-0.00505242966395798
2025-05-15,0.016985264634685072,0.016527011507220555,0.025787613133439947,0.01582483259521832,0.010847582689924263,0.011548360086281243,0.018233235650729446,0.009477519058195143,0.009105648085565955
2025-05-16,0.016985264634685072,0.0165355667917137,0.02553475787380628,0.01666628042401692,0.010847582689924263,0.011552269123456619,0.018054453321765137,0.009993111488045317,0.003600950782476742
2025-05-19,0.016985264634685072,0.016530681168979794,0.024841757996717118,0.01620054164653449,0.010847582689924263,0.01154653006814502,0.01756446496962455,0.009707732668659128,0.0018301372325609912
2025-05-20,0.016985264634685072,0.01652401739718922,0.024107545719990867,0.015736095770196138,0.010847582689924263,0.011539991599189586,0.017045337224457287,0.009423146067185468,-0.0017540956358872096
2025-05-21,0.016985264634685072,0.01652780841424102,0.023394495735809144,0.015468704220055798,0.010847582689924263,0.011543404942968693,0.01654117236340332,0.009259303397040248,-0.014378956287632529
2025-05-22,0.016985264634685072,0.016601990326230925,0.024116389838143744,0.018748268702972037,0.011106540188676605,0.011600816966773625,0.017051590493791284,0.011268838109384045,0.00032924398180862453
2025-05-23,0.016985264634685072,0.016556398069641383,0.023382460152357388,0.017581083452490622,0.011106540188676605,0.011563234290229044,0.01653266255568539,0.01055365190438757,0.00019782248220170397
2025-05-27,0.016985264634685072,0.016558839420149043,0.022670416482022622,0.016717470227510755,0.011106540188676605,0.011565784087227172,0.01602920921288692,0.01002447775255232,0.01400751632803765
2025-05-28,0.016985264634685072,0.016579627324042896,0.02338425007645714,0.018884558635516423,0.011106540188676605,0.011578210907417966,0.016533928128723844,0.01135234899987503,-0.005090345705143129
2025-05-29,0.016985264634685072,0.01660371889912062,0.02285667559955131,0.018166124371364632,0.011106540188676605,0.011600064224219995,0.016160904471553324,0.010912132440673114,0.0062934089661572
2025-05-30,0.016985264634685072,0.016601812472937686,0.022448672461755602,0.01765829312833262,0.011106540188676605,0.011595039056548698,0.015872424210926973,0.010600961699496505,-0.0005057818138361592
2025-06-02,0.016985264634685072,0.016603056237732585,0.02176670366139253,0.016790646575827312,0.011106540188676605,0.01160047159143374,0.015390235425981197,0.010069316148879237,0.0033232255157953144
2025-06-03,0.016985264634685072,0.016602675288033705,0.02118839556939999,0.01626347368951478,0.011106540188676605,0.011601041789918552,0.014981340362081302,0.009746293924443664,-9.166283054716794e-05
2025-06-04,0.016985264634685072,0.01659702910877513,0.020542978086574015,0.01576149215574049,0.011106540188676605,0.011595933444293991,0.014524995333304425,0.009438707559751108,0.006135815741522576
2025-06-05,0.016985264634685072,0.016598766734728848,0.020221721194924037,0.01592780874313048,0.011106540188676605,0.011596225796770882,0.014297849355134033,0.009540617114309266,-0.002374864630593998
2025-06-06,0.016985264634685072,0.016580277771698737,0.019652335912943773,0.01566192842529049,0.011106540188676605,0.011580982859823818,0.013895263199964022,0.009377700443265994,-0.00021264307649189137
2025-06-09,0.016985264634685072,0.016579706178869256,0.019054031883783004,0.015499135884854893,0.011106540188676605,0.01158520655339047,0.013472229928213758,0.009159199749979884,0.001271050147694486
2025-06-10,0.016985264634685072,0.016575511897458175,0.018487762447885785,0.015265973886824302,0.011106540188676605,0.011581082093450773,0.01307184684455679,0.009017683148656818,0.004831599523916475
2025-06-11,0.016985264634685072,0.016575472532047497,0.01813476631945089,0.015404294504152696,0.011106540188676605,0.011581083517933818,0.012822259511280009,0.009101636210573255,-0.0003981658842782788
2025-06-12,0.016985264634685072,0.01657755686998718,0.01758377215850859,0.015210193701646753,0.011106540188676605,0.01158309747765218,0.012432676872256729,0.008983827622052253,0.00767553653810038
2025-06-13,0.016985264634685072,0.016582783278205664,0.01760022262775203,0.01591518479990883,0.011106540188676605,0.011584450329506918,0.0124443082427418,0.009411718723654386,-0.008306275664156593
2025-06-16,0.016985264634685072,0.016614378322676027,0.01770833507031227,0.01688050574907243,0.011106540188676605,0.011617590565412991,0.012520749580362946,0.009997615829810012,-0.00019050886733787946
2025-06-17,0.016985264634685072,0.016605237346149777,0.017169211051818112,0.016261510554212707,0.011106540188676605,0.01160949869172087,0.012139559773330156,0.009621919545888294,-0.001298582186570041
2025-06-18,0.016985264634685072,0.01659668298918403,0.0166626069210246,0.015866578021471768,0.011106540188676605,0.011602139615431396,0.011781363283775527,0.009382217063247556,0.000440027947841437
2025-06-20,0.016985264634685072,0.016590171440364673,0.016156942588011744,0.015521029155156884,0.011106540188676605,0.011596153320842717,0.011423831282024016,0.009172487769602096,-0.00249746026677905
2025-06-23,0.016985264634685072,0.016577239166131127,0.015729250625521697,0.015445404674774326,0.011106540188676605,0.011585413860310508,0.011121429958657966,0.009126587839377797,0.007484171627542358
2025-06-24,0.016985264634685072,0.016569347023163573,0.01583517904701691,0.016028488259263514,0.011106540188676605,0.011573872929009044,0.011196327075395283,0.009480487736707349,0.006507101609286304
2025-06-25,0.016985264634685072,0.016570231132763125,0.01579420363131936,0.016219242894147553,0.011106540188676605,0.011571444095019923,0.011167355242816828,0.00959626538419461,-0.002046150879679498
2025-06-26,0.016985264634685072,0.016579651757350853,0.015357374313479203,0.015894686968686705,0.011106540188676605,0.011582378335716731,0.010858493315576315,0.009399277659357674,0.005553476424319103
2025-06-27,0.016985264634685072,0.016579338622898808,0.01522210681294549,0.015954153841579798,0.011106540188676605,0.011579761399458778,0.01076285188492688,0.009435370804099197,-0.0005823214988897151
2025-06-30,0.016985264634685072,0.016571135536640913,0.014762110063823315,0.01560834998775179,0.011106540188676605,0.011572563919430845,0.010437609332158862,0.009225486746956502,0.00676330395983924
2025-07-01,0.016985264634685072,0.01655833723287438,0.014822207780730377,0.015981827731140964,0.011106540188676605,0.011565825475209908,0.010480101664767046,0.00945216734396918,0.0020686286671385947
2025-07-02,0.016985264634685072,0.01655430608823939,0.014418928378356673,0.015638359756105696,0.011106540188676605,0.011561612535235346,0.010194961340281954,0.009243701037706317,0.0009855636752794331
2025-07-03,0.016985264634685072,0.016534466784124464,0.013990946066658348,0.015359906506477783,0.011106540188676605,0.011544258622866932,0.009892354724339653,0.009074695119728488,0.0005142529004106612
2025-07-07,0.016985264634685072,0.01647671535637715,0.013567890404250557,0.01516029374691197,0.011106540188676605,0.011497163535399316,0.009593231515605998,0.008953541074244772,-0.007707846127333606
2025-07-08,0.016985264634685072,0.016509267548501023,0.01386845050929841,0.016215434505426857,0.011106540188676605,0.011523794097565602,0.009805743747513149,0.009593953900192834,-0.0010581364280199401
2025-07-09,0.016985264634685072,0.01651564541034222,0.013459474391295403,0.015617389652435925,0.011106540188676605,0.01153021037763944,0.009516575537315379,0.009216792899891774,0.006813785367813074
2025-07-10,0.016985264634685072,0.016515690195998214,0.013614833935710913,0.015939426789375565,0.011106540188676605,0.01153022902071944,0.009626423128453802,0.009412392588769613,0.002118913326649541
2025-07-11,0.016985264634685072,0.01650196950981603,0.013255179300102638,0.015524258216784574,0.011106540188676605,0.01152535666375724,0.009372127870882279,0.009160226505061462,-0.005530909554485075
2025-07-14,0.016985264634685072,0.016520509152831507,0.01323219915612655,0.015895513763826374,0.011106540188676605,0.011546768873906207,0.009355879667598184,0.009385720589953786,0.0004145225165706369
2025-07-15,0.016985264634685072,0.01650944271315603,0.012831267436789308,0.015456920993054069,0.011106540188676605,0.011536886997120282,0.0090723992818525,0.009119327060554063,-0.006745152973490411
2025-07-16,0.016985264634685072,0.016541124648714104,0.013020616921996322,0.016143229902387222,0.011106540188676605,0.011563729931652209,0.009206279597423345,0.00953617901252262,0.0036122998378214756
2025-07-17,0.016985264634685072,0.016539847293471074,0.012790675182527416,0.015786097599789748,0.011106540188676605,0.011563980322324608,0.009043698365109196,0.009319263137725901,0.0023089098029749344
2025-07-18,0.016985264634685072,0.016539330316550346,0.012470619824897278,0.015426353997255237,0.011106540188676605,0.011565407642122133,0.00881740193640322,0.0091007612053083,0.0003550490251982508
2025-07-21,0.016985264634685072,0.016502439313816387,0.012092407147926025,0.01512581547775524,0.011106540188676605,0.011534639460973314,0.00854998514099738,0.00891821939827123,0.005913543025568479
2025-07-22,0.016985264634685072,0.016501019072041986,0.012198687060646241,0.015421679902650023,0.011106540188676605,0.011530435090313158,0.008625130781019943,0.009097922242512723,0.0050875664874928
2025-07-23,0.016985264634685072,0.0164993053705202,0.012177198360465952,0.015478408997910547,0.011106540188676605,0.01152673956583339,0.008609937109074128,0.00913237849649861,0.0031799155781401136
2025-07-24,0.016985264634685072,0.016496240823988408,0.011944478659459,0.015275997912652339,0.011106540188676605,0.011522991720481424,0.00844539170787433,0.0090094375659023,-0.002092976205008379
2025-07-25,0.016985264634685072,0.01650529228109377,0.011641853824539864,0.01516240565403349,0.011106540188676605,0.011531536798649458,0.008231419600401985,0.008940443627327621,0.002540728605957876
2025-07-28,0.016985264634685072,0.01642303211130234,0.011379671329670379,0.01500322361625826,0.010847582689924263,0.011464586920951472,0.008046042412225833,0.008843759259308255,-0.005902872056032016
2025-07-29,0.016985264634685072,0.01644859212842502,0.011534357130553674,0.0156318021319289,0.010847582689924263,0.011490154227903183,0.00815541363028826,0.009225546786265172,0.0056906670430915685
2025-07-30,0.016985264634685072,0.016449546805669225,0.011643639375101187,0.01572579534951602,0.010847582689924263,0.01148891803271037,0.008232682081112488,0.009282636612275252,-0.005912904516933415
2025-07-31,0.016985264634685072,0.016431539755229128,0.01178102965054868,0.016118177456234818,0.010847582689924263,0.011474664211347976,0.008329824428308022,0.009520962597671816,-0.0031417478668845037
2025-08-01,0.016985264634685072,0.016371033682091123,0.011561583462258693,0.01587702758906224,0.010763483959866003,0.01142687512645883,0.008174664117695286,0.00937449241277283,-0.0007707779029620502
2025-08-04,0.016985264634685072,0.016322141811923478,0.011217972693489908,0.015481199872484046,0.010763483959866003,0.011387211837001962,0.007931712740742709,0.009134073624593031,0.009834306955573947
2025-08-05,0.016985264634685072,0.016334457101002495,0.012235054641842465,0.01665160481656752,0.010763483959866003,0.011392109830505415,0.008650844625669564,0.009844956987609397,-0.0005825820189420019
2025-08-06,0.016985264634685072,0.01633971082471383,0.011866969991074929,0.015896469241560213,0.010763483959866003,0.011397577486944893,0.008390588891952279,0.009346050368111921,0.0009997457235774057
2025-08-07,0.016985264634685072,0.016337364969784655,0.01151954976184955,0.015427147599782929,0.010763483959866003,0.011395253093182497,0.008144944020652327,0.00906205348196753,0.0011852707019043619
2025-08-08,0.016985264634685072,0.016330334279251475,0.011189021606399119,0.01508745190869412,0.010763483959866003,0.011388627765828158,0.00791124275809873,0.008856496120196282,0.0015846844037476716
2025-08-11,0.016985264634685072,0.016308417569274442,0.010885677801723908,0.014851573658138894,0.010763483959866003,0.011369357638833042,0.0076967623001667875,0.008713760983556963,-0.002967681909410003
2025-08-12,0.016985264634685072,0.016314171442767398,0.010688680915792476,0.014917644781564082,0.010763483959866003,0.01137431965130103,0.007557474859136043,0.008753742078922088,0.0044446312915567224
2025-08-13,0.016985264634685072,0.016310377011151664,0.010668067404935234,0.014977259848199554,0.010763483959866003,0.011369114612819033,0.007542899993323373,0.008789816471800395,0.005695076833260159
2025-08-14,0.016985264634685072,0.016259001433413373,0.010840245986070137,0.01522060031940601,0.010763483959866003,0.011324111349532033,0.007664639552064075,0.008937067162891126,-0.003522705816021321
2025-08-15,0.016985264634685072,0.01623238755212911,0.010699990518303119,0.015259758990259761,0.010763483959866003,0.011302722334403714,0.007565471359107777,0.008960762939088245,-0.0018540368348376906
2025-08-18,0.016985264634685072,0.01621202445080629,0.01042768416746285,0.015081228173823957,0.010763483959866003,0.011285898119640802,0.007372936057823051,0.0088527300008317,-0.0020673577219507797
2025-08-19,0.016985264634685072,0.01622130525195672,0.010178419183329311,0.014973950919286416,0.010763483959866003,0.011294597618649819,0.007196692247600515,0.008787814165867418,0.0007555151060268273
2025-08-20,0.016985264634685072,0.01621480051980771,0.009877730083697498,0.014754771577497707,0.010763483959866003,0.011288577061260763,0.006984088809553623,0.008655183907566418,0.001252946367655694
2025-08-21,0.016985264634685072,0.016215152421996695,0.009603392017739524,0.01460280637128275,0.010763483959866003,0.01128896294603534,0.006790116975918091,0.00856322640651468,-0.004362319080265198
2025-08-22,0.016985264634685072,0.0161903421417367,0.00963695362049967,0.014968788774740154,0.010763483959866003,0.01128309737205238,0.006813846842221551,0.008784690438243408,0.012872932650813195
2025-08-25,0.016985264634685072,0.016163281361933162,0.011878876287283423,0.01732616766714093,0.010763483959866003,0.01125097441010758,0.008399007286604528,0.0102111924473326,-0.004757799186720125
2025-08-26,0.016985264634685072,0.016186178600698854,0.011831807568965118,0.016977870449715323,0.010763483959866003,0.011272540264546372,0.008365727159884984,0.01000043011208839,0.0018576506480812993
2025-08-27,0.016985264634685072,0.016186563550402884,0.011520100409923292,0.016246734502224497,0.010763483959866003,0.011274730432743865,0.008145333358589003,0.009558003609766216,0.0011516898876571813
2025-08-28,0.016985264634685072,0.016164257466661867,0.011188415771499755,0.0156863492028843,0.010763483959866003,0.011265505991880597,0.007910814400094893,0.009218902094116884,0.004241812158601266
2025-08-29,0.016985264634685072,0.016163378680524743,0.01111361201419785,0.015499398106441773,0.010763483959866003,0.011263508660862849,0.007857924102439661,0.009105773858542884,-0.0035948445117299777
2025-09-02,0.016985264634685072,0.01617470264947074,0.010968038758511007,0.015469165385678805,0.010763483959866003,0.011273307543013011,0.007754995946132702,0.009087479371794221,-0.005474875537597601
2025-09-03,0.016985264634685072,0.016183864414039285,0.011082105138496471,0.015797420732393746,0.010763483959866003,0.011280788101426586,0.00783564703917255,0.009286113928628765,0.006453889658230216
2025-09-04,0.016985264634685072,0.01613627800394558,0.011356472571371817,0.015717377703191208,0.010763483959866003,0.011238215292649234,0.008029639636805199,0.009162341783817607,0.006665030879107072
2025-09-05,0.016985264634685072,0.016125464526914074,0.011647142924016798,0.015858842312025976,0.010763483959866003,0.011225009622408452,0.008235159279473641,0.009247551414730501,0.006325243790893097
2025-09-08,0.016985264634685072,0.01612331184669573,0.011853605213832361,0.015886416459439005,0.010763483959866003,0.011219788790033786,0.00838113927241509,0.009264160395189678,0.006537062977944109
2025-09-09,0.016985264634685072,0.016123949492154805,0.012081122908175505,0.015950695104144732,0.010763483959866003,0.011217143364859192,0.008542006573867264,0.009302877920626403,-0.0015699441063179555
2025-09-10,0.016985264634685072,0.01613167458308498,0.011747197478796722,0.015472123568801878,0.010763483959866003,0.011224523333902609,0.00830590325510997,0.009014615688624533,0.003045007566054913
2025-09-11,0.016985264634685072,0.01612323127467035,0.011520747279545813,0.015117142864618037,0.010763483959866003,0.011215927124480897,0.008145790730358995,0.00880079701670473,0.008065353409467891
2025-09-12,0.016985264634685072,0.0161213623301035,0.012078350906414759,0.015787811374462623,0.010763483959866003,0.011209159519962977,0.008540046618866141,0.009204766720925994,-0.0020892115244445673
2025-09-15,0.016985264634685072,0.01613215121002033,0.01177075523264232,0.015404694225831026,0.010763483959866003,0.01122062587106382,0.008322559859776948,0.00897400037519334,0.004375527641523403
2025-09-16,0.016985264634685072,0.01609779916264615,0.01168136806121837,0.015221026179248648,0.010763483959866003,0.011189913493175479,0.00825935830047437,0.008863369973789859,-0.0005244656364918221
2025-09-17,0.016985264634685072,0.016101748411236218,0.011329449029001225,0.014864724307406032,0.010763483959866003,0.011193769571507453,0.008010532532413225,0.008648755511251433,-0.0025372676599044967
2025-09-18,0.016985264634685072,0.01609748529329234,0.0110790544891921,0.014791667178200239,0.010763483959866003,0.011190185114652433,0.007833490065304262,0.008604750363487216,-0.0010232245095915028
2025-09-19,0.016985264634685072,0.01609089603777393,0.010757355293590239,0.014584094622338166,0.010763483959866003,0.01118447384025995,0.007606031354344594,0.008479721347266543,0.001434134531685616
2025-09-22,0.016945351824991548,0.015907560649162253,0.010461610943121742,0.014378010607002268,0.010699828979227098,0.011042226600465258,0.007396924121094243,0.008355588936846282,0.002888942870013667
2025-09-23,0.016945351824991548,0.01590560406803179,0.0102756334411142,0.014313326922618726,0.010699828979227098,0.011039833247159618,0.007265427979815457,0.008316627440272638,0.0006807328818769996
2025-09-24,0.016945351824991548,0.015872559173193603,0.00997014520862533,0.01417384255763317,0.010699828979227098,0.011012115382055267,0.007049431295567412,0.008232610587178158,-0.004884375534556774
2025-09-25,0.016945351824991548,0.015827239177467495,0.010059140224737808,0.014727707108589368,0.010401494013384659,0.010976585719928222,0.007112355579878745,0.008566224728209271,-0.002440430158909657
2025-09-26,0.016945351824991548,0.01582259604258644,0.009851346147071192,0.014681039840799874,0.010401494013384659,0.010972687578059099,0.006965433940977303,0.008538115219429585,0.004358971711825477
2025-09-29,0.016945351824991548,0.015822531016161132,0.009868933341530196,0.014700432660925349,0.010401494013384659,0.010972731138562829,0.0069778690376008975,0.008549796268554611,0.005658931426179615
2025-09-30,0.016945351824991548,0.01581281966312066,0.010097057207274874,0.014934051788235486,0.010401494013384659,0.010961399518733225,0.007139164934982123,0.008690514146872434,0.0023053949061823233
2025-10-01,0.016945351824991548,0.015755194150162008,0.009877212836336295,0.014670220044781164,0.010401494013384659,0.010913718747304292,0.006983723087725173,0.008531598035853415,0.00327320106997322
2025-10-02,0.016945351824991548,0.015634905283649494,0.009756264929482698,0.013670319535862072,0.01012811944098966,0.010817785748937402,0.0068982063834178466,0.007967183087671435,0.0006210812360614269
2025-10-03,0.016945351824991548,0.015631007445522736,0.009465668424300806,0.013471203939679518,0.01012811944098966,0.010819666185597002,0.0066927389548953895,0.007845709491035791,0.0014390417722996208
2025-10-06,0.016945351824991548,0.01562700874434913,0.009213868701063131,0.013328797705917493,0.01012811944098966,0.010815764288330448,0.006514702947187973,0.007758832331586415,0.00022664908152345616
2025-10-07,0.016945351824991548,0.015631057859891287,0.008934110718592889,0.013231786682757832,0.01012811944098966,0.010820255617215892,0.006316898939769465,0.007699649233313672,-0.00047683778167800805
2025-10-08,0.016945351824991548,0.015612762497456105,0.008666202501955397,0.013194065326537663,0.01012811944098966,0.010814854978328839,0.006127473356973528,0.007676636727523631,0.004045210315686454
2025-10-09,0.016945351824991548,0.015612722254822953,0.008712657888095783,0.013326231061830921,0.01012811944098966,0.010814420544721929,0.006160319824708258,0.007757266510051302,-0.004608464327456186
2025-10-10,0.016945351824991548,0.015619658166371737,0.008846017946056776,0.013863596617482465,0.01012811944098966,0.010828345337736429,0.006254612590409966,0.008085094806802392,-0.00807530656067007
2025-10-13,0.016945351824991548,0.015571001502073516,0.009733019916434067,0.01521300798333996,0.009923184317996546,0.010790955843446857,0.00688177090339002,0.008908324403551026,0.009839924365562736
2025-10-14,0.016945351824991548,0.015582367512690591,0.010976697512808251,0.01607157845044462,0.009923184317996546,0.010796398214752834,0.007761118153206559,0.009432108801176661,0.0026638212078683
2025-10-15,0.016945351824991548,0.015579879206705173,0.010750012315970975,0.015308342927144235,0.009923184317996546,0.010793556673830385,0.007600839472466373,0.008966484983289566,0.004781395343767559
2025-10-16,0.016945351824991548,0.015563926454081094,0.01077276746127818,0.014960194266967599,0.009923184317996546,0.010777586206671897,0.007616928589536105,0.008754091425344645,0.0020348305241893903
2025-10-17,0.016945351824991548,0.01549811685232474,0.010508751402136399,0.014442900090001466,0.00984726376706217,0.010723778022764363,0.007430254972361871,0.008438507988389054,0.0007605494215599419
2025-10-20,0.016945351824991548,0.015421176909989912,0.010197825775945505,0.014036999593013366,0.009792541581984657,0.01066208544779789,0.007210413757013495,0.008190882015383228,0.01078615562723635
2025-10-21,0.016945351824991548,0.015414070209531465,0.011641884464052028,0.015605032967502614,0.009792541581984657,0.01064810218690926,0.008231441264192372,0.009147485402037601,-0.0059752264594168936
2025-10-22,0.016945351824991548,0.015444639514854143,0.011789606652165021,0.015792360024609053,0.009792541581984657,0.010674194159806246,0.008335888831819826,0.00926176721526647,-0.0015966217753730083
2025-10-23,0.016945351824991548,0.015446186713398974,0.01146659914465188,0.015165885033829086,0.009792541581984657,0.010681386190022419,0.00810750507365786,0.00887957630811847,0.0011199884087091053
2025-10-24,0.016945351824991548,0.01533187689572304,0.011135584159753839,0.01457398322448546,0.009520954817617513,0.010591198418379548,0.007873459596384039,0.008518477313290383,0.003516040468392834
2025-10-27,0.016945351824991548,0.015329512986724815,0.010980685150473837,0.01426386776960776,0.009520954817617513,0.01058814789906497,0.007763937628466644,0.00832928650956371,0.003927597987545139
2025-10-28,0.016945351824991548,0.015309765264224041,0.010878876827499565,0.01408256792359559,0.009520954817617513,0.01056964034668842,0.007691953643970292,0.00821868169112249,-0.0008750907254993171
2025-10-29,0.016945351824991548,0.015316958205492892,0.010559243525177288,0.013839274835187218,0.009520954817617513,0.010578036214098233,0.00746595563116834,0.008070256921530542,-0.0063581675145997114
2025-10-30,0.016945351824991548,0.015351231339013994,0.010859776082554808,0.01428844233403302,0.009520954817617513,0.010607496214819826,0.007678448385384315,0.008373786991559506,-0.004147637819733929
2025-10-31,0.016945351824991548,0.015349883497979186,0.010790953105461118,0.01433191990875506,0.009520954817617513,0.010616012291613556,0.007629786822445527,0.00840040115720079,-8.857026824211618e-05
2025-11-03,0.016945351824991548,0.015264180095306472,0.010462338938671285,0.013860740553931543,0.009520954817617513,0.010567281586932412,0.007397438853277437,0.008111975561334472,7.621910673244478e-05
2025-11-04,0.016945351824991548,0.015257350069302678,0.0101437069298969,0.013513315730872184,0.009520954817617513,0.010567970392824543,0.007172148809108324,0.007899304503946613,-0.006682271319304023
2025-11-05,0.016945351824991548,0.015269875067125852,0.010546111179069652,0.014440824108413337,0.009520954817617513,0.010577978833661494,0.007456670353000546,0.008467065280654476,4.7812252130023615e-06
2025-11-06,0.016945351824991548,0.015274488280992309,0.010224834510358181,0.013936083414130778,0.009520954817617513,0.010583416835153882,0.007229510391379228,0.00815809559848121,-0.002418516648809022
2025-11-07,0.016945351824991548,0.015286816275124241,0.010008682675052073,0.013787489243679228,0.009520954817617513,0.010596248613732944,0.007076679366302182,0.008067135836097729,0.0022963423366636707
2025-11-10,0.016945351824991548,0.015212172635597928,0.00979160770272426,0.013481548507718292,0.009479832254829115,0.010535556434769569,0.006923195633478685,0.007879858659867534,0.009903246460469639
2025-11-11,0.016945351824991548,0.015218315771902028,0.011043962554308725,0.014838009292181376,0.009479832254829115,0.010538911494129279,0.007808678171514102,0.00871019641983709,0.0045376434198726836
2025-11-12,0.016945351824991548,0.015210775035609322,0.011015302275673579,0.014460797390144012,0.009479832254829115,0.010530289030319235,0.007788413806159072,0.008479291634856124,0.0022152893624385883
2025-11-13,0.016945351824991548,0.015076593515397035,0.010754078563317573,0.013963993824920008,0.009479832254829115,0.010447919447491433,0.00760371452901779,0.008175180550910363,-0.012202317525281593
2025-11-14,0.016945351824991548,0.015145127356436635,0.012532355682644668,0.01681632457537301,0.009520954817617513,0.010501480323471523,0.008861052523085411,0.009921193375719664,-0.0036522200735104146
2025-11-17,0.016945351824991548,0.015162513775569242,0.01232751412559499,0.016059901218310878,0.009520954817617513,0.010518878572846597,0.008716218475768877,0.009458159808449796,-0.0062580285834806125
2025-11-18,0.016945351824991548,0.01519570704489387,0.012472621381796091,0.016063776248354786,0.009520954817617513,0.010547872431458789,0.008818817145263983,0.009460531851787374,-0.003625949556584506
2025-11-19,0.016945351824991548,0.015211724228154436,0.012267904601657944,0.015505155854130091,0.009520954817617513,0.01056475336101155,0.008674071321964924,0.009118580494161182,1.5557915187958214e-05
2025-11-20,0.016945351824991548,0.01520885088896334,0.011894178110024509,0.014716355326929189,0.009520954817617513,0.010562117853750297,0.008409826501957271,0.00863572771262791,-0.006746424013233088
2025-11-21,0.016945351824991548,0.015245067732995742,0.012155750872427111,0.015266705695941072,0.009520954817617513,0.010593381354951647,0.008594772576338788,0.00897261669448272,0.007905273361840104
2025-11-24,0.016945351824991548,0.015241934183597438,0.012617011781257043,0.015438154953806632,0.009520954817617513,0.01058553036476269,0.008920908958315906,0.009077566866544555,0.009535643990205723
2025-11-25,0.016945351824991548,0.01525332188545643,0.013385192405258886,0.016014814945757266,0.009520954817617513,0.010590915137189029,0.009464054160133257,0.009430560901805132,0.006618579117244384
2025-11-26,0.016945351824991548,0.015256302666188043,0.013514357059965412,0.01567033336333541,0.009520954817617513,0.01059090870010447,0.00955538054907909,0.00921969150640853,0.006429977760717898
2025-11-28,0.016945351824991548,0.015258716906369993,0.013605320176912577,0.01534265415345138,0.009520954817617513,0.010591508468082515,0.009619696387006401,0.009193350398325879,0.002669372352503541
2025-12-01,0.016945351824991548,0.01524953851570714,0.013278261028736974,0.014617459619588229,0.009520954817617513,0.010582480665416732,0.009388447900007825,0.008743695867633974,-0.006721955342650332
2025-12-02,0.016945351824991548,0.015254048491015122,0.01343151395980171,0.015133807405500608,0.009520954817617513,0.010597372343552468,0.009496806001698315,0.009063855646157687,0.00021547275649302922
2025-12-03,0.016945351824991548,0.015229750565695758,0.01302291477314112,0.014407510731600449,0.009520954817617513,0.01057684067697142,0.009207904302323197,0.008613517737092182,0.002928953843846094
2025-12-04,0.016945351824991548,0.015229238386127822,0.012736018792919811,0.013960243890252006,0.009520954817617513,0.010577672578530822,0.009005053344867238,0.008336191375337592,-0.0012316182969996923
2025-12-05,0.016945351824991548,0.015236896427669304,0.012367956866678286,0.013639012275955473,0.009520954817617513,0.010585424631815556,0.008744813678617524,0.008137012749430895,-0.0009181669737746146
2025-12-08,0.016945351824991548,0.01524318664948048,0.012002588020361664,0.013385500685346724,0.009520954817617513,0.01059173748324854,0.008486478165367274,0.007979823705695431,-0.0035331625057098857
2025-12-09,0.016945351824991548,0.015250059771845062,0.01180982090373025,0.013543621757108031,0.009520954817617513,0.0105975336959979,0.008350181399743223,0.008077866166022012,-4.1630858960739524e-05
2025-12-10,0.016945351824991548,0.01525094434359087,0.011450070757946209,0.013268827625425394,0.009520954817617513,0.01059838156804645,0.008095818611317532,0.007907480951367372,0.005709731876808389
2025-12-11,0.016945351824991548,0.01525230766281863,0.011568226991820845,0.013558278661096546,0.009520954817617513,0.010597629294274928,0.008179361452009728,0.008086954132045753,0.00262858716901031
2025-12-12,0.016945351824991548,0.015158621512048914,0.011315389639208862,0.01333026991185903,0.009520954817617513,0.010541622982434665,0.008000591784277167,0.00794557804281093,-0.007281385264977736
2025-12-15,0.016945351824991548,0.015165387283050497,0.011729092667233825,0.014451214559367064,0.009520954817617513,0.010558462880316227,0.008293102175229867,0.008640616154477034,0.0006172025723637731
2025-12-16,0.016945351824991548,0.015150865150629812,0.011377214686068981,0.013904544006047197,0.009520954817617513,0.010545711435698983,0.008044305432480466,0.008301654841866653,-0.0006216122047501216
2025-12-17,0.016945351824991548,0.015153236783249169,0.01103630477539373,0.013554569979928871,0.009520954817617513,0.01054794573251711,0.007803263708112787,0.008084654576254768,-0.004256443651035003
2025-12-18,0.016945351824991548,0.015170891117699935,0.010971552337057742,0.013801094982024942,0.009520954817617513,0.010566634516176938,0.007757480235984907,0.008237511608327003,0.0044611875256568515
2025-12-19,0.016945351824991548,0.015138529691134902,0.010936863236839489,0.013707872974303405,0.009520954817617513,0.010537459460333347,0.007732953168065968,0.008179709603244469,0.0029112406153646627
2025-12-22,0.016945351824991548,0.01513769778847633,0.010732666568185369,0.013459229661035337,0.009520954817617513,0.010538158375923383,0.007588575091684929,0.008025539119165322,0.0049141496865509945
2025-12-23,0.016945351824991548,0.015135109365272818,0.010775907894005102,0.013541464093508076,0.009520954817617513,0.010533663217743945,0.007619149045134649,0.008076528313669125,0.004182692448491954
2025-12-24,0.016945351824991548,0.015134918019920066,0.010716054209947833,0.013485741486245989,0.009520954817617513,0.010533713938638601,0.007576829256935045,0.008041977690839842,0.0035931616965192204
2025-12-26,0.016945351824991548,0.015129260219569863,0.01058943367335693,0.013371358240327098,0.009520954817617513,0.01053200981655335,0.007487301696941912,0.007971054728295313,0.0004174609184893543
2025-12-29,0.016945351824991548,0.015121525525242086,0.010269592407520145,0.01272635842303146,0.009520954817617513,0.010525028063684836,0.00726115664270006,0.0076591917379364525,-0.004747669824842527
2025-12-30,0.016945351824991548,0.015119484339613173,0.010317743081479907,0.013212438889568148,0.009520954817617513,0.010523378538978721,0.00729520177051033,0.00796284816992178,-0.0007627386727061646
